species,breed_size,age,location,food_cost,preventive_cost,grooming_cost,total_annual_cost,risk_tier
Dog,Extra Large,11,Semi-Urban,494673,12113,8352,592408,HIGH
Dog,Small,3,Urban,211172,9535,3337,257650,HIGH
Dog,Medium,6,Urban,301836,9657,4834,363776,HIGH
Cat,Medium,3,Urban,301557,9980,5277,364336,HIGH
Cat,Large,9,Urban,407106,13757,7045,492094,HIGH
Dog,Small,13,Semi-Urban,211758,10090,3020,258598,HIGH
Dog,Large,6,Urban,407384,10053,6811,487885,HIGH
Dog,Extra Large,8,Urban,499471,10451,8412,596084,HIGH
Cat,Large,5,Urban,408499,10335,6423,489045,HIGH
Dog,Small,9,Semi-Urban,210934,10865,4043,259718,HIGH
Dog,Large,5,Semi-Urban,409631,8192,6815,488333,HIGH
Dog,Medium,8,Urban,304121,8740,5418,366020,HIGH
Dog,Medium,3,Semi-Urban,304783,8270,6786,367814,HIGH
Dog,Small,13,Urban,211189,12952,4080,262454,HIGH
Dog,Large,5,Urban,411262,9585,6495,491443,HIGH
Cat,Large,9,Urban,407303,11814,6785,489787,HIGH
Dog,Large,10,Urban,409755,12795,7324,494355,HIGH
Dog,Medium,3,Urban,299169,7875,5272,359163,HIGH
Dog,Small,12,Urban,212063,12544,2554,261235,HIGH
Dog,Medium,12,Urban,304319,11464,5086,368999,HIGH
Dog,Small,1,Semi-Urban,212146,10332,4218,260700,HIGH
Dog,Medium,10,Semi-Urban,298939,11013,4525,361648,HIGH
Cat,Medium,6,Urban,304602,11113,4659,368430,HIGH
Cat,Medium,6,Urban,301945,9666,5528,364709,HIGH
Dog,Large,3,Urban,409163,8024,7140,487976,HIGH
Dog,Medium,10,Urban,303645,13835,5363,371269,HIGH
Dog,Medium,2,Semi-Urban,301917,8401,5026,362645,HIGH
Dog,Large,3,Semi-Urban,408668,8736,6786,487818,HIGH
Cat,Extra Large,4,Semi-Urban,497655,7428,9332,591577,HIGH
Dog,Medium,1,Urban,302739,11935,5087,367725,HIGH
Dog,Large,3,Urban,406571,10116,6215,486337,HIGH
Dog,Extra Large,13,Urban,495525,12887,8836,594835,HIGH
Dog,Large,1,Urban,406381,13781,6920,491144,HIGH
Dog,Extra Large,13,Urban,496794,13261,8653,596514,HIGH
Cat,Medium,5,Urban,299893,9522,5044,361627,HIGH
Dog,Medium,6,Urban,298294,9292,5176,359676,HIGH
Dog,Extra Large,2,Urban,495018,9053,8624,589599,HIGH
Dog,Medium,2,Semi-Urban,305350,8019,5535,366739,HIGH
Dog,Large,1,Urban,407195,12897,6119,490142,HIGH
Dog,Medium,10,Urban,305792,13549,4293,372179,HIGH
Dog,Small,6,Urban,209046,10340,3329,256122,HIGH
Cat,Medium,6,Urban,303345,11911,6021,369468,HIGH
Dog,Large,13,Semi-Urban,405691,8807,6471,484114,HIGH
Dog,Small,9,Urban,214709,11760,3428,264381,HIGH
Dog,Small,13,Urban,217274,13825,2840,269029,HIGH
Dog,Large,9,Urban,407338,13559,7199,492310,HIGH
Dog,Medium,5,Urban,304878,11058,5035,369116,HIGH
Dog,Medium,1,Urban,300860,13778,5872,368586,HIGH
Cat,Extra Large,12,Urban,497296,13529,9193,598020,HIGH
Dog,Medium,5,Urban,299316,10401,5630,362649,HIGH
Dog,Medium,12,Urban,300819,13166,5542,367456,HIGH
Dog,Large,9,Urban,407378,12165,7563,491171,HIGH
Cat,Small,9,Semi-Urban,211371,9951,3973,259089,HIGH
Cat,Medium,2,Urban,303012,10834,5214,366919,HIGH
Dog,Medium,7,Semi-Urban,300976,8209,5106,361434,HIGH
Cat,Medium,11,Urban,303654,12670,5592,370203,HIGH
Cat,Large,4,Urban,406670,11673,6396,488449,HIGH
Dog,Large,7,Semi-Urban,405878,9450,7102,485794,HIGH
Cat,Large,10,Urban,407440,13163,7179,491949,HIGH
Dog,Small,3,Urban,214774,10231,3506,262787,HIGH
Dog,Medium,12,Urban,302414,14180,5528,370440,HIGH
Dog,Medium,13,Urban,301472,14272,5335,369240,HIGH
Cat,Large,7,Semi-Urban,409292,8071,6177,487071,HIGH
Cat,Medium,6,Semi-Urban,300103,8036,5294,360447,HIGH
Dog,Small,5,Semi-Urban,213225,7381,3612,257850,HIGH
Dog,Large,1,Urban,409303,13697,6991,494489,HIGH
Dog,Medium,8,Urban,301175,9410,5331,363303,HIGH
Dog,Medium,12,Urban,299710,13273,6038,366874,HIGH
Dog,Large,12,Urban,408061,13519,7290,493200,HIGH
Dog,Large,11,Urban,408609,12941,6758,492554,HIGH
Cat,Extra Large,1,Urban,495837,14148,8529,596291,HIGH
Dog,Small,1,Urban,215494,13174,3357,266828,HIGH
Dog,Large,3,Urban,407406,10498,6366,487910,HIGH
Cat,Large,1,Urban,408022,11772,7538,491431,HIGH
Dog,Large,2,Urban,407271,10714,6618,488293,HIGH
Dog,Large,2,Semi-Urban,413385,8186,7301,493202,HIGH
Cat,Large,2,Urban,410079,9890,7000,491014,HIGH
Cat,Medium,7,Urban,297450,10774,5422,360692,HIGH
Dog,Large,1,Urban,409075,12973,5866,492101,HIGH
Dog,Medium,3,Urban,301613,11873,4549,365740,HIGH
Dog,Large,4,Urban,409801,9767,7927,491619,HIGH
Dog,Small,3,Semi-Urban,212391,6975,2949,255662,HIGH
Dog,Medium,5,Urban,300684,9041,6082,363178,HIGH
Dog,Large,9,Urban,408377,12019,6920,491413,HIGH
Dog,Small,4,Semi-Urban,211556,8463,3326,256846,HIGH
Dog,Large,7,Urban,405850,9797,6963,486001,HIGH
Dog,Small,3,Semi-Urban,219187,8895,3536,266360,HIGH
Dog,Medium,9,Semi-Urban,299881,10607,4454,362183,HIGH
Cat,Small,12,Urban,212330,11311,4271,262098,HIGH
Dog,Medium,6,Urban,299176,9647,5891,361921,HIGH
Dog,Medium,6,Semi-Urban,298961,8476,4060,358221,HIGH
Cat,Small,5,Urban,212986,9479,3356,259694,HIGH
Dog,Medium,8,Semi-Urban,301889,7335,5235,361627,HIGH
Dog,Medium,12,Semi-Urban,301691,11836,5062,366377,HIGH
Cat,Large,11,Urban,410173,12390,6617,493557,HIGH
Dog,Medium,1,Urban,299788,13789,5482,366917,HIGH
Dog,Medium,4,Urban,298333,10993,6133,362777,HIGH
Dog,Medium,8,Semi-Urban,297902,8668,4535,357770,HIGH
Cat,Medium,8,Urban,301365,10127,5325,364339,HIGH
Dog,Extra Large,11,Semi-Urban,498357,10790,9190,596087,HIGH
Cat,Small,9,Semi-Urban,214062,10780,3313,262378,HIGH
Dog,Extra Large,9,Semi-Urban,495708,11360,8195,592552,HIGH
Dog,Medium,3,Urban,297139,11208,4169,359393,HIGH
Dog,Medium,5,Semi-Urban,303786,7292,5243,363769,HIGH
Cat,Large,8,Urban,411718,9974,7314,493356,HIGH
Cat,Small,4,Urban,215049,10383,3766,263577,HIGH
Dog,Large,4,Urban,408417,12004,6390,490832,HIGH
Dog,Large,11,Urban,414259,13330,7838,500741,HIGH
Dog,Medium,11,Semi-Urban,299436,9855,4260,360583,HIGH
Dog,Extra Large,8,Urban,495859,9837,8423,591236,HIGH
Cat,Extra Large,4,Semi-Urban,499479,8537,8085,593516,HIGH
Dog,Small,9,Semi-Urban,212662,9608,3537,259678,HIGH
Cat,Large,6,Semi-Urban,405837,7120,7168,483143,HIGH
Dog,Large,10,Semi-Urban,405589,11081,5739,485770,HIGH
Cat,Medium,2,Urban,302114,10620,5335,365779,HIGH
Dog,Small,1,Urban,209970,14479,4163,262903,HIGH
Dog,Large,7,Semi-Urban,412860,6696,6954,490486,HIGH
Dog,Medium,13,Urban,304051,14079,4935,371524,HIGH
Dog,Medium,1,Urban,306932,12114,5794,373566,HIGH
Dog,Medium,6,Semi-Urban,296473,7761,4742,355322,HIGH
Dog,Large,10,Urban,406085,14401,7367,492030,HIGH
Dog,Medium,8,Urban,304335,12057,5174,369800,HIGH
Dog,Medium,3,Urban,301090,9816,5506,363873,HIGH
Cat,Large,4,Semi-Urban,406426,7779,6371,483662,HIGH
Dog,Small,10,Urban,213682,11999,4062,264204,HIGH
Cat,Medium,10,Semi-Urban,301422,10136,5051,364100,HIGH
Cat,Medium,9,Urban,302214,12922,4827,367957,HIGH
Cat,Medium,7,Semi-Urban,302590,7709,5071,362675,HIGH
Dog,Medium,13,Urban,303026,12039,4577,367588,HIGH
Cat,Large,5,Urban,407862,8696,7175,487292,HIGH
Dog,Large,10,Semi-Urban,406509,9672,6446,486021,HIGH
Dog,Medium,10,Semi-Urban,303481,8927,4460,364398,HIGH
Dog,Small,12,Semi-Urban,212579,11366,3715,261809,HIGH
Dog,Extra Large,7,Urban,497934,10076,8489,593973,HIGH
Dog,Small,4,Urban,213501,10186,3359,261102,HIGH
Dog,Medium,1,Urban,306389,12498,6006,373626,HIGH
Dog,Large,5,Urban,407691,9472,7231,488053,HIGH
Dog,Small,8,Semi-Urban,215050,9027,3944,262224,HIGH
Dog,Large,8,Urban,405253,9953,7309,485892,HIGH
Dog,Large,9,Urban,408574,12843,6418,492010,HIGH
Cat,Large,4,Semi-Urban,410183,7587,6948,488425,HIGH
Dog,Small,2,Semi-Urban,212105,5976,4249,255679,HIGH
Dog,Medium,8,Urban,300491,10834,5533,364386,HIGH
Dog,Medium,7,Urban,302358,9649,4506,363989,HIGH
Cat,Small,4,Urban,218225,9479,3261,265609,HIGH
Dog,Medium,4,Semi-Urban,298749,7663,4959,358076,HIGH
Dog,Medium,4,Semi-Urban,298609,8509,4977,358909,HIGH
Dog,Extra Large,5,Semi-Urban,495303,7867,7987,587830,HIGH
Cat,Extra Large,11,Semi-Urban,496771,9872,8161,592024,HIGH
Cat,Small,11,Urban,214224,12501,3322,264554,HIGH
Cat,Medium,5,Urban,301985,8800,5415,363630,HIGH
Dog,Medium,2,Urban,306699,10274,4911,370166,HIGH
Dog,Medium,9,Urban,300111,13131,4918,365884,HIGH
Dog,Large,9,Semi-Urban,409474,10344,6806,490617,HIGH
Cat,Large,2,Urban,405548,9415,6883,485122,HIGH
Dog,Medium,13,Semi-Urban,305381,10434,5615,369644,HIGH
Cat,Medium,8,Urban,298513,10370,5220,361218,HIGH
Dog,Large,11,Urban,408918,12064,6528,491636,HIGH
Cat,Small,11,Semi-Urban,212695,10517,4203,261527,HIGH
Dog,Large,13,Urban,406673,13152,6923,490760,HIGH
Dog,Medium,12,Urban,301349,13151,5693,368221,HIGH
Dog,Small,5,Urban,212557,10140,3804,260476,HIGH
Dog,Medium,1,Semi-Urban,301324,11877,4806,365708,HIGH
Dog,Medium,12,Urban,305613,14252,5067,373671,HIGH
Dog,Medium,2,Semi-Urban,298896,6240,5320,357024,HIGH
Dog,Medium,2,Semi-Urban,300788,7612,4922,360320,HIGH
Cat,Extra Large,8,Urban,496840,10506,7786,592401,HIGH
Dog,Extra Large,1,Urban,500389,13753,8830,601417,HIGH
Dog,Large,8,Urban,408142,10893,7071,490021,HIGH
Cat,Large,4,Urban,409220,9480,7368,489978,HIGH
Cat,Extra Large,4,Semi-Urban,495008,7960,8587,588288,HIGH
Dog,Medium,9,Urban,300277,11938,5677,365575,HIGH
Dog,Medium,13,Urban,305717,12691,5264,372222,HIGH
Dog,Large,9,Semi-Urban,408162,9626,6876,488363,HIGH
Dog,Extra Large,6,Urban,498119,11425,7961,595130,HIGH
Dog,Small,4,Urban,213105,10505,3110,260728,HIGH
Cat,Small,12,Urban,215828,13739,3629,268175,HIGH
Dog,Large,2,Urban,407013,10414,7553,488727,HIGH
Dog,Large,4,Urban,408105,11198,7742,491101,HIGH
Dog,Large,9,Semi-Urban,407386,9574,6635,487134,HIGH
Cat,Large,3,Urban,409319,8402,6478,487828,HIGH
Dog,Medium,6,Urban,301765,9794,4265,363197,HIGH
Cat,Large,13,Semi-Urban,411075,11005,6914,493343,HIGH
Dog,Medium,9,Urban,304952,12915,5990,372435,HIGH
Cat,Extra Large,6,Urban,494515,8760,9023,589142,HIGH
Dog,Large,4,Semi-Urban,408053,7559,6564,485502,HIGH
Cat,Small,5,Urban,211242,9888,4405,259365,HIGH
Dog,Large,7,Urban,405015,10299,6856,485495,HIGH
Dog,Large,1,Semi-Urban,405195,10182,5852,484413,HIGH
Cat,Medium,4,Urban,302300,8962,4343,362945,HIGH
Dog,Medium,12,Urban,302556,13344,5615,369742,HIGH
Dog,Small,2,Semi-Urban,213507,7742,3374,258316,HIGH
Dog,Large,3,Urban,407927,10358,6605,488623,HIGH
Dog,Extra Large,8,Urban,497088,10054,8600,593103,HIGH
Dog,Medium,7,Urban,304008,9168,5406,366369,HIGH
Cat,Small,8,Urban,210922,10644,2990,258239,HIGH
Cat,Medium,2,Urban,302159,10133,4898,364768,HIGH
Cat,Extra Large,1,Urban,497627,12128,9215,596815,HIGH
Dog,Small,12,Urban,209802,13744,3432,261024,HIGH
Dog,Small,2,Urban,213442,10951,2986,261485,HIGH
Cat,Large,9,Urban,407667,13758,7389,493136,HIGH
Dog,Large,10,Urban,405637,12291,7676,489444,HIGH
Dog,Medium,1,Urban,301875,12814,5325,368016,HIGH
Cat,Medium,5,Semi-Urban,299694,6000,6245,358729,HIGH
Dog,Medium,12,Urban,298530,13136,3891,362890,HIGH
Dog,Large,12,Semi-Urban,407240,10197,7096,488212,HIGH
Cat,Small,5,Urban,212096,9658,3830,259421,HIGH
Dog,Extra Large,12,Urban,501763,13734,7614,601577,HIGH
Dog,Medium,4,Semi-Urban,299674,8050,5264,359936,HIGH
Dog,Medium,1,Urban,302581,14117,5062,370024,HIGH
Dog,Small,10,Urban,218121,13330,3889,270641,HIGH
Dog,Medium,10,Semi-Urban,304113,9404,4753,366010,HIGH
Cat,Medium,3,Semi-Urban,303849,8455,4816,364688,HIGH
Dog,Small,1,Semi-Urban,213894,10116,3826,262011,HIGH
Dog,Small,3,Urban,209955,10214,4329,258172,HIGH
Dog,Extra Large,3,Urban,493698,9505,9348,589433,HIGH
Dog,Large,11,Semi-Urban,409445,11702,6710,492035,HIGH
Dog,Large,3,Urban,407899,8850,6288,486492,HIGH
Dog,Medium,12,Urban,300548,13561,5615,367682,HIGH
Dog,Medium,13,Urban,302009,11800,4435,365980,HIGH
Cat,Medium,4,Urban,302908,10060,5369,366087,HIGH
Dog,Medium,9,Semi-Urban,299950,10383,5291,362967,HIGH
Dog,Small,3,Urban,215455,10113,4759,264876,HIGH
Dog,Large,1,Urban,409093,12009,6912,492216,HIGH
Dog,Small,7,Urban,211621,9808,3643,258832,HIGH
Dog,Medium,7,Semi-Urban,303208,8292,5801,364896,HIGH
Dog,Medium,12,Semi-Urban,301955,10320,5559,365509,HIGH
Cat,Large,7,Urban,407726,9860,6522,487724,HIGH
Dog,Large,2,Semi-Urban,409731,8096,6538,488019,HIGH
Dog,Large,1,Urban,413565,12479,7164,498189,HIGH
Dog,Medium,9,Urban,301671,12158,4309,365858,HIGH
Dog,Large,12,Urban,408379,10689,7046,490031,HIGH
Dog,Large,13,Urban,404994,14005,7471,490440,HIGH
Dog,Medium,11,Semi-Urban,297761,9203,5541,359380,HIGH
Dog,Small,5,Urban,211802,9758,3405,258709,HIGH
Dog,Extra Large,1,Urban,497410,12525,8146,595793,HIGH
Dog,Large,2,Urban,408050,10791,6646,489310,HIGH
Dog,Large,5,Urban,405965,9813,6376,485477,HIGH
Cat,Medium,7,Urban,298834,10146,5092,361182,HIGH
Dog,Medium,5,Semi-Urban,302950,7978,4633,362895,HIGH
Dog,Medium,12,Urban,302677,13964,4946,369825,HIGH
Cat,Small,1,Urban,215082,12841,3410,266032,HIGH
Cat,Medium,8,Urban,304613,10971,5238,368945,HIGH
Dog,Small,8,Semi-Urban,214628,7516,3562,259561,HIGH
Dog,Large,1,Urban,405612,12222,7500,489134,HIGH
Dog,Small,11,Urban,211716,14004,3694,263826,HIGH
Dog,Medium,12,Semi-Urban,300425,10967,4994,363843,HIGH
Cat,Medium,2,Urban,301557,9941,4566,363473,HIGH
Dog,Medium,12,Urban,300134,13161,5530,366648,HIGH
Dog,Small,4,Urban,208770,9822,3461,255360,HIGH
Cat,Large,3,Urban,409799,9711,7051,490545,HIGH
Dog,Medium,8,Semi-Urban,298473,6965,5217,357253,HIGH
Dog,Medium,6,Semi-Urban,301603,7931,5506,362296,HIGH
Dog,Medium,8,Urban,302948,11182,4852,366829,HIGH
Dog,Large,6,Urban,409813,10304,7544,491810,HIGH
Dog,Medium,8,Urban,303138,9832,4674,365290,HIGH
Cat,Medium,10,Semi-Urban,302658,11349,4606,366404,HIGH
Dog,Medium,10,Semi-Urban,304765,9240,4546,366333,HIGH
Dog,Medium,8,Urban,301217,9246,5705,363593,HIGH
Dog,Small,6,Urban,214267,8779,4231,261368,HIGH
Cat,Small,7,Semi-Urban,216614,8064,3490,262393,HIGH
Dog,Small,8,Urban,212396,9500,4013,259795,HIGH
Cat,Medium,3,Urban,304024,9480,5573,366938,HIGH
Dog,Medium,4,Urban,303156,9297,5491,365635,HIGH
Dog,Small,12,Semi-Urban,210981,11883,4210,261135,HIGH
Dog,Medium,12,Urban,302956,14507,5871,371834,HIGH
Dog,Medium,2,Urban,303228,11340,5939,368583,HIGH
Cat,Large,3,Urban,409776,10826,6802,491514,HIGH
Cat,Small,1,Urban,213342,13265,3356,264457,HIGH
Cat,Extra Large,8,Semi-Urban,497353,7518,8634,590530,HIGH
Dog,Small,4,Urban,212829,9837,3161,259701,HIGH
Cat,Medium,6,Urban,300138,9615,5457,362491,HIGH
Dog,Large,11,Urban,403458,13707,7268,488097,HIGH
Dog,Large,4,Urban,407744,9793,7363,488635,HIGH
Cat,Large,9,Urban,406631,13488,6265,490341,HIGH
Cat,Extra Large,13,Urban,494922,12658,8129,593065,HIGH
Dog,Large,7,Urban,410331,8172,7019,489350,HIGH
Dog,Medium,2,Urban,304650,10349,5551,368632,HIGH
Dog,Medium,13,Semi-Urban,303681,9848,4948,366248,HIGH
Cat,Large,1,Urban,406677,12432,6644,489615,HIGH
Dog,Large,6,Urban,409022,9330,6651,488753,HIGH
Cat,Medium,12,Semi-Urban,300415,11106,5061,364069,HIGH
Dog,Medium,6,Urban,297384,9170,5036,358328,HIGH
Dog,Small,8,Urban,211275,10290,4284,259726,HIGH
Dog,Large,8,Urban,412346,8535,7090,492166,HIGH
Dog,Large,11,Semi-Urban,406069,10132,6698,486333,HIGH
Dog,Large,12,Semi-Urban,410314,9897,7070,491373,HIGH
Dog,Extra Large,13,Semi-Urban,495984,11318,9116,593880,HIGH
Dog,Large,11,Urban,408372,12786,7796,493297,HIGH
Cat,Small,5,Semi-Urban,213477,6993,3095,257099,HIGH
Cat,Small,12,Urban,215664,12905,2539,265774,HIGH
Dog,Large,12,Urban,407091,12634,6749,490445,HIGH
Dog,Large,3,Urban,406981,8376,7281,486033,HIGH
Dog,Medium,5,Semi-Urban,304306,7618,5433,364960,HIGH
Dog,Large,2,Urban,407377,10160,7041,488264,HIGH
Dog,Large,7,Urban,407789,10694,6710,488971,HIGH
Dog,Medium,5,Urban,303849,8946,5461,365994,HIGH
Dog,Medium,1,Semi-Urban,303127,9151,4385,364162,HIGH
Dog,Medium,3,Urban,301596,11129,5075,365470,HIGH
Dog,Extra Large,6,Semi-Urban,496463,8410,8270,590114,HIGH
Cat,Large,4,Semi-Urban,410313,9645,7184,491213,HIGH
Dog,Medium,8,Semi-Urban,306261,7271,5145,366478,HIGH
Dog,Small,8,Urban,214520,9291,3272,261145,HIGH
Cat,Large,13,Urban,408604,12916,6815,492585,HIGH
Cat,Small,3,Urban,213736,11114,2987,262012,HIGH
Dog,Medium,5,Urban,303364,10212,5420,366845,HIGH
Cat,Large,1,Urban,407271,13192,6862,491423,HIGH
Dog,Medium,4,Urban,303543,11289,5757,368677,HIGH
Dog,Large,4,Urban,407581,9597,6452,487174,HIGH
Dog,Extra Large,8,Urban,495207,9915,8307,590443,HIGH
Dog,Medium,10,Semi-Urban,301421,9125,4392,362178,HIGH
Dog,Medium,13,Urban,296605,13770,6281,364154,HIGH
Cat,Small,8,Urban,212411,9398,3759,259403,HIGH
Dog,Medium,9,Urban,304473,13170,4724,370722,HIGH
Dog,Medium,7,Urban,301664,9527,5840,364585,HIGH
Cat,Large,13,Urban,406888,13736,6628,491339,HIGH
Cat,Large,8,Semi-Urban,407553,8460,7438,486968,HIGH
Dog,Small,12,Urban,214214,12835,4028,265738,HIGH
Dog,Large,2,Urban,406126,11128,6850,487719,HIGH
Dog,Extra Large,9,Urban,497107,13361,7862,596079,HIGH
Dog,Medium,3,Urban,298398,9483,6439,361468,HIGH
Dog,Small,1,Urban,212058,14068,3529,264103,HIGH
Dog,Medium,11,Urban,299404,13735,5600,366549,HIGH
Dog,Large,3,Urban,406965,11196,7128,489082,HIGH
Dog,Large,10,Urban,408150,12723,7598,492741,HIGH
Dog,Large,5,Semi-Urban,414481,7228,6684,492651,HIGH
Dog,Large,12,Urban,410854,12601,6467,494410,HIGH
Cat,Medium,4,Urban,302208,9249,5170,364121,HIGH
Dog,Extra Large,8,Semi-Urban,494840,8078,8342,587949,HIGH
Cat,Medium,3,Urban,301477,9792,5899,364743,HIGH
Dog,Extra Large,13,Urban,496119,11170,8462,593113,HIGH
Dog,Small,11,Semi-Urban,213001,9168,2856,258778,HIGH
Dog,Medium,5,Urban,299256,10098,5428,361999,HIGH
Dog,Large,13,Urban,407325,12865,6663,490880,HIGH
Dog,Extra Large,7,Urban,497656,9053,8139,592075,HIGH
Cat,Large,2,Urban,409436,11568,7463,492737,HIGH
Dog,Medium,12,Semi-Urban,302839,10617,5228,366486,HIGH
Dog,Medium,12,Urban,299753,13261,5914,366767,HIGH
Dog,Large,9,Semi-Urban,409061,10376,7463,490935,HIGH
Dog,Medium,6,Urban,301689,8548,6068,363750,HIGH
Dog,Extra Large,3,Urban,499457,9730,8607,595463,HIGH
Cat,Medium,9,Urban,304776,12181,4702,369907,HIGH
Dog,Medium,5,Urban,303104,10155,5090,366101,HIGH
Dog,Large,6,Urban,407530,11140,7554,490157,HIGH
Cat,Medium,3,Urban,300720,10685,5357,364276,HIGH
Dog,Large,5,Semi-Urban,409738,8144,6972,488582,HIGH
Dog,Small,7,Urban,212703,9404,3262,259174,HIGH
Dog,Small,12,Urban,212740,12427,3768,263275,HIGH
Cat,Medium,6,Urban,301469,9432,4600,362826,HIGH
Dog,Large,8,Urban,406780,9777,7216,487338,HIGH
Dog,Medium,9,Urban,304754,12617,5399,371185,HIGH
Cat,Medium,4,Urban,300093,10167,4854,362381,HIGH
Dog,Large,4,Urban,409354,8609,6552,488192,HIGH
Dog,Large,8,Urban,411421,9499,6907,492001,HIGH
Dog,Large,7,Urban,404160,9656,6992,483929,HIGH
Cat,Medium,2,Semi-Urban,299686,8680,5031,360406,HIGH
Dog,Extra Large,5,Urban,497226,9556,7978,591974,HIGH
Dog,Large,5,Semi-Urban,409128,7155,7429,487268,HIGH
Dog,Large,12,Semi-Urban,408300,9623,7391,489111,HIGH
Dog,Small,3,Urban,212412,10988,3439,260864,HIGH
Cat,Medium,9,Semi-Urban,303467,11445,5424,368386,HIGH
Dog,Medium,8,Urban,303303,9304,5662,366009,HIGH
Dog,Medium,8,Urban,300175,10123,5156,362772,HIGH
Cat,Large,5,Urban,407685,8779,6333,486216,HIGH
Dog,Small,10,Urban,211311,13956,3472,263049,HIGH
Dog,Large,10,Urban,409194,12055,7457,493011,HIGH
Cat,Large,8,Urban,408770,10878,6804,490419,HIGH
Dog,Small,7,Urban,211646,10784,3228,259506,HIGH
Dog,Medium,12,Urban,303769,11918,5435,369290,HIGH
Dog,Medium,4,Semi-Urban,303146,8249,5174,364054,HIGH
Dog,Medium,12,Urban,301833,13184,4469,367408,HIGH
Dog,Small,10,Semi-Urban,211797,9490,3130,258079,HIGH
Cat,Medium,4,Urban,299452,10678,5419,362881,HIGH
Dog,Medium,9,Urban,301318,13359,5199,367857,HIGH
Dog,Medium,8,Urban,301867,10467,5101,365050,HIGH
Dog,Small,6,Semi-Urban,209777,8225,4384,255743,HIGH
Dog,Medium,3,Urban,298944,9786,4885,360657,HIGH
Cat,Small,3,Urban,214206,10437,3543,262413,HIGH
Dog,Medium,5,Urban,300358,10125,5181,363013,HIGH
Dog,Large,11,Urban,408389,12330,7691,492671,HIGH
Cat,Extra Large,8,Urban,500678,9847,8759,597176,HIGH
Dog,Small,8,Semi-Urban,210443,8244,4127,256236,HIGH
Cat,Large,12,Semi-Urban,409564,9384,6552,489325,HIGH
Cat,Large,11,Urban,406138,12554,6171,488592,HIGH
Cat,Small,4,Urban,214518,9855,3275,261795,HIGH
Dog,Large,3,Urban,410949,8636,6688,490213,HIGH
Dog,Extra Large,13,Urban,499826,12004,8044,597855,HIGH
Cat,Small,10,Semi-Urban,211834,9756,3973,259397,HIGH
Cat,Small,8,Urban,213241,10467,4588,262540,HIGH
Dog,Large,3,Urban,405178,10703,6823,486109,HIGH
Cat,Medium,4,Semi-Urban,302017,8786,4771,362910,HIGH
Dog,Medium,12,Urban,300206,11875,4634,364222,HIGH
Cat,Medium,8,Semi-Urban,300486,8970,5131,361775,HIGH
Dog,Small,4,Urban,215650,10552,2320,262800,HIGH
Dog,Extra Large,7,Urban,497013,9823,8103,592179,HIGH
Dog,Large,9,Semi-Urban,406375,9019,6561,485248,HIGH
Dog,Large,11,Urban,407589,12340,7252,491258,HIGH
Dog,Small,11,Urban,211527,13106,2725,261461,HIGH
Dog,Large,6,Urban,405130,10634,7385,486621,HIGH
Dog,Medium,9,Urban,303398,12961,5324,369935,HIGH
Dog,Small,7,Urban,213489,10398,3932,261991,HIGH
Dog,Large,13,Urban,409150,13513,6343,493356,HIGH
Dog,Small,1,Semi-Urban,214297,10470,2404,261246,HIGH
Dog,Large,4,Urban,408157,9951,7127,489020,HIGH
Dog,Large,3,Semi-Urban,412886,9542,6010,492703,HIGH
Dog,Small,3,Semi-Urban,211719,8336,3448,257028,HIGH
Cat,Large,12,Urban,409060,13647,6575,493674,HIGH
Dog,Medium,7,Semi-Urban,303336,8055,4780,363596,HIGH
Dog,Medium,11,Urban,301567,13562,5232,368415,HIGH
Dog,Medium,2,Urban,303688,9106,5717,366287,HIGH
Dog,Medium,4,Semi-Urban,303194,8684,5231,364675,HIGH
Cat,Large,4,Urban,407586,9594,6065,486731,HIGH
Cat,Small,13,Semi-Urban,213255,9648,3621,260502,HIGH
Dog,Medium,1,Urban,302549,11802,4774,366993,HIGH
Dog,Medium,2,Urban,302206,10055,4739,364550,HIGH
Dog,Extra Large,11,Urban,497423,12679,9335,597352,HIGH
Dog,Medium,5,Urban,304172,10810,4312,367188,HIGH
Dog,Medium,13,Urban,303644,12892,4596,369301,HIGH
Dog,Medium,3,Semi-Urban,302573,6938,5623,362404,HIGH
Dog,Small,4,Semi-Urban,215368,8561,3633,261696,HIGH
Dog,Large,10,Semi-Urban,409599,9505,7749,490880,HIGH
Dog,Large,5,Semi-Urban,408279,6715,6680,484925,HIGH
Dog,Large,10,Semi-Urban,408834,9180,7509,489351,HIGH
Dog,Large,5,Semi-Urban,410379,7372,6554,487950,HIGH
Dog,Medium,8,Urban,298977,9702,5897,361762,HIGH
Dog,Medium,2,Semi-Urban,305060,6879,5203,364713,HIGH
Dog,Large,8,Semi-Urban,410262,7397,6211,487450,HIGH
Cat,Medium,12,Urban,301113,13243,5460,367788,HIGH
Cat,Medium,13,Semi-Urban,303901,10748,6730,369585,HIGH
Dog,Large,2,Semi-Urban,408201,7616,6013,485104,HIGH
Dog,Medium,7,Urban,303378,9986,5226,366378,HIGH
Dog,Large,1,Semi-Urban,407554,10433,6398,488042,HIGH
Cat,Extra Large,2,Semi-Urban,498210,8774,8234,592500,HIGH
Dog,Medium,8,Urban,300567,10685,4666,363305,HIGH
Dog,Large,13,Urban,406016,11909,7253,488954,HIGH
Cat,Small,9,Urban,213047,12620,4116,264250,HIGH
Dog,Large,7,Semi-Urban,409147,8485,7928,489394,HIGH
Dog,Large,13,Semi-Urban,406045,10222,5695,485256,HIGH
Dog,Large,5,Semi-Urban,408531,9395,6759,488387,HIGH
Dog,Small,4,Urban,213879,9464,3089,260396,HIGH
Dog,Medium,3,Urban,302689,11244,5080,366864,HIGH
Cat,Large,3,Urban,408751,9305,7167,489006,HIGH
Dog,Medium,6,Urban,301707,11545,5049,366046,HIGH
Cat,Medium,13,Urban,303241,12894,5188,369521,HIGH
Dog,Medium,1,Urban,302629,13691,5568,370171,HIGH
Dog,Large,9,Semi-Urban,407860,11240,7310,490371,HIGH
Dog,Large,9,Urban,410500,12499,6240,493624,HIGH
Cat,Large,3,Urban,407901,11406,6363,489520,HIGH
Dog,Medium,2,Urban,301240,10752,5348,364941,HIGH
Dog,Large,13,Urban,408395,13234,6903,492811,HIGH
Dog,Extra Large,10,Urban,495798,12048,8087,593322,HIGH
Dog,Medium,4,Urban,301423,10465,4998,364418,HIGH
Dog,Large,1,Urban,406780,13199,6069,489955,HIGH
Dog,Medium,7,Urban,305431,10534,4640,368695,HIGH
Dog,Large,12,Urban,407330,12448,6269,489954,HIGH
Cat,Large,5,Urban,412286,9926,6291,492778,HIGH
Dog,Medium,8,Urban,302571,9017,5571,364732,HIGH
Dog,Medium,2,Urban,303513,10408,5615,367466,HIGH
Cat,Medium,6,Urban,304431,10581,5179,368219,HIGH
Cat,Medium,13,Urban,298729,13491,5364,365221,HIGH
Dog,Extra Large,8,Urban,495170,11147,8169,591658,HIGH
Dog,Small,5,Semi-Urban,212897,8356,4155,259219,HIGH
Cat,Large,9,Semi-Urban,407648,10985,7067,489555,HIGH
Dog,Medium,6,Urban,302424,10605,5406,366200,HIGH
Cat,Extra Large,3,Urban,494916,9072,8252,589076,HIGH
Dog,Small,5,Urban,215228,11067,3914,264740,HIGH
Dog,Large,11,Urban,408050,13527,6073,491797,HIGH
Dog,Large,3,Urban,405357,9345,7666,485723,HIGH
Dog,Medium,8,Urban,304572,8794,4843,365940,HIGH
Dog,Medium,6,Semi-Urban,306232,8553,5898,368785,HIGH
Dog,Medium,2,Urban,302196,10521,5178,365579,HIGH
Cat,Small,6,Urban,212057,10984,4442,261605,HIGH
Dog,Large,6,Urban,409581,9946,6984,490487,HIGH
Dog,Small,12,Urban,212228,13471,3733,263846,HIGH
Dog,Extra Large,13,Urban,493760,13431,8475,593015,HIGH
Dog,Medium,6,Semi-Urban,303322,8165,5469,364499,HIGH
Dog,Large,11,Urban,409566,12356,7347,493659,HIGH
Cat,Small,10,Urban,211766,14300,4303,264924,HIGH
Cat,Large,4,Urban,404276,8998,7264,483618,HIGH
Dog,Medium,2,Urban,302422,9472,4747,364137,HIGH
Dog,Medium,10,Urban,304256,10970,4894,368138,HIGH
Dog,Medium,8,Urban,300824,9384,4451,361857,HIGH
Dog,Small,5,Urban,213428,10229,3355,261063,HIGH
Cat,Large,5,Urban,407750,9435,7404,488277,HIGH
Dog,Small,12,Urban,212868,12333,4057,263646,HIGH
Dog,Medium,9,Urban,300693,13503,4080,366017,HIGH
Cat,Large,10,Urban,410754,13109,6307,494695,HIGH
Dog,Large,12,Urban,407308,12660,7417,491492,HIGH
Cat,Medium,7,Urban,302659,7898,5121,363029,HIGH
Dog,Medium,6,Urban,304481,8322,5531,366084,HIGH
Dog,Small,6,Semi-Urban,213494,7824,2313,257175,HIGH
Cat,Large,6,Semi-Urban,407798,7116,7010,485212,HIGH
Dog,Large,3,Semi-Urban,410783,7298,5973,487662,HIGH
Cat,Small,5,Semi-Urban,214700,7329,3156,258962,HIGH
Dog,Large,2,Urban,405668,9513,7092,485613,HIGH
Dog,Medium,8,Semi-Urban,298461,7475,4733,357269,HIGH
Cat,Medium,1,Semi-Urban,303521,11615,5139,368316,HIGH
Dog,Extra Large,2,Urban,500293,9691,8591,596361,HIGH
Dog,Medium,7,Urban,303194,9098,5867,365882,HIGH
Dog,Large,1,Semi-Urban,407951,10919,7278,490070,HIGH
Dog,Medium,12,Semi-Urban,302290,9685,4692,364167,HIGH
Dog,Large,3,Semi-Urban,407214,8260,6676,485472,HIGH
Dog,Large,5,Semi-Urban,407909,8506,7460,487456,HIGH
Dog,Small,1,Urban,211392,12844,3567,261973,HIGH
Cat,Large,3,Urban,411706,10862,6595,493537,HIGH
Dog,Medium,4,Semi-Urban,299958,7229,4609,358565,HIGH
Cat,Small,1,Semi-Urban,210853,9376,3545,257340,HIGH
Dog,Medium,8,Urban,300193,8889,4991,361183,HIGH
Dog,Medium,8,Urban,301962,7607,5006,361761,HIGH
Dog,Large,8,Urban,405046,9240,7773,485367,HIGH
Dog,Large,4,Semi-Urban,406220,7149,6827,483225,HIGH
Dog,Extra Large,5,Urban,495175,10183,9256,591806,HIGH
Dog,Medium,10,Urban,303343,14097,4197,369882,HIGH
Dog,Small,12,Semi-Urban,215777,10834,3699,264856,HIGH
Cat,Medium,7,Urban,304577,8360,5507,366210,HIGH
Dog,Small,5,Urban,211598,10119,3260,258723,HIGH
Dog,Small,11,Urban,209541,13465,3567,260558,HIGH
Dog,Small,4,Urban,213931,8796,3662,260347,HIGH
Cat,Medium,9,Urban,303957,12623,5053,369877,HIGH
Dog,Medium,1,Urban,304443,11784,3683,367896,HIGH
Cat,Medium,8,Semi-Urban,300969,8923,4165,361165,HIGH
Cat,Small,6,Urban,212252,11469,2884,260595,HIGH
Cat,Medium,6,Urban,302113,10042,5961,365833,HIGH
Dog,Medium,7,Urban,302790,10825,5772,367295,HIGH
Dog,Large,10,Semi-Urban,409158,11357,6214,490738,HIGH
Dog,Medium,13,Urban,300373,11590,5249,364793,HIGH
Dog,Medium,8,Urban,299392,9766,5176,361484,HIGH
Dog,Medium,11,Urban,303828,13715,4851,370753,HIGH
Dog,Medium,7,Urban,299253,11362,5201,363188,HIGH
Dog,Medium,12,Urban,305055,13241,5476,372337,HIGH
Dog,Extra Large,13,Urban,498533,12829,8727,598102,HIGH
Dog,Medium,5,Semi-Urban,300845,8270,4974,361202,HIGH
Dog,Large,11,Semi-Urban,408118,10735,6468,489119,HIGH
Dog,Large,6,Urban,410866,11190,6165,492454,HIGH
Dog,Large,9,Urban,410871,13870,7121,496641,HIGH
Dog,Medium,7,Urban,299488,9737,4930,361278,HIGH
Dog,Large,10,Urban,406626,12820,6333,489645,HIGH
Dog,Small,5,Semi-Urban,213718,7137,3152,257608,HIGH
Dog,Medium,9,Urban,297973,14054,5136,364737,HIGH
Dog,Large,10,Urban,407484,13275,6862,491764,HIGH
Dog,Medium,11,Urban,300672,13305,4399,366132,HIGH
Dog,Medium,11,Semi-Urban,301913,9833,4743,363962,HIGH
Cat,Extra Large,4,Urban,498753,9704,6946,592713,HIGH
Dog,Medium,4,Urban,301042,11062,5256,364964,HIGH
Cat,Small,4,Semi-Urban,210940,6610,3560,254276,HIGH
Cat,Medium,3,Urban,301613,10420,4531,364048,HIGH
Dog,Large,4,Urban,410031,10272,6680,491030,HIGH
Dog,Small,5,Urban,213739,9375,4265,261485,HIGH
Dog,Medium,2,Urban,302283,7637,5720,362986,HIGH
Dog,Large,5,Semi-Urban,406901,6652,5867,482333,HIGH
Dog,Large,7,Semi-Urban,410163,8434,7634,490165,HIGH
Dog,Large,1,Semi-Urban,408897,10930,6537,490318,HIGH
Dog,Large,12,Urban,407266,12782,6396,490410,HIGH
Dog,Medium,10,Urban,301104,14096,5447,368744,HIGH
Dog,Small,13,Urban,211336,13999,3989,263722,HIGH
Dog,Medium,9,Urban,301714,13346,5294,368407,HIGH
Dog,Large,3,Urban,407215,9303,7009,487056,HIGH
Dog,Large,12,Urban,408461,12954,6801,492448,HIGH
Dog,Large,8,Urban,407961,10617,7120,489552,HIGH
Dog,Medium,13,Semi-Urban,300325,10910,5629,364393,HIGH
Dog,Extra Large,3,Urban,496600,10115,8288,592253,HIGH
Dog,Medium,6,Urban,302879,9933,3506,363765,HIGH
Dog,Large,7,Semi-Urban,407551,8221,6251,485326,HIGH
Dog,Medium,8,Semi-Urban,300276,9065,5213,361737,HIGH
Dog,Large,5,Urban,407646,9830,6586,487671,HIGH
Dog,Extra Large,8,Urban,496493,9927,8888,592604,HIGH
Dog,Medium,1,Urban,304204,13913,4703,371243,HIGH
Dog,Small,11,Urban,212231,11737,3835,261973,HIGH
Cat,Medium,3,Semi-Urban,299428,8359,6143,361019,HIGH
Cat,Small,4,Urban,211000,8554,3697,256738,HIGH
Dog,Medium,9,Urban,304153,14822,5428,373063,HIGH
Cat,Small,11,Urban,210488,14258,2795,261672,HIGH
Dog,Small,3,Semi-Urban,216209,8459,4299,263312,HIGH
Dog,Small,10,Semi-Urban,210345,10769,3514,258322,HIGH
Dog,Large,9,Semi-Urban,407277,11096,6948,489119,HIGH
Cat,Large,10,Urban,409006,13174,6410,492878,HIGH
Cat,Medium,6,Urban,301789,9422,5254,363934,HIGH
Dog,Large,5,Urban,408246,9579,6988,488534,HIGH
Cat,Extra Large,6,Urban,496029,9606,8490,591243,HIGH
Dog,Large,1,Urban,404888,12105,6720,487269,HIGH
Dog,Medium,10,Urban,301549,12673,4672,366728,HIGH
Dog,Large,9,Urban,406251,12383,6679,489109,HIGH
Dog,Medium,4,Urban,297809,10208,5238,360243,HIGH
Dog,Medium,2,Urban,295113,10393,5384,357523,HIGH
Dog,Extra Large,1,Urban,500152,11736,8328,598248,HIGH
Dog,Extra Large,9,Semi-Urban,499884,10718,8155,596570,HIGH
Dog,Medium,6,Urban,300612,10675,5012,363743,HIGH
Dog,Medium,6,Urban,299652,9858,4422,361021,HIGH
Cat,Extra Large,12,Urban,497921,13334,7511,596580,HIGH
Cat,Medium,12,Semi-Urban,303920,8452,4344,364223,HIGH
Dog,Medium,7,Urban,302939,8978,4455,363827,HIGH
Dog,Large,10,Urban,408892,13125,7516,493962,HIGH
Dog,Large,11,Urban,407272,12561,6630,490432,HIGH
Dog,Medium,3,Semi-Urban,301520,7336,4789,360691,HIGH
Dog,Small,3,Urban,216421,11517,3678,266358,HIGH
Cat,Small,7,Urban,215076,10140,2931,262369,HIGH
Dog,Small,11,Urban,208900,11440,3922,257901,HIGH
Dog,Small,7,Semi-Urban,214519,8255,3665,260404,HIGH
Dog,Medium,12,Urban,299565,14416,3779,365424,HIGH
Dog,Medium,9,Urban,301145,13088,5353,367523,HIGH
Dog,Medium,13,Urban,303033,13832,4397,369451,HIGH
Cat,Small,2,Urban,218319,10792,3812,267861,HIGH
Dog,Large,6,Semi-Urban,412921,7856,7238,492217,HIGH
Dog,Small,12,Semi-Urban,215918,11769,2726,264974,HIGH
Cat,Large,13,Urban,407205,14662,7418,493677,HIGH
Dog,Small,12,Urban,216100,12199,3458,266520,HIGH
Dog,Extra Large,5,Urban,496580,9198,7720,590522,HIGH
Dog,Large,13,Urban,406300,12055,7031,489193,HIGH
Dog,Medium,13,Urban,301425,11664,5123,365943,HIGH
Dog,Large,9,Semi-Urban,408092,10949,7633,490675,HIGH
Dog,Small,5,Semi-Urban,213356,7704,3322,258039,HIGH
Dog,Extra Large,13,Semi-Urban,495122,10451,8219,590860,HIGH
Cat,Small,3,Urban,211250,9737,3975,258706,HIGH
Dog,Medium,11,Urban,299189,13815,4361,364969,HIGH
Cat,Large,6,Semi-Urban,405766,8229,6484,483550,HIGH
Dog,Medium,13,Urban,300515,12448,5171,365854,HIGH
Cat,Small,10,Semi-Urban,214249,11727,2805,263098,HIGH
Cat,Medium,10,Semi-Urban,304752,10314,5599,368764,HIGH
Dog,Large,2,Semi-Urban,407512,7747,6195,484672,HIGH
Dog,Small,11,Urban,215193,14639,3600,268446,HIGH
Dog,Large,4,Urban,409257,10158,7506,490959,HIGH
Dog,Medium,10,Semi-Urban,302753,11008,5627,367296,HIGH
Cat,Medium,1,Urban,301642,13388,5794,368947,HIGH
Dog,Small,11,Urban,214651,12332,3982,265609,HIGH
Dog,Medium,8,Semi-Urban,300536,8840,4824,361330,HIGH
Dog,Large,3,Semi-Urban,409124,7786,7131,487647,HIGH
Cat,Small,4,Urban,214590,10067,3756,262674,HIGH
Dog,Extra Large,2,Semi-Urban,497883,7092,9014,591087,HIGH
Dog,Large,10,Urban,407522,12860,6484,490895,HIGH
Dog,Medium,11,Semi-Urban,301573,10286,5269,364697,HIGH
Cat,Small,1,Urban,213490,12475,4337,264847,HIGH
Dog,Large,1,Urban,410970,12719,7424,495779,HIGH
Dog,Large,5,Urban,411229,8524,6785,490518,HIGH
Cat,Extra Large,3,Semi-Urban,493199,8974,8928,587766,HIGH
Dog,Large,8,Urban,405202,10718,6642,485946,HIGH
Dog,Large,7,Urban,407890,10797,6535,489005,HIGH
Dog,Small,4,Urban,212907,10177,2915,259898,HIGH
Dog,Medium,13,Urban,299285,12824,4606,364222,HIGH
Dog,Medium,2,Urban,303783,11362,4280,367338,HIGH
Cat,Small,2,Urban,209457,9040,2441,254078,HIGH
Dog,Large,5,Urban,406627,10878,6663,487793,HIGH
Dog,Medium,5,Urban,303153,8872,4895,364458,HIGH
Dog,Extra Large,6,Semi-Urban,497368,7769,8340,590498,HIGH
Dog,Medium,2,Urban,303273,10692,5600,367499,HIGH
Dog,Large,12,Semi-Urban,410812,10041,6553,491516,HIGH
Dog,Medium,2,Semi-Urban,297854,8221,5088,357837,HIGH
Dog,Extra Large,8,Urban,497742,10196,8912,594377,HIGH
Dog,Medium,9,Urban,301219,11863,4841,365611,HIGH
Cat,Medium,8,Urban,302023,9106,4953,363494,HIGH
Dog,Medium,13,Semi-Urban,299215,10387,5558,362434,HIGH
Dog,Small,2,Urban,210944,9062,3832,257413,HIGH
Dog,Large,3,Urban,407205,11367,6815,489195,HIGH
Dog,Medium,6,Urban,304931,10054,4780,367729,HIGH
Dog,Medium,4,Semi-Urban,300010,9709,4468,361315,HIGH
Dog,Small,1,Urban,214339,13648,3103,265753,HIGH
Dog,Small,2,Urban,213870,9456,3187,260489,HIGH
Cat,Large,4,Urban,409421,9892,7101,490376,HIGH
Dog,Extra Large,7,Urban,495970,11256,8336,592896,HIGH
Dog,Large,1,Semi-Urban,410670,10784,6798,492489,HIGH
Dog,Large,7,Urban,407250,10429,7362,488797,HIGH
Dog,Medium,1,Urban,300229,12180,5691,365815,HIGH
Dog,Medium,11,Semi-Urban,305140,10296,4407,367819,HIGH
Dog,Medium,2,Semi-Urban,304384,7114,4917,363877,HIGH
Dog,Medium,6,Urban,301489,8856,5210,362888,HIGH
Dog,Medium,9,Urban,299669,12963,5336,365663,HIGH
Dog,Extra Large,8,Semi-Urban,496642,7730,7623,588794,HIGH
Dog,Small,1,Urban,210835,11818,3230,259765,HIGH
Cat,Large,8,Urban,410690,9884,6727,491396,HIGH
Dog,Medium,7,Semi-Urban,301505,8629,5248,362689,HIGH
Dog,Medium,2,Semi-Urban,301588,6551,5341,360502,HIGH
Dog,Medium,3,Urban,301006,10801,5796,365243,HIGH
Cat,Large,1,Urban,409728,14335,6428,495064,HIGH
Dog,Large,12,Urban,412511,12795,6729,496840,HIGH
Dog,Medium,9,Urban,301297,12292,3805,365003,HIGH
Cat,Medium,13,Urban,304077,13990,3724,370059,HIGH
Dog,Small,7,Urban,213877,10768,3831,262747,HIGH
Dog,Small,11,Semi-Urban,216845,10341,3474,265259,HIGH
Dog,Extra Large,6,Urban,499258,10289,8942,596262,HIGH
Dog,Small,3,Urban,214105,10342,3460,262093,HIGH
Dog,Large,5,Urban,405749,9654,6536,485229,HIGH
Dog,Large,9,Urban,409128,13704,7194,494529,HIGH
Dog,Extra Large,12,Urban,496901,14051,8465,597329,HIGH
Dog,Large,3,Urban,410373,10809,6992,492400,HIGH
Dog,Small,10,Urban,214808,13454,3075,266037,HIGH
Dog,Large,9,Urban,406929,12666,7308,490938,HIGH
Dog,Large,10,Urban,409496,12391,7866,494215,HIGH
Dog,Medium,2,Urban,301300,10689,5604,365231,HIGH
Cat,Large,6,Urban,406402,11314,7080,488515,HIGH
Dog,Small,8,Urban,211893,9334,2835,257671,HIGH
Cat,Large,4,Semi-Urban,403035,7427,6595,479615,HIGH
Dog,Large,10,Urban,410662,12829,6639,494649,HIGH
Dog,Medium,2,Urban,298630,8973,5758,360365,HIGH
Dog,Large,5,Urban,411504,10641,7331,493897,HIGH
Dog,Medium,7,Urban,298959,9239,5000,360177,HIGH
Dog,Medium,10,Urban,300251,12015,5196,365081,HIGH
Dog,Small,11,Semi-Urban,215319,11304,3651,264815,HIGH
Dog,Small,7,Semi-Urban,210990,8165,4331,257008,HIGH
Dog,Large,5,Urban,409204,9219,7368,489659,HIGH
Dog,Large,8,Semi-Urban,409834,8901,6442,488953,HIGH
Cat,Medium,11,Urban,300640,11703,4937,364872,HIGH
Dog,Large,13,Urban,409574,12441,7739,494217,HIGH
Dog,Small,12,Urban,209206,10954,3670,257404,HIGH
Dog,Large,3,Urban,408641,10333,7179,490075,HIGH
Dog,Medium,8,Urban,301443,9309,4288,362296,HIGH
Dog,Medium,6,Semi-Urban,304494,8708,5068,366010,HIGH
Cat,Medium,13,Semi-Urban,302278,10635,5932,366671,HIGH
Dog,Medium,4,Urban,301030,9566,5312,363294,HIGH
Dog,Medium,1,Urban,301374,12073,4259,365361,HIGH
Dog,Medium,10,Urban,303064,11701,5159,367912,HIGH
Dog,Large,8,Urban,408173,10927,6923,489926,HIGH
Dog,Medium,9,Semi-Urban,301530,11283,3921,364244,HIGH
Cat,Large,6,Semi-Urban,407277,8500,7089,486295,HIGH
Dog,Small,4,Urban,213055,10383,3465,260938,HIGH
Cat,Medium,2,Urban,298119,11463,5156,361948,HIGH
Cat,Medium,9,Urban,302711,12860,4435,368006,HIGH
Cat,Medium,6,Urban,301669,10156,6034,365537,HIGH
Dog,Extra Large,5,Semi-Urban,498420,7893,7497,590881,HIGH
Dog,Small,8,Semi-Urban,212290,9027,2386,257258,HIGH
Dog,Medium,6,Semi-Urban,301660,9196,5586,363908,HIGH
Dog,Medium,6,Semi-Urban,302027,8443,5528,363397,HIGH
Dog,Large,3,Urban,407896,9061,6047,486454,HIGH
Dog,Small,5,Urban,213177,9381,4369,260966,HIGH
Dog,Medium,9,Urban,301883,13446,6028,369560,HIGH
Dog,Extra Large,5,Semi-Urban,496105,8357,8246,589614,HIGH
Dog,Small,9,Semi-Urban,218052,10367,3722,266962,HIGH
Dog,Medium,9,Urban,298749,13141,4050,363331,HIGH
Cat,Medium,4,Urban,301842,8765,5182,363157,HIGH
Dog,Extra Large,11,Semi-Urban,501461,11085,8577,599291,HIGH
Dog,Medium,2,Urban,301608,9289,5598,363969,HIGH
Dog,Extra Large,3,Urban,496495,11566,8471,594011,HIGH
Cat,Medium,12,Urban,305693,13216,5569,373149,HIGH
Dog,Small,8,Urban,211229,10063,3683,258721,HIGH
Dog,Large,7,Urban,412493,8790,7479,493076,HIGH
Dog,Small,7,Urban,214975,10264,3597,263161,HIGH
Dog,Medium,6,Semi-Urban,298824,7833,5703,359214,HIGH
Dog,Small,7,Semi-Urban,209975,8727,3200,255187,HIGH
Dog,Small,13,Urban,213617,12946,3031,264033,HIGH
Dog,Large,4,Semi-Urban,406521,7554,6569,483740,HIGH
Dog,Extra Large,13,Urban,499510,12138,8018,597615,HIGH
Cat,Medium,10,Semi-Urban,303864,11312,6349,369753,HIGH
Dog,Medium,6,Urban,301391,8586,5530,362833,HIGH
Cat,Medium,10,Semi-Urban,298184,10048,5074,360301,HIGH
Dog,Medium,6,Urban,297719,10037,4975,359640,HIGH
Dog,Extra Large,11,Urban,493723,13740,7651,592381,HIGH
Dog,Large,4,Urban,410377,10356,7829,492846,HIGH
Dog,Medium,7,Semi-Urban,303756,6482,5096,362634,HIGH
Dog,Medium,12,Semi-Urban,297048,12033,5247,361477,HIGH
Cat,Large,8,Urban,406754,10796,6145,487249,HIGH
Dog,Medium,5,Urban,304129,9670,5076,366706,HIGH
Dog,Medium,13,Semi-Urban,302752,10209,4479,365056,HIGH
Dog,Large,13,Semi-Urban,409833,10809,7565,492438,HIGH
Dog,Large,7,Semi-Urban,410949,8419,7647,491067,HIGH
Dog,Small,12,Urban,213567,13195,4339,265766,HIGH
Cat,Medium,4,Urban,301413,9719,3990,362390,HIGH
Dog,Large,13,Urban,407628,12881,7543,492259,HIGH
Dog,Small,3,Semi-Urban,210609,7899,4083,255979,HIGH
Dog,Small,6,Semi-Urban,218582,8031,3232,264321,HIGH
Dog,Medium,8,Semi-Urban,297752,8441,5440,358377,HIGH
Dog,Large,2,Urban,406550,10079,7140,487334,HIGH
Dog,Small,6,Urban,216023,9895,3882,264270,HIGH
Dog,Medium,6,Urban,301667,10392,5453,365138,HIGH
Dog,Large,10,Urban,407306,12304,6728,490288,HIGH
Dog,Large,5,Urban,408356,9344,6253,487545,HIGH
Dog,Medium,5,Semi-Urban,299429,8676,5357,360481,HIGH
Dog,Large,7,Semi-Urban,407355,7944,7227,485904,HIGH
Dog,Large,13,Semi-Urban,409687,10031,6713,490395,HIGH
Cat,Medium,8,Urban,299319,10540,5335,362473,HIGH
Dog,Large,3,Semi-Urban,406541,7873,7526,485231,HIGH
Dog,Large,1,Urban,409688,13212,7228,494647,HIGH
Dog,Medium,8,Urban,301653,9576,5613,364368,HIGH
Dog,Medium,3,Semi-Urban,299505,8433,5773,360767,HIGH
Dog,Large,12,Urban,405784,13778,6844,490366,HIGH
Dog,Large,1,Urban,410488,13959,6354,495421,HIGH
Cat,Small,3,Semi-Urban,214618,7828,4256,260707,HIGH
Dog,Medium,12,Urban,302532,13467,5049,369205,HIGH
Dog,Extra Large,13,Urban,496954,11931,7854,594249,HIGH
Cat,Large,4,Urban,408863,9756,7249,489748,HIGH
Dog,Medium,6,Urban,299358,9804,5317,361650,HIGH
Cat,Extra Large,6,Urban,500531,9332,8294,595880,HIGH
Cat,Large,5,Semi-Urban,408040,7522,6750,485658,HIGH
Dog,Large,9,Urban,407906,12350,7137,491501,HIGH
Dog,Extra Large,3,Semi-Urban,491782,7729,8313,583997,HIGH
Dog,Small,12,Semi-Urban,211424,9552,3233,257840,HIGH
Dog,Extra Large,9,Semi-Urban,497012,9530,8400,592183,HIGH
Dog,Medium,3,Urban,301237,11033,5310,365217,HIGH
Cat,Medium,2,Urban,304412,9758,5140,367206,HIGH
Dog,Medium,2,Urban,302629,9101,5407,364707,HIGH
Dog,Medium,8,Urban,300053,10123,5359,362865,HIGH
Dog,Medium,2,Urban,305101,9530,5933,368648,HIGH
Dog,Large,10,Urban,407484,12360,5909,489615,HIGH
Dog,Medium,5,Urban,302564,10670,4760,365693,HIGH
Dog,Large,13,Semi-Urban,402478,8786,5483,479259,HIGH
Dog,Extra Large,2,Urban,498344,11293,7703,594941,HIGH
Dog,Medium,6,Semi-Urban,301723,7139,3596,359326,HIGH
Cat,Large,3,Urban,406707,9801,6444,486394,HIGH
Cat,Medium,4,Urban,306006,10158,5300,369683,HIGH
Dog,Medium,10,Semi-Urban,299322,11166,4638,362394,HIGH
Cat,Small,5,Semi-Urban,213435,7857,2676,257563,HIGH
Cat,Small,13,Semi-Urban,212567,9938,4335,260866,HIGH
Dog,Medium,3,Urban,300393,9836,5423,362999,HIGH
Dog,Large,3,Urban,407718,10216,7116,488807,HIGH
Dog,Small,3,Urban,212012,10200,4004,260148,HIGH
Dog,Small,11,Semi-Urban,215843,10012,4077,264421,HIGH
Cat,Small,4,Urban,212952,9560,3904,260378,HIGH
Dog,Extra Large,5,Urban,497322,9057,9336,593072,HIGH
Dog,Extra Large,11,Urban,499025,13030,8263,598365,HIGH
Cat,Large,5,Urban,410019,10460,6493,491017,HIGH
Cat,Medium,9,Urban,302518,12163,5336,368019,HIGH
Cat,Large,9,Urban,410825,13548,6114,495060,HIGH
Dog,Small,12,Semi-Urban,214171,7920,3664,259618,HIGH
Cat,Small,2,Urban,211858,10616,3536,259911,HIGH
Dog,Small,7,Urban,213190,8802,4240,260166,HIGH
Cat,Medium,5,Urban,303136,10307,4602,365751,HIGH
Dog,Small,2,Urban,213528,10203,4152,262065,HIGH
Dog,Small,7,Urban,213130,10508,4139,261943,HIGH
Dog,Medium,7,Urban,301136,10064,4770,363365,HIGH
Dog,Extra Large,6,Urban,498531,9479,7354,592668,HIGH
Dog,Medium,5,Urban,301451,9530,5348,363778,HIGH
Dog,Medium,7,Urban,306091,11466,4724,370623,HIGH
Cat,Medium,1,Urban,297704,11566,5090,361514,HIGH
Dog,Small,5,Urban,215884,9664,3978,263954,HIGH
Dog,Large,13,Semi-Urban,404478,10645,6776,485183,HIGH
Dog,Large,8,Urban,406350,9265,6108,484981,HIGH
Dog,Small,6,Semi-Urban,213258,7915,3579,258464,HIGH
Dog,Extra Large,9,Urban,496312,13116,8425,595530,HIGH
Dog,Small,11,Urban,216009,13198,4400,268648,HIGH
Dog,Small,4,Urban,213403,10471,3521,261504,HIGH
Dog,Small,13,Urban,215836,12721,3710,267107,HIGH
Dog,Medium,9,Semi-Urban,304155,12274,5535,370258,HIGH
Dog,Large,12,Semi-Urban,410204,9270,6780,490192,HIGH
Dog,Large,2,Urban,407238,10120,6922,487922,HIGH
Dog,Medium,4,Urban,304306,10974,4640,367908,HIGH
Dog,Medium,12,Urban,300360,12804,4903,365777,HIGH
Dog,Small,8,Semi-Urban,212561,7318,3837,257273,HIGH
Dog,Large,9,Semi-Urban,408414,11177,7333,490962,HIGH
Cat,Medium,2,Semi-Urban,300253,8566,5265,361196,HIGH
Dog,Medium,4,Semi-Urban,300928,8302,4411,360687,HIGH
Dog,Large,8,Urban,405406,9350,6762,484745,HIGH
Dog,Small,4,Urban,213127,8220,3511,258586,HIGH
Dog,Medium,10,Semi-Urban,301787,11480,5746,366864,HIGH
Cat,Large,13,Urban,409756,12294,5568,491760,HIGH
Dog,Small,9,Semi-Urban,213048,10340,3171,260542,HIGH
Dog,Medium,8,Urban,300929,9916,5221,363475,HIGH
Cat,Large,3,Semi-Urban,409480,8002,7514,488745,HIGH
Cat,Small,8,Semi-Urban,213371,8352,3313,258791,HIGH
Cat,Extra Large,8,Urban,501050,10819,8198,598077,HIGH
Dog,Large,3,Urban,407983,9512,6340,487410,HIGH
Dog,Medium,10,Urban,301444,12745,4585,366590,HIGH
Cat,Medium,4,Urban,303812,9031,4640,365105,HIGH
Dog,Large,7,Urban,411205,9556,7554,492562,HIGH
Dog,Medium,8,Urban,303966,10252,5079,367191,HIGH
Dog,Medium,1,Semi-Urban,303794,10851,5917,368646,HIGH
Dog,Small,8,Semi-Urban,211743,7829,2802,255730,HIGH
Dog,Medium,11,Urban,297714,13250,5991,364498,HIGH
Dog,Medium,7,Urban,304723,9617,5244,367521,HIGH
Dog,Large,6,Semi-Urban,409711,7412,6829,487544,HIGH
Dog,Extra Large,1,Urban,496494,14192,8694,597287,HIGH
Cat,Medium,7,Urban,301656,8724,4994,362680,HIGH
Dog,Medium,12,Semi-Urban,301914,12244,4492,366447,HIGH
Dog,Large,9,Urban,409219,13584,7169,494467,HIGH
Cat,Large,5,Urban,410393,11089,7054,492816,HIGH
Dog,Extra Large,7,Urban,498113,9326,8466,593290,HIGH
Dog,Large,1,Semi-Urban,408277,8958,6567,487372,HIGH
Cat,Large,11,Semi-Urban,404494,10807,6945,485582,HIGH
Dog,Medium,8,Urban,303210,10015,5030,365993,HIGH
Cat,Medium,9,Urban,300944,13215,5288,367364,HIGH
Dog,Large,6,Semi-Urban,406921,7956,6681,484791,HIGH
Dog,Extra Large,8,Semi-Urban,493817,6928,8385,585499,HIGH
Dog,Medium,9,Urban,302461,14182,4603,369432,HIGH
Dog,Medium,6,Urban,302064,10765,6262,366954,HIGH
Cat,Medium,11,Urban,298150,12435,4404,362237,HIGH
Dog,Medium,12,Urban,305200,14516,5037,373465,HIGH
Cat,Medium,11,Semi-Urban,300010,10975,5802,364305,HIGH
Dog,Large,4,Urban,407824,10060,6387,487911,HIGH
Dog,Medium,2,Urban,302589,9936,4936,365080,HIGH
Dog,Large,1,Urban,407209,13136,6720,491124,HIGH
Dog,Medium,5,Urban,301276,9944,5444,364163,HIGH
Dog,Small,10,Semi-Urban,211662,10472,3467,259441,HIGH
Dog,Medium,13,Semi-Urban,301118,10510,5360,364536,HIGH
Cat,Medium,13,Semi-Urban,302644,10548,4374,365200,HIGH
Dog,Large,13,Semi-Urban,407457,11246,6995,489552,HIGH
Cat,Extra Large,13,Urban,499466,12421,8399,598328,HIGH
Dog,Large,6,Semi-Urban,406568,7991,6968,484756,HIGH
Dog,Medium,1,Urban,307628,11498,5025,372773,HIGH
Dog,Small,11,Urban,213498,13763,2857,264635,HIGH
Dog,Small,6,Urban,216346,8351,4145,263168,HIGH
Dog,Medium,4,Urban,302677,9144,5018,364364,HIGH
Cat,Medium,3,Semi-Urban,300638,7704,5206,360580,HIGH
Dog,Medium,11,Semi-Urban,299818,9727,4561,361221,HIGH
Dog,Large,1,Semi-Urban,407348,9931,6725,487604,HIGH
Dog,Extra Large,1,Urban,498395,13060,8451,597891,HIGH
Dog,Medium,12,Urban,298832,12859,5299,364538,HIGH
Cat,Large,13,Urban,409016,14612,7381,495660,HIGH
Dog,Medium,8,Urban,305270,9675,3826,366586,HIGH
Dog,Large,4,Urban,407895,9542,6695,487751,HIGH
Cat,Medium,13,Urban,305009,11881,5701,370979,HIGH
Cat,Medium,9,Urban,299598,13570,5900,366928,HIGH
Dog,Medium,13,Semi-Urban,303445,10647,5430,367450,HIGH
Cat,Small,2,Urban,210055,8472,3916,255809,HIGH
Dog,Small,5,Urban,218145,8698,4611,266172,HIGH
Dog,Large,7,Urban,410899,9626,7340,492044,HIGH
Cat,Small,12,Urban,210372,13288,4084,261905,HIGH
Dog,Medium,6,Urban,302821,9698,5656,365901,HIGH
Dog,Medium,12,Urban,299605,13484,4804,365576,HIGH
Cat,Medium,10,Semi-Urban,305029,10732,4491,368289,HIGH
Cat,Medium,8,Semi-Urban,304518,6803,4640,363355,HIGH
Dog,Large,9,Urban,406731,12409,6888,489932,HIGH
Dog,Medium,10,Semi-Urban,297531,9742,5015,359131,HIGH
Dog,Medium,5,Urban,304591,10293,5117,368001,HIGH
Cat,Medium,12,Urban,301103,12845,5370,367215,HIGH
Dog,Medium,9,Urban,301501,13777,5304,368669,HIGH
Cat,Large,7,Urban,407201,8712,6551,485833,HIGH
Dog,Medium,7,Urban,300343,9953,5908,363634,HIGH
Dog,Extra Large,13,Urban,500189,14922,8618,602288,HIGH
Dog,Medium,5,Semi-Urban,299684,8342,4249,359116,HIGH
Dog,Medium,2,Urban,300669,9823,4560,362309,HIGH
Dog,Medium,12,Semi-Urban,302608,10684,5737,366883,HIGH
Dog,Medium,1,Urban,302187,12299,4671,367030,HIGH
Cat,Small,1,Urban,212649,11802,4281,263041,HIGH
Dog,Medium,5,Urban,301184,10125,4890,363628,HIGH
Cat,Medium,1,Urban,301478,14482,5323,369475,HIGH
Cat,Medium,2,Urban,301830,9146,5124,363515,HIGH
Cat,Medium,2,Urban,303476,10018,5775,367159,HIGH
Dog,Extra Large,5,Urban,494044,10771,8831,590692,HIGH
Dog,Medium,10,Urban,296717,13154,4992,362092,HIGH
Dog,Large,3,Urban,410543,10873,6161,491713,HIGH
Dog,Extra Large,7,Urban,497194,9350,7971,591692,HIGH
Dog,Medium,12,Urban,298644,14294,4848,365453,HIGH
Dog,Medium,11,Urban,300739,12581,4717,365742,HIGH
Cat,Medium,7,Urban,303544,9950,5714,367089,HIGH
Dog,Medium,13,Semi-Urban,301450,8475,4371,361440,HIGH
Dog,Small,3,Urban,212186,10334,3779,260243,HIGH
Dog,Medium,5,Urban,302209,10479,5784,366242,HIGH
Dog,Medium,6,Urban,300500,10255,4396,362423,HIGH
Dog,Small,9,Urban,214993,12227,3791,265662,HIGH
Dog,Small,8,Semi-Urban,214832,6416,3465,258419,HIGH
Cat,Medium,6,Urban,303696,11879,5424,369148,HIGH
Dog,Large,2,Urban,407594,10799,6858,489038,HIGH
Dog,Medium,1,Semi-Urban,301874,10878,5364,365833,HIGH
Dog,Medium,7,Semi-Urban,301558,9125,4495,362454,HIGH
Dog,Small,6,Urban,212102,10625,3398,260043,HIGH
Dog,Small,3,Urban,210819,10588,3630,258792,HIGH
Cat,Large,7,Semi-Urban,410291,7706,6619,488308,HIGH
Dog,Small,4,Urban,215268,10510,3729,263933,HIGH
Dog,Large,11,Urban,405098,11944,6438,487002,HIGH
Dog,Large,7,Urban,411415,9465,6509,491497,HIGH
Cat,Medium,2,Semi-Urban,301319,8273,4665,361395,HIGH
Cat,Large,7,Urban,410501,9155,6723,490335,HIGH
Dog,Medium,4,Urban,304005,9888,5400,367186,HIGH
Dog,Small,2,Semi-Urban,209934,9161,3230,255673,HIGH
Dog,Medium,9,Urban,300736,13705,4226,366467,HIGH
Dog,Large,2,Urban,407811,10025,7245,488843,HIGH
Dog,Large,8,Urban,406115,8729,6970,485086,HIGH
Dog,Small,7,Urban,212858,10005,3198,259970,HIGH
Dog,Medium,1,Urban,300113,13973,4909,366844,HIGH
Dog,Large,8,Urban,411318,8552,7000,490900,HIGH
Dog,Extra Large,9,Semi-Urban,495561,10706,8962,592513,HIGH
Cat,Small,6,Urban,209544,9526,3112,255509,HIGH
Dog,Large,10,Semi-Urban,411546,9905,6815,492505,HIGH
Dog,Medium,8,Urban,303329,9473,5270,365782,HIGH
Cat,Medium,6,Semi-Urban,300770,5957,5015,358503,HIGH
Dog,Extra Large,7,Semi-Urban,496417,9042,9698,592430,HIGH
Cat,Small,11,Semi-Urban,216006,11289,3775,265730,HIGH
Dog,Extra Large,3,Urban,496129,10011,8895,592290,HIGH
Dog,Medium,3,Urban,303365,9552,3683,364090,HIGH
Dog,Medium,2,Urban,304510,9998,5662,368195,HIGH
Dog,Large,5,Semi-Urban,404943,7763,6846,482484,HIGH
Cat,Medium,11,Urban,298553,12526,6129,364789,HIGH
Dog,Medium,4,Urban,303180,10573,4234,365685,HIGH
Dog,Large,3,Urban,410974,10637,7298,493245,HIGH
Cat,Large,4,Urban,408009,10406,6928,489144,HIGH
Dog,Extra Large,5,Urban,494827,8626,7714,587842,HIGH
Cat,Medium,9,Semi-Urban,301249,10554,5113,364453,HIGH
Cat,Medium,12,Urban,301258,12916,5406,367517,HIGH
Dog,Medium,12,Urban,301215,13676,5317,368239,HIGH
Dog,Large,2,Semi-Urban,406719,6557,7033,483355,HIGH
Dog,Large,10,Urban,407042,11497,6234,488488,HIGH
Dog,Extra Large,10,Semi-Urban,500321,9101,8215,595282,HIGH
Dog,Large,13,Urban,407734,13133,6864,491890,HIGH
Dog,Large,10,Semi-Urban,407078,10284,6921,487925,HIGH
Dog,Large,5,Urban,409465,11129,6585,491255,HIGH
Dog,Large,9,Urban,408504,11584,7083,491246,HIGH
Cat,Large,5,Semi-Urban,406864,8062,7447,485728,HIGH
Cat,Large,11,Urban,411871,12277,7069,495899,HIGH
Dog,Medium,1,Urban,301546,12827,5014,367295,HIGH
Dog,Small,10,Urban,216690,12214,2897,266571,HIGH
Dog,Extra Large,6,Urban,496358,9396,8218,591067,HIGH
Dog,Medium,3,Urban,302789,10558,4681,365732,HIGH
Dog,Medium,9,Urban,304371,13028,4632,370335,HIGH
Dog,Small,6,Urban,209293,10237,3669,256678,HIGH
Dog,Small,4,Urban,211108,10424,4094,259469,HIGH
Dog,Medium,12,Urban,303871,12945,5695,370887,HIGH
Dog,Medium,13,Urban,302426,12484,4154,366923,HIGH
Dog,Medium,1,Urban,302151,11051,5442,366440,HIGH
Dog,Small,13,Urban,214136,13360,4528,266827,HIGH
Dog,Large,11,Urban,410798,14489,6426,496469,HIGH
Dog,Large,12,Semi-Urban,407781,10576,7365,489580,HIGH
Dog,Medium,5,Urban,298858,9057,6899,362036,HIGH
Dog,Small,7,Urban,209789,9718,3570,256538,HIGH
Dog,Medium,13,Urban,304410,13217,4650,370618,HIGH
Dog,Small,12,Urban,208582,12585,3449,258308,HIGH
Dog,Large,2,Urban,407044,9777,6255,486537,HIGH
Cat,Large,3,Urban,406807,9258,7067,486601,HIGH
Dog,Small,11,Semi-Urban,211237,10858,3827,259810,HIGH
Cat,Small,5,Urban,208222,11113,3936,256761,HIGH
Cat,Extra Large,12,Semi-Urban,494068,10338,8498,589839,HIGH
Cat,Large,1,Semi-Urban,405525,9242,7450,485549,HIGH
Dog,Large,1,Urban,407545,11993,6362,489785,HIGH
Dog,Medium,1,Urban,301488,13848,4653,367987,HIGH
Dog,Medium,13,Urban,301016,13404,5056,367397,HIGH
Dog,Large,8,Semi-Urban,406519,8419,6464,484612,HIGH
Dog,Medium,1,Urban,300407,13404,6095,367891,HIGH
Cat,Small,5,Semi-Urban,214454,7137,3855,259262,HIGH
Dog,Small,5,Urban,212374,8309,3523,257836,HIGH
Dog,Large,9,Urban,408512,11148,7736,491505,HIGH
Dog,Large,1,Urban,409190,12806,7476,493892,HIGH
Dog,Medium,9,Urban,304272,13000,5585,371285,HIGH
Dog,Medium,9,Urban,303145,13260,5324,369988,HIGH
Dog,Large,13,Urban,406873,13647,7165,491837,HIGH
Cat,Medium,4,Semi-Urban,303508,6665,5204,362683,HIGH
Dog,Medium,4,Urban,302998,10636,4715,366101,HIGH
Dog,Medium,12,Urban,302444,12579,5488,368587,HIGH
Dog,Small,4,Urban,213923,9489,4426,262013,HIGH
Cat,Large,3,Urban,409553,11593,7096,492478,HIGH
Dog,Large,11,Urban,409629,12933,6662,493607,HIGH
Dog,Large,7,Urban,410654,10245,6281,491257,HIGH
Cat,Medium,9,Semi-Urban,302632,10639,5310,366368,HIGH
Dog,Large,6,Urban,410818,10089,6712,491761,HIGH
Dog,Extra Large,11,Urban,497468,13875,8639,597979,HIGH
Dog,Large,12,Urban,406584,12259,6787,489474,HIGH
Dog,Small,8,Urban,212808,9766,3323,259781,HIGH
Dog,Medium,9,Urban,302099,12420,4843,367266,HIGH
Dog,Medium,4,Urban,303900,10560,5753,368244,HIGH
Cat,Small,5,Urban,213610,11761,3421,263110,HIGH
Dog,Large,5,Urban,410573,9028,6751,490304,HIGH
Cat,Small,8,Urban,215379,12113,3899,266099,HIGH
Dog,Extra Large,13,Urban,499998,14680,8397,601536,HIGH
Dog,Small,12,Urban,216460,12726,3867,268010,HIGH
Dog,Extra Large,9,Urban,498877,12194,9304,598431,HIGH
Cat,Medium,6,Semi-Urban,302913,8977,5166,364614,HIGH
Dog,Medium,12,Urban,300544,13091,5320,366798,HIGH
Dog,Large,3,Urban,406702,10318,7022,487648,HIGH
Dog,Small,11,Semi-Urban,215786,10265,2815,263195,HIGH
Cat,Medium,10,Urban,299518,12529,5215,364851,HIGH
Dog,Small,10,Semi-Urban,211837,10341,3522,259555,HIGH
Cat,Large,6,Urban,406187,9323,7341,486278,HIGH
Cat,Large,4,Urban,408596,9370,6910,488607,HIGH
Cat,Large,13,Semi-Urban,409041,11894,6917,492029,HIGH
Dog,Medium,10,Urban,303197,14074,4901,370497,HIGH
Cat,Large,4,Semi-Urban,411468,6288,6827,488270,HIGH
Cat,Small,1,Urban,214343,13125,3382,265477,HIGH
Cat,Large,7,Urban,407575,10579,7124,489069,HIGH
Dog,Small,9,Urban,212251,14905,2527,264135,HIGH
Dog,Large,7,Semi-Urban,407043,6448,7345,483961,HIGH
Dog,Medium,10,Urban,301271,11959,4361,365229,HIGH
Dog,Large,6,Semi-Urban,404952,7874,6294,481988,HIGH
Dog,Large,1,Urban,405403,12608,6581,488280,HIGH
Dog,Large,3,Semi-Urban,409103,8256,6480,487414,HIGH
Dog,Large,3,Urban,404715,8733,6644,483105,HIGH
Dog,Small,10,Urban,212275,11819,4111,262435,HIGH
Cat,Small,2,Semi-Urban,214608,6719,3963,259083,HIGH
Dog,Large,13,Urban,409921,14263,6293,495048,HIGH
Dog,Small,11,Urban,218627,13438,4476,272022,HIGH
Dog,Extra Large,5,Urban,496981,10009,7801,592009,HIGH
Cat,Medium,6,Urban,298823,8583,4247,358400,HIGH
Cat,Large,12,Urban,406519,12106,6388,488764,HIGH
Cat,Small,11,Urban,212076,14308,4082,265035,HIGH
Cat,Medium,13,Urban,304975,14413,4567,372548,HIGH
Dog,Small,4,Urban,215092,8850,3734,261827,HIGH
Dog,Small,4,Semi-Urban,211384,6644,4103,255450,HIGH
Dog,Small,13,Urban,212257,11235,4294,261953,HIGH
Cat,Small,1,Semi-Urban,210339,10901,4155,259204,HIGH
Dog,Small,10,Urban,217099,13286,3460,268921,HIGH
Dog,Large,13,Urban,408835,13710,7703,494785,HIGH
Cat,Medium,3,Urban,301313,10536,4958,364328,HIGH
Dog,Large,5,Urban,408202,9167,7249,488310,HIGH
Dog,Large,13,Urban,409318,13348,6304,493315,HIGH
Dog,Medium,9,Semi-Urban,303149,9297,5465,365597,HIGH
Dog,Large,9,Semi-Urban,407074,10628,6963,488364,HIGH
Dog,Large,13,Urban,409863,12672,6980,493942,HIGH
Dog,Large,4,Urban,410509,10573,8062,493515,HIGH
Dog,Large,10,Urban,407249,13761,6027,491092,HIGH
Dog,Large,2,Semi-Urban,408584,6762,6631,485273,HIGH
Dog,Medium,13,Semi-Urban,304038,10731,5361,368149,HIGH
Dog,Large,11,Semi-Urban,406455,10309,6828,487130,HIGH
Cat,Large,13,Semi-Urban,407976,9517,6653,487767,HIGH
Dog,Medium,7,Urban,301765,9725,4800,363733,HIGH
Dog,Medium,2,Semi-Urban,297864,7837,4840,357122,HIGH
Dog,Medium,12,Urban,301299,11158,4689,364717,HIGH
Dog,Small,4,Urban,212176,9862,4149,260115,HIGH
Dog,Extra Large,11,Urban,496719,13637,8155,596287,HIGH
Dog,Large,12,Urban,408936,11986,7119,492247,HIGH
Dog,Large,5,Urban,408895,9692,6893,489302,HIGH
Dog,Large,9,Urban,407547,13093,6257,490931,HIGH
Dog,Large,11,Semi-Urban,408228,10308,6747,489075,HIGH
Cat,Small,2,Semi-Urban,212023,8287,3641,257543,HIGH
Dog,Large,5,Urban,411378,10744,7389,493937,HIGH
Dog,Medium,10,Urban,301292,13393,4985,367620,HIGH
Dog,Medium,3,Urban,301966,9946,5258,364745,HIGH
Dog,Large,6,Urban,407099,9827,6391,486814,HIGH
Dog,Medium,7,Urban,301546,10076,4537,363582,HIGH
Dog,Large,9,Urban,409433,13627,6450,493936,HIGH
Dog,Small,7,Urban,210144,10092,2980,256698,HIGH
Dog,Small,2,Urban,210617,9584,2977,256654,HIGH
Dog,Large,13,Urban,411948,13531,6789,497108,HIGH
Cat,Medium,1,Urban,299957,12320,4858,364705,HIGH
Dog,Large,5,Semi-Urban,406729,9098,7058,486317,HIGH
Cat,Large,13,Semi-Urban,406980,10172,7276,488092,HIGH
Dog,Medium,11,Semi-Urban,302352,8836,4737,363313,HIGH
Dog,Medium,5,Urban,301137,10948,4464,364031,HIGH
Dog,Medium,5,Urban,301234,10081,5745,364619,HIGH
Cat,Large,10,Urban,407336,13852,6770,492151,HIGH
Dog,Extra Large,9,Urban,497045,11818,8865,595387,HIGH
Dog,Medium,10,Urban,301680,14044,4310,368039,HIGH
Dog,Medium,11,Urban,302972,15032,5134,371608,HIGH
Dog,Medium,1,Urban,305193,13673,5402,372908,HIGH
Cat,Small,13,Urban,213068,12358,3889,263712,HIGH
Dog,Large,2,Urban,409227,9986,6698,489797,HIGH
Dog,Medium,5,Urban,300734,9606,4648,362236,HIGH
Dog,Medium,2,Urban,298195,9856,5426,360498,HIGH
Dog,Small,11,Urban,211968,12157,4497,262915,HIGH
Dog,Large,8,Semi-Urban,409045,7913,7456,488076,HIGH
Dog,Large,5,Urban,407920,11177,6889,489883,HIGH
Dog,Large,11,Urban,409721,13416,6864,494501,HIGH
Cat,Medium,1,Urban,299490,12228,4774,363965,HIGH
Dog,Large,9,Urban,408396,13783,7562,494202,HIGH
Cat,Large,7,Urban,407875,9057,7634,488250,HIGH
Dog,Medium,10,Urban,300547,12004,5100,365298,HIGH
Dog,Medium,8,Urban,300897,10521,5323,364252,HIGH
Dog,Medium,3,Semi-Urban,301776,7422,5373,361756,HIGH
Dog,Medium,8,Urban,303327,9998,5644,366814,HIGH
Dog,Medium,7,Urban,306523,8299,5258,368092,HIGH
Cat,Large,11,Urban,411336,13328,7016,496432,HIGH
Dog,Medium,6,Urban,299521,9435,4924,360962,HIGH
Cat,Medium,1,Urban,301750,11605,4449,365474,HIGH
Dog,Large,4,Urban,407631,9317,6565,487039,HIGH
Dog,Medium,13,Urban,299646,12366,5370,364989,HIGH
Dog,Large,13,Semi-Urban,407702,10701,6426,488553,HIGH
Dog,Extra Large,8,Semi-Urban,499252,8625,9490,594972,HIGH
Cat,Small,11,Urban,214057,13753,4188,266797,HIGH
Dog,Large,7,Semi-Urban,410179,8621,6915,489572,HIGH
Dog,Small,4,Semi-Urban,211235,7675,3950,256289,HIGH
Dog,Medium,1,Urban,300333,11578,4544,363923,HIGH
Cat,Small,11,Semi-Urban,211097,10153,3177,258091,HIGH
Cat,Extra Large,3,Urban,499063,10901,7835,595468,HIGH
Cat,Extra Large,4,Urban,495421,9967,7773,590135,HIGH
Cat,Large,7,Urban,408214,9685,7242,488912,HIGH
Dog,Extra Large,5,Urban,499209,11211,7480,595585,HIGH
Dog,Small,4,Semi-Urban,214736,8988,3486,261291,HIGH
Cat,Medium,4,Urban,302178,9600,5698,365097,HIGH
Dog,Small,13,Urban,210940,14427,4440,264278,HIGH
Dog,Medium,11,Urban,300024,12292,6000,366063,HIGH
Cat,Large,4,Urban,409956,10066,6840,490891,HIGH
Dog,Medium,6,Urban,303631,9489,4661,365448,HIGH
Cat,Medium,5,Urban,300779,9856,5547,363609,HIGH
Cat,Medium,1,Semi-Urban,300259,10696,4856,363182,HIGH
Cat,Medium,3,Semi-Urban,301787,7990,5220,362246,HIGH
Dog,Medium,9,Urban,302606,14321,5090,370319,HIGH
Cat,Large,9,Urban,406113,13657,7336,491171,HIGH
Dog,Extra Large,1,Urban,497717,12826,8813,597259,HIGH
Cat,Large,13,Urban,408328,11931,6137,490355,HIGH
Cat,Medium,3,Urban,303220,10317,4969,366281,HIGH
Dog,Extra Large,3,Semi-Urban,496669,9119,9169,592200,HIGH
Cat,Medium,5,Urban,304937,9839,6590,369570,HIGH
Dog,Extra Large,1,Semi-Urban,495829,9931,7687,590464,HIGH
Dog,Medium,13,Urban,300879,12818,5528,367108,HIGH
Cat,Medium,3,Urban,301787,9565,6096,365065,HIGH
Dog,Small,7,Urban,216697,12368,4001,268025,HIGH
Dog,Small,10,Urban,212411,12140,4401,263294,HIGH
Dog,Large,7,Urban,406496,9759,6249,485879,HIGH
Dog,Medium,11,Urban,299549,11132,5724,363865,HIGH
Cat,Large,12,Urban,405364,13017,7746,490046,HIGH
Dog,Large,2,Urban,409911,10418,7234,491697,HIGH
Dog,Small,12,Semi-Urban,213967,8812,3577,260309,HIGH
Cat,Medium,1,Semi-Urban,302609,11280,4543,366196,HIGH
Dog,Medium,11,Semi-Urban,303080,10159,4286,365153,HIGH
Dog,Extra Large,12,Urban,496681,12202,8000,594415,HIGH
Dog,Medium,13,Urban,300793,12046,5108,365639,HIGH
Dog,Small,3,Urban,211781,9390,3394,258249,HIGH
Dog,Medium,7,Urban,302875,10220,6121,367098,HIGH
Cat,Small,6,Urban,214810,10066,3583,262727,HIGH
Dog,Medium,6,Urban,304212,9450,5681,367244,HIGH
Dog,Large,10,Urban,405074,11261,6858,486671,HIGH
Dog,Extra Large,6,Urban,496934,8898,7840,590722,HIGH
Dog,Medium,2,Urban,304970,9887,5032,367872,HIGH
Cat,Large,8,Urban,404915,10094,6145,484327,HIGH
Dog,Large,7,Urban,407449,10771,7549,489634,HIGH
Dog,Medium,3,Urban,303712,8832,5568,365828,HIGH
Cat,Large,6,Urban,405642,10936,6167,486156,HIGH
Dog,Medium,11,Urban,300455,13535,5662,367599,HIGH
Dog,Medium,8,Semi-Urban,301985,7525,4885,361554,HIGH
Cat,Small,2,Urban,214207,10198,3603,262209,HIGH
Dog,Small,1,Urban,210897,12958,4556,262672,HIGH
Dog,Large,8,Semi-Urban,410635,8443,7302,490337,HIGH
Cat,Medium,12,Urban,303099,12812,5295,369386,HIGH
Dog,Extra Large,11,Urban,495399,13327,8186,594448,HIGH
Cat,Extra Large,1,Urban,498245,13769,8872,599018,HIGH
Dog,Small,4,Urban,215177,10254,3451,263214,HIGH
Dog,Medium,9,Urban,301877,13555,4642,368085,HIGH
Dog,Small,2,Urban,212093,11167,4270,261659,HIGH
Dog,Medium,10,Urban,301295,13184,5136,367557,HIGH
Dog,Small,9,Urban,213690,13909,3799,266107,HIGH
Dog,Medium,7,Urban,300977,10790,5006,364288,HIGH
Dog,Small,6,Urban,211173,9442,3721,257986,HIGH
Cat,Medium,2,Semi-Urban,303747,7531,4673,363343,HIGH
Cat,Extra Large,10,Urban,495667,13638,8122,595041,HIGH
Dog,Medium,5,Semi-Urban,301903,7659,4783,361496,HIGH
Cat,Small,11,Urban,210752,13023,3471,261332,HIGH
Dog,Medium,7,Urban,304698,8251,5583,366311,HIGH
Dog,Medium,1,Urban,304995,13964,4631,372128,HIGH
Dog,Medium,11,Semi-Urban,301300,11612,4319,364815,HIGH
Dog,Large,2,Urban,411068,11694,6592,493757,HIGH
Dog,Medium,12,Urban,299263,13045,5984,366035,HIGH
Dog,Large,1,Urban,408706,12090,6735,491660,HIGH
Dog,Large,8,Urban,407867,9898,6951,488423,HIGH
Dog,Large,7,Urban,407711,11113,6917,489602,HIGH
Dog,Small,7,Urban,211222,11116,3514,259729,HIGH
Dog,Small,1,Semi-Urban,215524,10231,3057,263133,HIGH
Dog,Medium,9,Urban,304476,11452,5111,369194,HIGH
Cat,Medium,2,Semi-Urban,303042,8416,5016,363945,HIGH
Dog,Medium,3,Semi-Urban,302614,8421,5150,363612,HIGH
Dog,Medium,13,Semi-Urban,296834,11174,4916,359862,HIGH
Dog,Medium,11,Urban,304524,12409,5443,370732,HIGH
Dog,Medium,7,Semi-Urban,303274,8526,5491,364884,HIGH
Dog,Large,9,Urban,405930,14591,6888,491520,HIGH
Dog,Medium,9,Urban,300229,14244,5156,367573,HIGH
Dog,Small,7,Semi-Urban,212200,7420,3757,256883,HIGH
Dog,Large,7,Semi-Urban,407589,7505,7258,485704,HIGH
Dog,Large,8,Urban,412482,9658,6783,493261,HIGH
Cat,Medium,11,Urban,303519,14535,5277,371830,HIGH
Dog,Medium,12,Urban,299251,13923,6283,367375,HIGH
Dog,Small,5,Urban,212274,10349,3058,259533,HIGH
Dog,Medium,5,Urban,305845,11647,4539,370335,HIGH
Dog,Small,11,Urban,213012,12475,3077,262848,HIGH
Dog,Medium,6,Urban,300535,11029,4971,364015,HIGH
Dog,Medium,7,Urban,302347,11096,5924,367272,HIGH
Dog,Medium,8,Urban,301001,9669,4866,362866,HIGH
Cat,Medium,9,Semi-Urban,305763,10749,5300,370083,HIGH
Dog,Large,4,Urban,403028,10135,6917,483092,HIGH
Dog,Small,3,Urban,215170,10309,4279,264221,HIGH
Cat,Extra Large,13,Urban,499576,14365,8144,600397,HIGH
Dog,Large,12,Urban,404487,13698,8113,490242,HIGH
Dog,Large,3,Urban,402811,10886,6630,483376,HIGH
Dog,Large,7,Urban,407614,9380,7584,488264,HIGH
Dog,Small,12,Urban,212551,12966,3624,263512,HIGH
Dog,Medium,12,Urban,304261,13204,4237,369957,HIGH
Cat,Medium,7,Urban,303849,9404,4526,365445,HIGH
Dog,Large,6,Urban,406769,9715,7640,487742,HIGH
Dog,Small,1,Urban,210929,12222,3374,260503,HIGH
Dog,Medium,7,Urban,300280,8932,5534,361957,HIGH
Cat,Large,4,Semi-Urban,407396,8195,7137,486137,HIGH
Dog,Large,10,Urban,409722,14975,6351,495705,HIGH
Dog,Large,5,Semi-Urban,407764,7628,7505,486331,HIGH
Dog,Large,10,Urban,408272,12796,7370,492703,HIGH
Dog,Medium,11,Urban,302210,13661,5847,369975,HIGH
Cat,Medium,4,Urban,301719,10216,5547,365104,HIGH
Dog,Small,1,Semi-Urban,212358,10686,3463,260483,HIGH
Dog,Extra Large,11,Semi-Urban,498460,9371,8147,593374,HIGH
Dog,Extra Large,2,Urban,499671,9161,8363,594774,HIGH
Dog,Medium,11,Semi-Urban,303829,10699,5550,368089,HIGH
Cat,Small,10,Urban,211915,13702,3660,263668,HIGH
Dog,Small,10,Urban,216790,14026,3639,269623,HIGH
Dog,Small,12,Urban,214117,13426,3914,266175,HIGH
Dog,Large,10,Urban,405528,13652,6370,489382,HIGH
Dog,Large,4,Urban,409902,11196,7174,492512,HIGH
Dog,Small,5,Semi-Urban,215113,8198,3223,260514,HIGH
Dog,Large,6,Urban,407450,9991,6332,487338,HIGH
Dog,Medium,10,Urban,303850,12772,4816,369653,HIGH
Dog,Medium,12,Urban,304116,13625,5059,371220,HIGH
Dog,Medium,6,Semi-Urban,299814,6784,5806,359264,HIGH
Cat,Small,12,Urban,212570,13934,3800,264849,HIGH
Dog,Large,11,Semi-Urban,409123,10808,6104,489940,HIGH
Dog,Small,6,Semi-Urban,211796,6921,3297,255316,HIGH
Cat,Large,5,Urban,408243,10217,7002,489281,HIGH
Dog,Medium,8,Semi-Urban,300413,6878,5284,359461,HIGH
Dog,Large,5,Urban,409982,8596,5794,488027,HIGH
Dog,Large,13,Semi-Urban,403815,10556,7859,485564,HIGH
Cat,Medium,6,Urban,301085,9058,5926,363479,HIGH
Dog,Medium,10,Urban,303446,11790,5111,368399,HIGH
Dog,Medium,6,Semi-Urban,297237,9493,5899,359523,HIGH
Dog,Small,6,Urban,216481,10097,3976,265137,HIGH
Dog,Medium,7,Urban,301991,10075,4850,364453,HIGH
Dog,Extra Large,2,Urban,494715,10374,9291,591537,HIGH
Dog,Medium,10,Urban,301297,12296,4407,365700,HIGH
Dog,Extra Large,2,Semi-Urban,496697,8471,8264,590446,HIGH
Dog,Large,9,Urban,410592,11999,7085,494127,HIGH
Dog,Medium,12,Urban,301559,12599,4451,366400,HIGH
Cat,Small,1,Semi-Urban,208612,11035,4274,257509,HIGH
Dog,Large,10,Urban,411292,13029,6141,495031,HIGH
Dog,Large,10,Urban,409300,12992,7395,494140,HIGH
Cat,Medium,11,Urban,303086,12188,5766,369196,HIGH
Dog,Medium,3,Urban,299945,10290,4239,361645,HIGH
Dog,Small,2,Urban,213067,9386,4371,260847,HIGH
Dog,Medium,6,Semi-Urban,301272,6808,4776,359784,HIGH
Dog,Medium,10,Urban,301277,12956,4794,366881,HIGH
Dog,Large,5,Semi-Urban,409318,8027,6883,487862,HIGH
Dog,Medium,7,Urban,302584,10135,4676,365004,HIGH
Dog,Small,9,Semi-Urban,214245,9141,3073,260427,HIGH
Dog,Large,11,Semi-Urban,406053,11227,6782,487671,HIGH
Cat,Extra Large,10,Urban,497937,12988,8191,596983,HIGH
Dog,Medium,12,Urban,301213,12064,5272,366331,HIGH
Dog,Extra Large,10,Urban,493139,12836,8741,591923,HIGH
Cat,Extra Large,3,Semi-Urban,493856,8315,8936,587773,HIGH
Dog,Medium,12,Urban,300085,13413,6432,367919,HIGH
Dog,Large,6,Urban,409514,10086,6906,490481,HIGH
Dog,Medium,1,Urban,300254,12964,5372,366378,HIGH
Dog,Medium,1,Semi-Urban,301665,10786,5641,365805,HIGH
Dog,Medium,8,Urban,301125,9809,4637,362906,HIGH
Dog,Small,4,Semi-Urban,211884,8893,2574,256853,HIGH
Dog,Small,9,Urban,211665,12111,3476,261339,HIGH
Dog,Small,3,Urban,214095,9355,3492,260983,HIGH
Dog,Large,5,Semi-Urban,411391,7600,7171,490086,HIGH
Dog,Small,12,Urban,212073,13701,3474,263635,HIGH
Dog,Medium,9,Urban,304165,12094,5543,370072,HIGH
Dog,Large,13,Semi-Urban,409169,11199,7478,492022,HIGH
Dog,Extra Large,3,Urban,495758,10602,8466,592049,HIGH
Dog,Extra Large,9,Semi-Urban,499233,10009,8313,595188,HIGH
Cat,Medium,5,Urban,298324,9862,5819,361105,HIGH
Dog,Extra Large,5,Urban,496907,9566,9021,592818,HIGH
Dog,Small,9,Urban,215714,12724,3606,266850,HIGH
Dog,Medium,6,Semi-Urban,301406,8388,4908,361907,HIGH
Cat,Extra Large,2,Urban,496008,11135,8546,593042,HIGH
Dog,Large,4,Urban,409954,9018,7239,490142,HIGH
Cat,Small,10,Urban,212287,14040,2899,263609,HIGH
Cat,Large,3,Semi-Urban,408691,8784,6069,487075,HIGH
Dog,Medium,12,Urban,299292,13656,4644,365230,HIGH
Cat,Large,10,Urban,409375,13765,7189,494878,HIGH
Dog,Large,9,Urban,409372,13154,6929,493873,HIGH
Dog,Medium,6,Semi-Urban,297600,7829,4940,356924,HIGH
Dog,Medium,6,Semi-Urban,299585,6927,4940,358169,HIGH
Cat,Small,12,Urban,214281,14331,3331,266734,HIGH
Dog,Medium,11,Semi-Urban,300311,8717,5847,362106,HIGH
Dog,Medium,5,Urban,300066,11136,4687,363272,HIGH
Dog,Medium,12,Urban,300649,13479,5526,367602,HIGH
Dog,Small,10,Urban,213971,12709,3328,264509,HIGH
Dog,Medium,10,Semi-Urban,304865,11268,4929,369221,HIGH
Dog,Small,4,Urban,212665,11301,3370,261436,HIGH
Cat,Medium,2,Urban,300429,9690,5117,362521,HIGH
Dog,Large,11,Urban,407005,12738,7901,491790,HIGH
Cat,Large,1,Urban,407691,12147,6794,490626,HIGH
Cat,Medium,9,Urban,299733,14260,4756,366561,HIGH
Dog,Large,13,Semi-Urban,407283,10936,7255,489295,HIGH
Cat,Small,12,Urban,211844,13261,3308,262674,HIGH
Dog,Extra Large,2,Semi-Urban,497867,8523,8638,592282,HIGH
Dog,Medium,6,Semi-Urban,298960,9040,4293,359136,HIGH
Cat,Large,3,Urban,410079,9833,7560,491592,HIGH
Dog,Medium,13,Semi-Urban,301310,10583,4830,364231,HIGH
Dog,Large,4,Urban,411788,10146,7051,493332,HIGH
Cat,Medium,6,Urban,303337,10626,5267,367114,HIGH
Cat,Medium,11,Urban,302921,14180,4080,369358,HIGH
Dog,Extra Large,10,Urban,497671,13614,8549,597809,HIGH
Dog,Large,1,Semi-Urban,409791,10446,7454,491844,HIGH
Cat,Small,10,Urban,210987,12934,3482,261513,HIGH
Dog,Large,13,Urban,408176,12848,7324,492600,HIGH
Dog,Medium,13,Urban,305264,13225,5234,372281,HIGH
Dog,Medium,6,Semi-Urban,299913,8352,5233,360522,HIGH
Cat,Extra Large,10,Urban,495348,12477,8067,593275,HIGH
Cat,Medium,9,Urban,301618,13752,5485,368983,HIGH
Dog,Small,1,Urban,211469,13588,3320,262633,HIGH
Dog,Large,4,Urban,407386,11277,7222,489767,HIGH
Dog,Small,4,Urban,207875,9748,3555,254354,HIGH
Dog,Medium,3,Urban,298838,9581,4733,360124,HIGH
Dog,Large,11,Urban,409921,12054,7056,493385,HIGH
Cat,Small,2,Urban,213401,10259,3890,261682,HIGH
Dog,Large,8,Semi-Urban,405570,7761,6827,483181,HIGH
Dog,Medium,9,Urban,299892,13694,6063,367596,HIGH
Dog,Small,6,Semi-Urban,212366,8751,3565,258384,HIGH
Dog,Medium,4,Urban,304218,8667,5233,365835,HIGH
Dog,Medium,9,Semi-Urban,306034,11182,3907,369291,HIGH
Cat,Small,4,Urban,211899,10838,3523,260199,HIGH
Dog,Small,9,Urban,211627,12542,4562,263040,HIGH
Dog,Large,7,Urban,406100,10369,6752,486704,HIGH
Dog,Small,4,Urban,210451,9745,3608,257374,HIGH
Dog,Small,5,Semi-Urban,212197,8762,3994,258695,HIGH
Dog,Medium,3,Urban,302750,9685,5355,365458,HIGH
Dog,Large,8,Urban,408146,10950,6908,489904,HIGH
Dog,Large,13,Semi-Urban,408351,11930,7158,491554,HIGH
Dog,Medium,5,Semi-Urban,300110,9448,5299,362085,HIGH
Cat,Small,12,Urban,215706,11591,3264,265145,HIGH
Cat,Small,13,Urban,217140,12576,3988,268759,HIGH
Dog,Medium,12,Urban,301948,14422,5287,369905,HIGH
Dog,Large,2,Urban,407195,10528,6826,488231,HIGH
Dog,Medium,6,Urban,300405,9304,5171,362112,HIGH
Dog,Extra Large,4,Urban,493212,8083,8060,585758,HIGH
Dog,Medium,12,Urban,303238,13737,4806,370048,HIGH
Dog,Small,5,Urban,213021,8458,2859,257988,HIGH
Dog,Extra Large,4,Urban,496164,10137,8801,592367,HIGH
Dog,Medium,5,Semi-Urban,302452,7733,5542,363086,HIGH
Dog,Large,11,Semi-Urban,410065,9642,6808,490492,HIGH
Cat,Medium,12,Urban,302354,13482,5024,368989,HIGH
Dog,Medium,5,Semi-Urban,302252,6923,4852,361131,HIGH
Dog,Medium,5,Urban,298828,8739,5711,360269,HIGH
Dog,Small,12,Semi-Urban,212020,9184,4063,259057,HIGH
Dog,Medium,9,Semi-Urban,301020,10286,5538,364370,HIGH
Dog,Extra Large,2,Urban,495776,9282,8311,590374,HIGH
Dog,Large,6,Urban,411457,10210,6507,492400,HIGH
Cat,Large,7,Semi-Urban,405205,7144,5895,480980,HIGH
Dog,Large,5,Urban,406950,10005,7360,487962,HIGH
Dog,Extra Large,3,Urban,499792,10045,8741,596364,HIGH
Dog,Medium,9,Urban,303100,12654,4694,368515,HIGH
Dog,Medium,7,Urban,303079,11661,6203,369084,HIGH
Dog,Medium,1,Semi-Urban,301951,9201,5909,364620,HIGH
Dog,Medium,2,Urban,305252,11138,5301,369944,HIGH
Cat,Medium,4,Urban,300843,10190,4421,362772,HIGH
Dog,Small,4,Urban,212588,8933,2773,257938,HIGH
Cat,Large,4,Semi-Urban,410241,7703,7420,489168,HIGH
Dog,Large,9,Urban,406909,14172,6341,491535,HIGH
Cat,Extra Large,11,Semi-Urban,496648,9798,9168,592956,HIGH
Dog,Medium,9,Urban,298666,13580,4924,364745,HIGH
Dog,Medium,6,Urban,303334,10015,4900,365986,HIGH
Dog,Medium,9,Urban,305631,13158,6104,373626,HIGH
Cat,Large,3,Urban,406219,9788,7213,486703,HIGH
Dog,Extra Large,9,Urban,499140,13598,8485,599406,HIGH
Dog,Medium,4,Semi-Urban,302966,9261,5474,365356,HIGH
Dog,Medium,2,Urban,300063,10908,4941,363298,HIGH
Dog,Medium,8,Urban,304541,9632,5312,367407,HIGH
Dog,Large,1,Urban,409916,14752,7341,496810,HIGH
Dog,Large,6,Urban,410362,10092,6833,491380,HIGH
Cat,Medium,11,Semi-Urban,302049,9926,4180,363578,HIGH
Dog,Medium,5,Semi-Urban,300225,7581,4644,359317,HIGH
Dog,Large,5,Semi-Urban,406656,7605,5894,483178,HIGH
Dog,Medium,7,Urban,299144,11176,4673,362241,HIGH
Dog,Medium,2,Urban,303368,10369,5473,367091,HIGH
Dog,Large,11,Urban,408077,13578,6770,492688,HIGH
Cat,Extra Large,12,Urban,496392,13971,8392,596568,HIGH
Dog,Medium,10,Urban,302312,12129,4746,367065,HIGH
Cat,Medium,4,Urban,298777,9554,5314,360691,HIGH
Dog,Large,2,Urban,409848,8869,7055,489637,HIGH
Cat,Medium,2,Urban,302970,9073,5286,364928,HIGH
Cat,Medium,3,Urban,302909,9067,4299,363716,HIGH
Dog,Extra Large,4,Semi-Urban,497061,8606,8209,590957,HIGH
Dog,Medium,6,Urban,301908,10098,4370,363832,HIGH
Dog,Large,5,Urban,410048,10365,7112,491653,HIGH
Dog,Large,11,Urban,408688,12951,7384,493376,HIGH
Cat,Medium,2,Urban,296886,8584,5079,357131,HIGH
Dog,Medium,9,Urban,302165,13500,5015,368782,HIGH
Dog,Medium,10,Semi-Urban,302841,11049,5147,366892,HIGH
Dog,Medium,7,Urban,305306,10653,4591,368632,HIGH
Dog,Extra Large,11,Semi-Urban,496267,11667,8686,594113,HIGH
Cat,Medium,9,Semi-Urban,305272,11064,4647,369130,HIGH
Dog,Medium,8,Urban,300518,10592,4955,363474,HIGH
Cat,Small,7,Semi-Urban,213330,7527,3797,258352,HIGH
Dog,Small,3,Urban,216569,10998,4620,267015,HIGH
Dog,Medium,11,Semi-Urban,302750,9826,4471,364604,HIGH
Cat,Medium,2,Urban,301897,8741,5268,363291,HIGH
Dog,Medium,8,Urban,303143,10031,5280,366222,HIGH
Dog,Large,7,Urban,405889,9547,6862,485642,HIGH
Dog,Small,11,Semi-Urban,216104,10522,2824,263867,HIGH
Dog,Medium,12,Semi-Urban,301916,9353,5545,364336,HIGH
Dog,Large,1,Semi-Urban,406396,9908,6899,486683,HIGH
Dog,Extra Large,9,Semi-Urban,498439,9893,8998,594929,HIGH
Dog,Medium,11,Semi-Urban,305365,11650,5087,370417,HIGH
Dog,Large,6,Urban,407395,10332,6743,488140,HIGH
Dog,Medium,9,Semi-Urban,295950,10054,5215,357901,HIGH
Dog,Small,5,Semi-Urban,207418,8305,4334,253065,HIGH
Dog,Small,10,Urban,211284,13978,3248,262786,HIGH
Dog,Medium,6,Urban,302041,10468,4842,364953,HIGH
Dog,Medium,3,Urban,302165,11013,5454,366426,HIGH
Dog,Large,6,Semi-Urban,406262,8321,7381,485258,HIGH
Dog,Small,3,Semi-Urban,214958,8312,3232,260477,HIGH
Dog,Small,11,Urban,213144,13433,2607,263561,HIGH
Cat,Small,8,Urban,215641,9679,3954,263665,HIGH
Dog,Large,7,Urban,408189,11481,6015,489537,HIGH
Dog,Large,4,Semi-Urban,407464,8438,6964,486295,HIGH
Dog,Small,1,Urban,212029,13417,3886,263731,HIGH
Cat,Medium,2,Urban,299472,8704,5414,360628,HIGH
Cat,Medium,3,Semi-Urban,302739,7922,5038,363053,HIGH
Dog,Medium,4,Urban,300180,9746,5169,362359,HIGH
Dog,Large,10,Semi-Urban,410852,9136,6696,490686,HIGH
Dog,Medium,9,Urban,301169,12978,5832,367975,HIGH
Dog,Small,7,Urban,212111,10465,3709,260227,HIGH
Cat,Small,2,Urban,212696,10181,3268,260066,HIGH
Dog,Extra Large,2,Urban,491916,9542,8099,585990,HIGH
Dog,Small,3,Urban,214386,9714,4332,262696,HIGH
Dog,Extra Large,12,Semi-Urban,496781,10395,8011,592465,HIGH
Cat,Extra Large,2,Urban,494801,10407,8091,590293,HIGH
Dog,Small,11,Semi-Urban,215389,10136,3065,262878,HIGH
Dog,Large,11,Semi-Urban,411579,10192,6776,492829,HIGH
Dog,Large,10,Urban,405501,11596,6726,487396,HIGH
Dog,Medium,9,Urban,303245,12358,4296,367883,HIGH
Dog,Extra Large,11,Urban,498619,12493,8501,597554,HIGH
Dog,Medium,7,Urban,300873,10165,5322,363814,HIGH
Dog,Medium,3,Semi-Urban,302574,10441,5220,365970,HIGH
Dog,Large,3,Semi-Urban,405311,7842,6744,482881,HIGH
Cat,Medium,7,Semi-Urban,302239,8444,5019,363057,HIGH
Cat,Large,4,Semi-Urban,409658,5661,6328,484894,HIGH
Dog,Small,9,Urban,212835,14500,3197,265111,HIGH
Dog,Medium,12,Semi-Urban,301473,10712,5823,365709,HIGH
Dog,Extra Large,8,Semi-Urban,493244,7685,9177,586621,HIGH
Dog,Large,13,Urban,408197,13886,7183,493655,HIGH
Cat,Medium,4,Urban,300388,8912,4953,361390,HIGH
Dog,Large,5,Urban,407382,9194,6536,486578,HIGH
Dog,Medium,12,Urban,301655,12875,3886,366178,HIGH
Dog,Small,11,Urban,214674,12840,3008,265100,HIGH
Dog,Medium,6,Urban,302054,10707,6125,366718,HIGH
Cat,Large,13,Urban,406919,13148,6169,490171,HIGH
Cat,Medium,5,Semi-Urban,302460,8375,5773,364099,HIGH
Dog,Large,3,Urban,406722,10037,7376,487755,HIGH
Dog,Large,3,Urban,410338,10149,6926,491524,HIGH
Cat,Medium,4,Semi-Urban,303351,9147,4453,364493,HIGH
Dog,Large,5,Semi-Urban,406073,6268,7107,482365,HIGH
Dog,Medium,6,Urban,302850,9604,4660,364681,HIGH
Cat,Large,10,Semi-Urban,406252,10679,7208,487759,HIGH
Dog,Large,2,Urban,409420,9083,7116,489461,HIGH
Cat,Small,4,Urban,211397,9077,3848,257970,HIGH
Dog,Medium,1,Urban,303062,12306,5085,368520,HIGH
Cat,Large,7,Urban,412389,11081,6188,494106,HIGH
Dog,Small,3,Urban,211378,10803,4573,260767,HIGH
Dog,Medium,3,Urban,299334,10759,5721,363186,HIGH
Dog,Medium,5,Urban,305027,10232,4445,367659,HIGH
Dog,Large,8,Semi-Urban,407215,6920,7610,485006,HIGH
Cat,Extra Large,11,Urban,498253,12588,8817,597606,HIGH
Dog,Small,2,Urban,211591,9922,4307,259693,HIGH
Cat,Medium,10,Semi-Urban,300738,11513,4959,364791,HIGH
Dog,Small,11,Urban,212948,12606,4720,264815,HIGH
Dog,Small,5,Urban,209219,11032,2999,256737,HIGH
Dog,Medium,5,Urban,303754,9690,5968,367323,HIGH
Cat,Extra Large,7,Semi-Urban,497927,6450,8907,590276,HIGH
Cat,Medium,3,Semi-Urban,297775,8455,5379,358350,HIGH
Dog,Medium,5,Semi-Urban,298819,7453,4870,357813,HIGH
Dog,Medium,7,Urban,299656,9217,5704,361763,HIGH
Cat,Medium,3,Urban,302588,10223,5509,366068,HIGH
Dog,Small,4,Urban,216555,9593,2742,263223,HIGH
Dog,Large,7,Urban,409958,10703,6645,491401,HIGH
Dog,Medium,2,Urban,302235,8893,5318,363912,HIGH
Dog,Small,5,Urban,211528,10395,4276,260128,HIGH
Dog,Medium,1,Semi-Urban,303631,11522,5313,368535,HIGH
Dog,Large,1,Urban,407176,13266,7179,491764,HIGH
Dog,Medium,8,Urban,304830,10451,6007,369481,HIGH
Cat,Medium,11,Semi-Urban,301958,10181,4949,364651,HIGH
Cat,Medium,1,Semi-Urban,305211,9546,5022,367745,HIGH
Dog,Small,11,Urban,212909,13653,3143,264160,HIGH
Dog,Extra Large,5,Urban,497852,8867,8346,592324,HIGH
Dog,Medium,3,Urban,300375,9457,4792,361817,HIGH
Dog,Large,2,Urban,406563,11043,7332,488678,HIGH
Dog,Extra Large,2,Urban,493780,10378,7887,588851,HIGH
Dog,Large,4,Urban,406479,10738,7402,488311,HIGH
Cat,Medium,9,Urban,301522,13244,5674,368506,HIGH
Dog,Medium,7,Semi-Urban,303711,7465,4794,363365,HIGH
Dog,Medium,3,Semi-Urban,302311,9489,5237,364592,HIGH
Dog,Extra Large,4,Urban,497408,9397,9250,593463,HIGH
Dog,Medium,12,Urban,303441,12976,5297,369971,HIGH
Cat,Medium,2,Urban,301083,9459,5158,363055,HIGH
Dog,Large,7,Urban,409109,10337,6335,489648,HIGH
Dog,Medium,8,Urban,299253,9488,6365,362371,HIGH
Dog,Medium,9,Urban,299284,13252,5019,365188,HIGH
Dog,Medium,10,Urban,305294,12538,5306,371608,HIGH
Dog,Medium,12,Urban,299407,11744,4827,363374,HIGH
Dog,Medium,4,Urban,299660,8653,5046,360362,HIGH
Cat,Medium,2,Semi-Urban,305003,7698,4649,364952,HIGH
Cat,Medium,2,Urban,302473,10594,5377,366210,HIGH
Cat,Large,1,Urban,404243,14904,6927,489985,HIGH
Dog,Extra Large,7,Urban,498535,11102,7904,595172,HIGH
Dog,Large,4,Semi-Urban,407620,9127,6916,487212,HIGH
Dog,Medium,8,Urban,302772,10064,5236,365782,HIGH
Dog,Medium,10,Semi-Urban,301055,12461,5187,366508,HIGH
Dog,Large,4,Urban,408168,9374,7337,488610,HIGH
Dog,Small,10,Semi-Urban,209950,10856,3192,257597,HIGH
Cat,Large,7,Urban,406962,9081,5899,485233,HIGH
Dog,Medium,13,Semi-Urban,301581,11459,4954,365693,HIGH
Dog,Small,12,Urban,213262,13117,4489,265498,HIGH
Dog,Small,3,Urban,213355,10079,3907,261442,HIGH
Dog,Medium,10,Urban,302417,13459,5798,369925,HIGH
Dog,Small,4,Urban,215412,10446,3617,263896,HIGH
Dog,Medium,5,Semi-Urban,301937,9151,4938,363429,HIGH
Dog,Medium,8,Urban,300957,10097,4967,363424,HIGH
Cat,Large,3,Urban,408116,9689,6791,488285,HIGH
Dog,Extra Large,3,Urban,497737,9837,8625,593628,HIGH
Dog,Large,7,Urban,407802,9895,5830,487056,HIGH
Dog,Extra Large,10,Urban,496676,13355,8004,595740,HIGH
Dog,Large,9,Urban,403332,12633,7732,487251,HIGH
Dog,Small,7,Urban,212077,9059,4090,259009,HIGH
Dog,Medium,13,Urban,302867,13103,5486,369674,HIGH
Cat,Large,9,Urban,407439,12944,6819,491282,HIGH
Dog,Extra Large,3,Urban,495269,9669,8543,590503,HIGH
Dog,Medium,7,Urban,301415,8509,5640,362898,HIGH
Dog,Large,9,Semi-Urban,410016,9924,7061,491051,HIGH
Dog,Medium,10,Urban,300827,14174,5290,368334,HIGH
Cat,Medium,7,Urban,301672,9943,5125,364251,HIGH
Dog,Extra Large,10,Urban,498006,13306,7904,597098,HIGH
Cat,Extra Large,7,Urban,501846,11154,7674,598775,HIGH
Dog,Small,5,Urban,211573,9415,3418,258066,HIGH
Cat,Medium,10,Urban,302281,14020,4794,369259,HIGH
Dog,Medium,5,Urban,301014,11429,4883,364924,HIGH
Dog,Large,8,Semi-Urban,411394,7809,6062,489054,HIGH
Cat,Small,5,Urban,214649,10069,3096,261986,HIGH
Cat,Large,1,Urban,407075,12801,6913,490807,HIGH
Dog,Large,11,Urban,409676,14562,6402,495236,HIGH
Dog,Small,12,Urban,211510,12431,3664,261745,HIGH
Cat,Large,13,Urban,406181,13796,7368,491446,HIGH
Dog,Large,1,Semi-Urban,405964,10951,7471,488043,HIGH
Dog,Large,11,Urban,407798,12734,7124,491804,HIGH
Dog,Small,4,Semi-Urban,210985,7229,3958,255497,HIGH
Dog,Medium,11,Urban,302397,12640,4896,367922,HIGH
Dog,Medium,8,Urban,302547,11171,5026,366555,HIGH
Dog,Extra Large,7,Semi-Urban,495351,7222,7764,586887,HIGH
Cat,Small,7,Urban,212639,11172,3896,261863,HIGH
Dog,Large,13,Urban,409073,13024,6819,493253,HIGH
Cat,Large,8,Urban,409348,8236,6685,487909,HIGH
Dog,Large,8,Urban,410988,10430,7325,493054,HIGH
Dog,Medium,8,Urban,304640,11131,5085,368984,HIGH
Dog,Large,9,Urban,408585,12455,6688,491887,HIGH
Dog,Large,4,Urban,407720,9643,7165,488207,HIGH
Dog,Large,3,Urban,404746,8306,6894,482937,HIGH
Dog,Small,4,Urban,214157,10747,3770,262975,HIGH
Dog,Medium,3,Semi-Urban,305945,7904,5857,367661,HIGH
Dog,Small,12,Semi-Urban,214230,10677,3117,262227,HIGH
Dog,Small,12,Urban,213633,13712,4160,266230,HIGH
Dog,Small,13,Semi-Urban,209855,10234,3911,257600,HIGH
Dog,Small,11,Urban,216640,12688,4277,268645,HIGH
Dog,Medium,6,Urban,300599,9376,4753,361937,HIGH
Dog,Small,12,Urban,215710,13376,3159,267081,HIGH
Dog,Small,5,Semi-Urban,213944,8710,3607,260200,HIGH
Cat,Extra Large,5,Urban,498309,10704,8498,595137,HIGH
Cat,Medium,12,Urban,303517,12335,4959,368932,HIGH
Dog,Large,11,Urban,407033,12699,6860,490580,HIGH
Dog,Large,12,Urban,408326,12882,6779,492185,HIGH
Dog,Medium,5,Urban,300047,10717,5345,363525,HIGH
Dog,Medium,7,Urban,301028,10592,5013,364127,HIGH
Dog,Small,5,Semi-Urban,213861,9166,3664,260694,HIGH
Dog,Extra Large,10,Semi-Urban,498143,9400,9116,594157,HIGH
Cat,Extra Large,11,Urban,493350,14188,7932,592790,HIGH
Dog,Extra Large,8,Semi-Urban,499156,8097,7614,592097,HIGH
Cat,Medium,2,Urban,302314,9502,6156,365667,HIGH
Cat,Small,11,Urban,212032,12389,4188,262900,HIGH
Cat,Large,7,Urban,405644,8884,6656,484361,HIGH
Dog,Medium,6,Semi-Urban,305488,8792,5039,367216,HIGH
Dog,Extra Large,6,Urban,498523,8794,8156,592793,HIGH
Dog,Extra Large,4,Urban,496233,10033,8625,592124,HIGH
Dog,Small,2,Urban,215975,9917,3228,263488,HIGH
Dog,Large,6,Urban,405929,10353,6987,486759,HIGH
Dog,Large,5,Urban,408003,11440,6568,489912,HIGH
Dog,Large,3,Urban,408264,9986,6420,488370,HIGH
Cat,Extra Large,13,Urban,498905,12634,9165,598809,HIGH
Cat,Large,11,Urban,409028,13057,7177,493651,HIGH
Dog,Extra Large,5,Urban,496616,10429,9002,593454,HIGH
Dog,Medium,1,Urban,304235,12433,4674,369543,HIGH
Cat,Large,10,Urban,408769,12450,7224,492709,HIGH
Dog,Small,1,Semi-Urban,214799,11280,3981,264569,HIGH
Dog,Large,8,Urban,408030,9134,6730,487478,HIGH
Dog,Large,3,Urban,409223,10991,6041,490193,HIGH
Dog,Small,8,Semi-Urban,212208,9001,4168,259183,HIGH
Dog,Large,7,Semi-Urban,410660,8145,8127,490971,HIGH
Dog,Large,1,Semi-Urban,409184,10574,8109,492047,HIGH
Dog,Medium,10,Urban,301650,13962,4442,368062,HIGH
Dog,Extra Large,1,Urban,497090,13145,8845,596942,HIGH
Dog,Medium,7,Urban,300065,11632,6102,365468,HIGH
Dog,Medium,9,Urban,301597,12767,4746,366976,HIGH
Dog,Medium,12,Urban,298389,13299,5232,364458,HIGH
Dog,Medium,13,Urban,301919,14284,5808,370312,HIGH
Dog,Large,4,Urban,407983,9823,6913,488426,HIGH
Cat,Large,13,Urban,408462,12132,7491,492297,HIGH
Dog,Extra Large,7,Semi-Urban,496965,8225,8227,590429,HIGH
Cat,Medium,1,Urban,302246,13473,5680,369608,HIGH
Dog,Small,9,Semi-Urban,211024,11375,4326,260733,HIGH
Dog,Large,7,Urban,406988,10563,6462,487614,HIGH
Dog,Extra Large,12,Semi-Urban,495509,11193,7458,591284,HIGH
Cat,Medium,3,Semi-Urban,298745,7970,6051,359680,HIGH
Dog,Extra Large,5,Semi-Urban,493559,8808,8773,587811,HIGH
Dog,Medium,9,Urban,302249,13099,5152,368575,HIGH
Cat,Medium,5,Urban,301661,10358,4439,363926,HIGH
Cat,Large,7,Semi-Urban,409078,8363,6285,487284,HIGH
Cat,Large,12,Urban,410121,13413,7734,495958,HIGH
Dog,Extra Large,8,Urban,495490,11015,7777,591424,HIGH
Dog,Large,11,Semi-Urban,410153,10724,6492,491474,HIGH
Dog,Medium,3,Urban,299461,9908,5833,362482,HIGH
Cat,Medium,4,Urban,302053,9567,5241,364390,HIGH
Dog,Medium,8,Semi-Urban,301199,7031,5222,360469,HIGH
Cat,Large,4,Semi-Urban,410173,8050,7251,489295,HIGH
Dog,Medium,8,Urban,298244,10288,5475,361108,HIGH
Dog,Extra Large,1,Urban,497333,13119,9001,597370,HIGH
Dog,Medium,2,Urban,298432,11748,5361,362872,HIGH
Dog,Medium,12,Urban,305325,13583,4273,371658,HIGH
Dog,Medium,1,Urban,302731,13144,4621,368570,HIGH
Cat,Medium,9,Semi-Urban,302168,10796,5342,366051,HIGH
Dog,Medium,7,Urban,298559,8728,5299,359473,HIGH
Cat,Medium,8,Semi-Urban,299640,7281,5116,358842,HIGH
Dog,Large,9,Urban,406120,13091,6900,490027,HIGH
Dog,Medium,2,Semi-Urban,306772,7053,5244,366929,HIGH
Dog,Small,2,Semi-Urban,215855,8447,4180,262754,HIGH
Cat,Medium,10,Urban,302103,12118,5881,368117,HIGH
Dog,Medium,2,Urban,303396,8210,5619,364808,HIGH
Dog,Small,8,Urban,213566,10200,3185,260993,HIGH
Dog,Small,9,Urban,214401,13149,2586,264656,HIGH
Dog,Small,8,Urban,216142,10197,3798,264657,HIGH
Dog,Small,2,Urban,213910,9677,4011,261737,HIGH
Cat,Small,5,Urban,214687,10226,3367,262522,HIGH
Cat,Medium,13,Urban,297651,12040,5323,362266,HIGH
Dog,Large,10,Urban,405013,11777,6983,487338,HIGH
Cat,Small,13,Urban,210273,13501,3548,261420,HIGH
Dog,Medium,5,Semi-Urban,301199,6469,5490,360131,HIGH
Dog,Extra Large,10,Urban,491999,13849,9107,592198,HIGH
Cat,Medium,2,Urban,305251,9288,5426,367959,HIGH
Cat,Medium,1,Urban,304018,12952,5123,370406,HIGH
Dog,Medium,9,Urban,302110,12288,4994,367300,HIGH
Cat,Extra Large,3,Urban,495589,10525,8038,591274,HIGH
Cat,Large,8,Urban,406743,9833,6855,486945,HIGH
Dog,Medium,7,Semi-Urban,306489,7632,6163,368326,HIGH
Dog,Medium,4,Semi-Urban,306184,7172,4940,366040,HIGH
Dog,Medium,9,Semi-Urban,302873,10411,5263,366329,HIGH
Cat,Medium,8,Urban,303093,10340,4564,365696,HIGH
Dog,Extra Large,9,Urban,495500,12213,7811,592852,HIGH
Dog,Medium,11,Semi-Urban,303196,9679,4919,365463,HIGH
Dog,Medium,2,Urban,304336,10623,4551,367436,HIGH
Dog,Medium,8,Urban,302163,10150,5105,365030,HIGH
Dog,Medium,3,Urban,303413,10955,5750,368135,HIGH
Dog,Medium,13,Semi-Urban,301675,9411,5345,363895,HIGH
Dog,Medium,4,Urban,299105,9340,5607,361159,HIGH
Cat,Large,10,Urban,407970,12159,6744,490903,HIGH
Dog,Large,11,Urban,409280,12428,7797,493930,HIGH
Dog,Large,6,Urban,406912,10286,6601,487368,HIGH
Dog,Medium,3,Urban,300964,10692,4690,363797,HIGH
Dog,Small,11,Urban,212620,14130,3137,264370,HIGH
Dog,Large,13,Urban,407377,13693,7398,492738,HIGH
Dog,Medium,9,Urban,305271,13043,4954,371758,HIGH
Dog,Medium,8,Urban,300998,9116,5316,362744,HIGH
Dog,Medium,2,Semi-Urban,304841,8293,5463,366386,HIGH
Dog,Small,7,Urban,208762,9767,3560,255402,HIGH
Dog,Small,7,Semi-Urban,214283,8860,4204,261449,HIGH
Dog,Medium,4,Urban,304243,11478,4446,368192,HIGH
Cat,Medium,12,Urban,300041,12605,5264,365596,HIGH
Dog,Large,6,Urban,410757,9005,6744,490481,HIGH
Cat,Large,5,Urban,408909,9284,7682,489756,HIGH
Dog,Medium,2,Urban,299985,9313,4826,361242,HIGH
Cat,Extra Large,1,Urban,495384,13750,7649,594300,HIGH
Dog,Medium,1,Urban,298955,12574,5429,364501,HIGH
Dog,Medium,6,Semi-Urban,300125,8186,5187,360522,HIGH
Cat,Small,4,Urban,208024,9058,3621,253808,HIGH
Dog,Small,4,Semi-Urban,213794,7633,3173,258290,HIGH
Cat,Small,13,Urban,213458,13814,2951,264756,HIGH
Cat,Medium,3,Urban,298581,10113,5209,360988,HIGH
Cat,Small,2,Urban,215954,11133,3581,265268,HIGH
Dog,Small,11,Urban,214235,12530,3310,264586,HIGH
Dog,Medium,8,Semi-Urban,306307,7621,5284,367093,HIGH
Cat,Medium,13,Urban,305332,13727,5420,373150,HIGH
Dog,Small,12,Urban,213742,13703,3657,265767,HIGH
Dog,Medium,4,Urban,302411,10308,4920,365284,HIGH
Cat,Small,1,Urban,212634,11981,3633,262485,HIGH
Cat,Medium,2,Urban,301241,10782,4490,363989,HIGH
Dog,Large,10,Semi-Urban,405790,10618,7415,487396,HIGH
Dog,Large,8,Semi-Urban,409285,8044,6899,487862,HIGH
Dog,Large,6,Semi-Urban,410700,8876,7582,491231,HIGH
Dog,Extra Large,7,Urban,496834,9980,8215,592283,HIGH
Dog,Large,7,Urban,406728,10997,6262,487585,HIGH
Dog,Medium,6,Urban,303648,10055,5569,367162,HIGH
Dog,Medium,12,Urban,303089,11807,5173,368079,HIGH
Cat,Small,4,Urban,212316,9421,3090,258551,HIGH
Dog,Large,7,Urban,408005,9663,6151,487391,HIGH
Dog,Large,1,Urban,407671,13121,6495,491380,HIGH
Dog,Small,8,Semi-Urban,214196,7827,3284,259103,HIGH
Cat,Small,4,Urban,213110,10715,3895,261878,HIGH
Dog,Large,13,Urban,407994,14548,7501,494549,HIGH
Cat,Large,8,Urban,408835,8972,7568,489181,HIGH
Dog,Extra Large,9,Semi-Urban,498603,10713,7618,594474,HIGH
Cat,Large,7,Urban,408119,10007,6606,488441,HIGH
Dog,Medium,6,Urban,300289,9072,4672,361137,HIGH
Cat,Medium,2,Urban,301247,10986,5316,365181,HIGH
Cat,Medium,1,Urban,302061,13275,5121,368525,HIGH
Dog,Extra Large,8,Semi-Urban,496000,8074,7603,588428,HIGH
Dog,Large,9,Urban,409532,12773,6763,493428,HIGH
Dog,Extra Large,5,Urban,499335,11648,8526,597435,HIGH
Dog,Large,8,Semi-Urban,409505,7770,6649,487512,HIGH
Cat,Medium,3,Semi-Urban,301716,8059,5068,362069,HIGH
Dog,Medium,11,Urban,299223,13188,4916,364926,HIGH
Dog,Medium,4,Urban,301481,9675,4385,362872,HIGH
Dog,Medium,1,Semi-Urban,301421,9351,5884,364154,HIGH
Cat,Extra Large,13,Urban,496809,12696,8378,595565,HIGH
Dog,Medium,4,Urban,300042,10364,5197,362943,HIGH
Dog,Large,9,Urban,406167,12640,6756,489397,HIGH
Cat,Large,10,Urban,410303,13798,7489,496328,HIGH
Dog,Large,11,Urban,406758,12821,7065,490640,HIGH
Cat,Large,7,Urban,407176,9532,6016,486132,HIGH
Dog,Small,11,Urban,213266,12094,4132,263915,HIGH
Dog,Medium,13,Urban,306350,14135,6115,375590,HIGH
Dog,Large,13,Semi-Urban,409741,9712,6664,490034,HIGH
Dog,Medium,6,Urban,304789,10841,5203,368957,HIGH
Cat,Medium,6,Urban,300535,9839,5948,363770,HIGH
Cat,Extra Large,2,Urban,501049,9383,9051,597405,HIGH
Dog,Small,1,Urban,213511,11764,3917,263570,HIGH
Cat,Small,11,Urban,210656,12967,3349,261017,HIGH
Dog,Large,2,Semi-Urban,406220,8627,7163,485311,HIGH
Dog,Medium,4,Urban,298462,10993,4971,361589,HIGH
Dog,Large,8,Urban,406823,8832,6973,486022,HIGH
Dog,Small,1,Urban,213186,12392,2642,262453,HIGH
Dog,Small,6,Urban,212169,11342,2966,260448,HIGH
Dog,Medium,12,Urban,299812,12932,4870,365256,HIGH
Dog,Small,4,Urban,212675,10154,3116,259836,HIGH
Dog,Large,7,Semi-Urban,407283,7157,7049,484712,HIGH
Cat,Small,5,Urban,210354,10489,3884,258436,HIGH
Cat,Medium,3,Semi-Urban,301935,8524,5059,362845,HIGH
Cat,Large,10,Urban,407866,13601,6654,492339,HIGH
Dog,Large,6,Urban,410085,10305,7453,492019,HIGH
Dog,Medium,2,Urban,304069,10658,4959,367638,HIGH
Dog,Medium,9,Urban,300998,13132,5583,367669,HIGH
Dog,Medium,9,Semi-Urban,299154,9458,4331,359884,HIGH
Dog,Large,8,Urban,409170,10082,5915,488942,HIGH
Cat,Medium,10,Semi-Urban,299659,9744,4818,361354,HIGH
Cat,Extra Large,8,Urban,496776,8884,8492,591274,HIGH
Dog,Medium,2,Urban,302500,10722,4906,365847,HIGH
Dog,Medium,12,Semi-Urban,303217,11419,5507,368164,HIGH
Dog,Large,7,Semi-Urban,406745,9769,7352,487445,HIGH
Cat,Large,5,Urban,408611,11673,7097,491488,HIGH
Dog,Medium,1,Urban,299375,13329,4543,364834,HIGH
Dog,Medium,6,Urban,302658,10092,5213,365657,HIGH
Dog,Large,8,Urban,405886,11142,6038,486525,HIGH
Dog,Large,7,Semi-Urban,407870,8349,6829,486505,HIGH
Dog,Large,1,Urban,408144,13668,7068,493212,HIGH
Cat,Medium,2,Urban,302792,9355,5845,365690,HIGH
Cat,Small,10,Urban,211583,12747,3518,262025,HIGH
Dog,Medium,1,Urban,302469,11490,5061,366873,HIGH
Cat,Medium,2,Semi-Urban,302155,8235,5286,363027,HIGH
Dog,Medium,10,Semi-Urban,301267,10366,4258,363274,HIGH
Dog,Small,6,Urban,212058,9112,3980,258922,HIGH
Dog,Medium,4,Urban,304233,9054,5001,366031,HIGH
Dog,Medium,7,Urban,299024,10012,5197,361367,HIGH
Dog,Large,3,Urban,410333,10100,6809,491328,HIGH
Cat,Medium,3,Urban,304035,9842,4838,366522,HIGH
Dog,Large,9,Urban,406823,13480,7171,491595,HIGH
Cat,Large,8,Urban,411115,10196,7374,492987,HIGH
Dog,Extra Large,13,Urban,493639,13035,7670,591495,HIGH
Dog,Extra Large,9,Urban,495860,11744,8135,593099,HIGH
Cat,Medium,4,Urban,301060,9167,4990,362499,HIGH
Cat,Extra Large,5,Semi-Urban,493945,6845,8510,585695,HIGH
Cat,Large,7,Semi-Urban,409466,7775,7269,488186,HIGH
Dog,Large,1,Urban,407464,14017,7194,492976,HIGH
Dog,Medium,4,Urban,300379,9302,5664,362646,HIGH
Dog,Large,1,Urban,409524,12952,6863,493739,HIGH
Dog,Extra Large,11,Urban,497214,13824,9266,598349,HIGH
Dog,Extra Large,6,Urban,498347,9433,8182,593356,HIGH
Cat,Large,9,Urban,405351,13741,7702,490813,HIGH
Dog,Small,13,Urban,212772,11871,3406,262256,HIGH
Dog,Medium,3,Urban,301778,10555,4928,364850,HIGH
Dog,Large,2,Urban,411663,9941,6809,492674,HIGH
Dog,Small,9,Urban,211147,13218,4145,262786,HIGH
Cat,Large,10,Urban,411278,11366,6949,494031,HIGH
Dog,Large,11,Urban,410132,13106,7884,495790,HIGH
Dog,Large,11,Urban,407294,12119,6895,490254,HIGH
Dog,Extra Large,5,Urban,492828,11648,9081,590590,HIGH
Cat,Medium,13,Urban,303506,12648,4796,369092,HIGH
Dog,Medium,10,Semi-Urban,300729,9006,4872,361798,HIGH
Cat,Large,7,Urban,407789,9602,6927,487965,HIGH
Dog,Large,9,Semi-Urban,409189,11932,6811,492121,HIGH
Dog,Medium,13,Semi-Urban,302368,9390,5076,364359,HIGH
Dog,Large,10,Urban,411215,14109,6890,497046,HIGH
Dog,Medium,4,Urban,301383,10855,5848,365798,HIGH
Dog,Large,6,Semi-Urban,409252,7687,7565,488179,HIGH
Dog,Large,13,Urban,406855,12137,6965,489850,HIGH
Cat,Small,1,Semi-Urban,212845,9848,3257,259842,HIGH
Cat,Extra Large,5,Semi-Urban,495971,7524,7760,587943,HIGH
Cat,Large,10,Urban,406058,12695,6796,489381,HIGH
Dog,Large,7,Urban,406578,10554,6797,487518,HIGH
Dog,Medium,2,Urban,301019,9990,4638,362994,HIGH
Cat,Large,5,Urban,406564,9983,7628,487801,HIGH
Dog,Medium,4,Semi-Urban,302833,7319,4701,362080,HIGH
Dog,Medium,8,Urban,303126,10786,4430,366093,HIGH
Dog,Medium,7,Semi-Urban,300020,8229,4626,359806,HIGH
Dog,Medium,6,Semi-Urban,304645,7898,4963,365131,HIGH
Dog,Medium,10,Urban,299842,12938,5543,366071,HIGH
Dog,Large,6,Semi-Urban,408007,7857,7689,487085,HIGH
Cat,Medium,8,Urban,299235,9760,4929,361012,HIGH
Cat,Small,1,Urban,216833,13525,3110,268488,HIGH
Dog,Large,8,Semi-Urban,407957,8028,6356,485692,HIGH
Dog,Small,3,Semi-Urban,213467,7801,3405,258373,HIGH
Dog,Small,4,Urban,210396,10054,4131,258268,HIGH
Dog,Medium,13,Urban,302477,13471,5632,369817,HIGH
Dog,Large,11,Urban,409517,13557,8250,496022,HIGH
Dog,Medium,13,Urban,297485,13179,5274,363328,HIGH
Dog,Medium,12,Urban,302059,13555,5569,369360,HIGH
Dog,Medium,9,Urban,303978,13604,4851,370797,HIGH
Cat,Medium,1,Urban,303418,11876,4702,367995,HIGH
Dog,Small,13,Semi-Urban,215208,10705,2428,262592,HIGH
Cat,Small,8,Urban,213629,10520,4431,262867,HIGH
Dog,Small,1,Urban,214564,13496,3743,266573,HIGH
Dog,Small,11,Urban,213349,13562,4285,265875,HIGH
Dog,Extra Large,5,Urban,494749,10481,7859,590052,HIGH
Cat,Medium,9,Urban,304024,14090,4459,370958,HIGH
Dog,Small,7,Urban,214913,10061,3512,262758,HIGH
Dog,Medium,7,Urban,300297,8908,6168,362678,HIGH
Dog,Large,6,Semi-Urban,405421,8079,7675,484351,HIGH
Cat,Large,10,Urban,408836,12628,6954,492680,HIGH
Cat,Small,3,Semi-Urban,211273,7212,3543,255332,HIGH
Dog,Medium,1,Urban,302658,13131,4728,368594,HIGH
Dog,Medium,3,Urban,301783,10687,5827,366041,HIGH
Dog,Small,11,Urban,211853,13687,3921,263880,HIGH
Cat,Extra Large,10,Urban,495571,13696,8554,595494,HIGH
Dog,Medium,3,Urban,301114,12734,4323,365896,HIGH
Dog,Medium,12,Urban,304334,12738,4951,370326,HIGH
Dog,Large,12,Semi-Urban,409213,8692,6102,487608,HIGH
Dog,Large,9,Urban,407123,12818,7678,491761,HIGH
Dog,Medium,5,Urban,299706,11665,4869,363676,HIGH
Dog,Large,10,Semi-Urban,402413,11683,7145,484427,HIGH
Cat,Medium,1,Urban,302451,11954,5193,367537,HIGH
Dog,Extra Large,2,Semi-Urban,494629,7078,9162,587499,HIGH
Dog,Large,8,Semi-Urban,405569,7518,6625,482668,HIGH
Dog,Large,4,Urban,408757,11078,6515,490302,HIGH
Dog,Medium,13,Semi-Urban,301037,10925,5257,364801,HIGH
Dog,Large,4,Urban,410856,9292,6343,490464,HIGH
Dog,Medium,5,Urban,302795,8582,5271,364145,HIGH
Dog,Medium,13,Urban,301255,12805,5033,366956,HIGH
Dog,Small,4,Semi-Urban,210921,7444,3771,255456,HIGH
Dog,Medium,1,Urban,299833,12332,4865,364584,HIGH
Dog,Small,6,Urban,213667,8464,4032,260087,HIGH
Dog,Medium,11,Urban,306851,13466,5493,374681,HIGH
Dog,Medium,10,Urban,301664,13528,5355,368629,HIGH
Cat,Large,10,Urban,410396,13962,7681,496844,HIGH
Cat,Medium,1,Urban,299858,12902,5168,365617,HIGH
Dog,Large,4,Semi-Urban,407373,7705,7544,486015,HIGH
Dog,Extra Large,4,Urban,497231,9723,8824,593144,HIGH
Dog,Medium,3,Urban,295442,9746,4843,356535,HIGH
Dog,Large,1,Semi-Urban,408828,9423,8149,490360,HIGH
Cat,Large,7,Urban,405714,9383,6586,484935,HIGH
Dog,Small,2,Semi-Urban,209970,8513,3408,255174,HIGH
Dog,Small,3,Urban,212877,8670,4030,259413,HIGH
Dog,Medium,3,Urban,296257,10902,5618,359693,HIGH
Dog,Medium,11,Urban,304255,12435,4543,369417,HIGH
Cat,Large,7,Semi-Urban,408832,9226,6702,488474,HIGH
Dog,Small,3,Urban,207618,10383,3514,254742,HIGH
Dog,Extra Large,8,Urban,498961,9484,8834,594870,HIGH
Cat,Small,8,Semi-Urban,215596,7917,3170,260685,HIGH
Cat,Small,3,Urban,214388,9935,3433,261919,HIGH
Cat,Large,1,Urban,407185,12575,7618,491484,HIGH
Dog,Large,3,Urban,408201,10170,6354,488433,HIGH
Dog,Medium,1,Semi-Urban,303498,10819,4525,366668,HIGH
Dog,Medium,1,Urban,300881,14511,5105,368571,HIGH
Dog,Large,6,Urban,408153,7724,6944,486244,HIGH
Dog,Large,12,Semi-Urban,408535,11229,8210,492170,HIGH
Dog,Small,4,Semi-Urban,215403,7625,3540,260553,HIGH
Cat,Large,1,Urban,409149,11842,6442,491547,HIGH
Dog,Small,5,Semi-Urban,214972,7881,3881,260744,HIGH
Dog,Small,8,Urban,214249,9205,3325,260795,HIGH
Dog,Extra Large,1,Urban,500282,13506,8973,601175,HIGH
Dog,Large,6,Urban,407788,10424,6121,487982,HIGH
Dog,Small,3,Semi-Urban,214267,8899,3736,260937,HIGH
Cat,Extra Large,7,Semi-Urban,497027,8330,8188,590576,HIGH
Dog,Small,3,Urban,213296,10540,3201,261092,HIGH
Cat,Large,11,Semi-Urban,407390,11202,6448,488796,HIGH
Cat,Large,7,Urban,407514,10210,7027,488463,HIGH
Cat,Medium,13,Urban,299944,12447,5044,365050,HIGH
Cat,Medium,5,Urban,300049,11351,4821,363654,HIGH
Dog,Medium,5,Urban,302438,10587,5811,366661,HIGH
Cat,Small,9,Urban,212905,11521,3035,261580,HIGH
Dog,Medium,6,Urban,302742,11064,4656,366231,HIGH
Dog,Large,9,Semi-Urban,407684,10782,6824,489083,HIGH
Dog,Extra Large,10,Urban,499545,13467,8428,599656,HIGH
Cat,Small,6,Urban,213231,10906,4461,262887,HIGH
Dog,Small,6,Urban,210024,10290,4107,258084,HIGH
Cat,Small,9,Urban,213152,12497,4574,264756,HIGH
Dog,Large,5,Urban,408613,9777,6917,489103,HIGH
Dog,Small,11,Semi-Urban,211899,10648,3252,259668,HIGH
Dog,Medium,2,Urban,300634,9383,5860,363258,HIGH
Cat,Medium,7,Urban,303736,9105,5551,366150,HIGH
Dog,Small,4,Urban,212095,9984,2955,258789,HIGH
Dog,Extra Large,4,Urban,495213,10885,8121,591351,HIGH
Dog,Medium,3,Urban,297272,9850,5738,359789,HIGH
Dog,Extra Large,1,Urban,494213,13371,7719,592598,HIGH
Cat,Large,7,Urban,410700,9491,6079,490210,HIGH
Dog,Medium,11,Urban,299167,13841,5274,366024,HIGH
Cat,Medium,2,Urban,300792,9200,5167,362432,HIGH
Dog,Medium,8,Urban,304366,9900,4518,366601,HIGH
Cat,Large,8,Urban,407983,11090,6609,489534,HIGH
Cat,Large,12,Urban,407868,12811,6869,491680,HIGH
Dog,Medium,11,Urban,301682,12923,4818,367336,HIGH
Cat,Small,9,Semi-Urban,211477,12667,3423,261702,HIGH
Dog,Large,7,Urban,407883,11490,6962,490285,HIGH
Dog,Large,2,Semi-Urban,407042,7047,7298,484595,HIGH
Dog,Small,3,Urban,209623,8336,3700,254907,HIGH
Dog,Large,1,Urban,409445,12161,6010,491758,HIGH
Dog,Medium,7,Urban,303227,10777,5797,367771,HIGH
Dog,Large,2,Urban,408180,11462,6350,489890,HIGH
Dog,Extra Large,9,Urban,500664,12813,9352,601253,HIGH
Cat,Large,4,Urban,402673,9377,6861,481747,HIGH
Dog,Small,1,Urban,209490,12052,4402,259835,HIGH
Dog,Large,4,Urban,408461,9494,6714,488369,HIGH
Dog,Small,10,Semi-Urban,213570,10563,3462,261734,HIGH
Dog,Medium,12,Urban,301099,12120,5289,366284,HIGH
Dog,Medium,4,Urban,302641,10451,4519,365252,HIGH
Cat,Small,9,Urban,213054,13693,2781,263957,HIGH
Dog,Small,11,Urban,218076,11515,3843,268449,HIGH
Dog,Small,1,Semi-Urban,211941,9537,3197,258376,HIGH
Dog,Medium,5,Urban,302243,9343,5334,364458,HIGH
Dog,Medium,2,Semi-Urban,302711,9568,5502,365448,HIGH
Dog,Large,10,Urban,407720,13247,7465,492696,HIGH
Dog,Medium,8,Urban,304780,9735,6313,368952,HIGH
Dog,Small,1,Semi-Urban,213766,10360,3474,261740,HIGH
Cat,Medium,13,Urban,301523,14474,5202,369378,HIGH
Cat,Medium,12,Semi-Urban,298754,9689,5551,361093,HIGH
Dog,Medium,4,Semi-Urban,301969,8265,4611,362071,HIGH
Dog,Extra Large,13,Urban,496454,11300,8054,593179,HIGH
Dog,Large,11,Urban,409875,12832,6575,493674,HIGH
Dog,Large,12,Urban,407161,11592,7142,489779,HIGH
Cat,Large,8,Urban,408962,6994,7151,486573,HIGH
Dog,Medium,2,Urban,298877,8335,5239,359318,HIGH
Dog,Medium,6,Semi-Urban,301610,6817,5596,361126,HIGH
Dog,Extra Large,2,Urban,496992,9756,9053,593171,HIGH
Dog,Medium,11,Semi-Urban,302675,11701,5263,367584,HIGH
Dog,Medium,5,Semi-Urban,303321,7538,5710,364054,HIGH
Cat,Medium,11,Semi-Urban,299854,11485,5102,363907,HIGH
Dog,Medium,7,Urban,303758,9607,5489,366682,HIGH
Dog,Small,13,Urban,211314,13899,2774,262185,HIGH
Dog,Large,8,Urban,408657,9599,7166,489235,HIGH
Dog,Medium,8,Urban,300031,9474,5350,362083,HIGH
Dog,Medium,3,Urban,298395,9193,4280,358648,HIGH
Dog,Extra Large,12,Urban,498391,12276,8295,596806,HIGH
Dog,Small,4,Urban,215739,9901,3730,263775,HIGH
Cat,Medium,4,Urban,300593,10988,5147,364237,HIGH
Dog,Extra Large,5,Urban,500526,10355,7624,596280,HIGH
Dog,Medium,12,Urban,301806,12133,4137,365787,HIGH
Dog,Extra Large,6,Semi-Urban,498523,7157,9086,591980,HIGH
Dog,Medium,1,Semi-Urban,302972,10676,5111,366572,HIGH
Dog,Medium,12,Urban,303471,13324,4849,369890,HIGH
Dog,Medium,8,Urban,302292,9764,4529,364072,HIGH
Dog,Medium,3,Urban,303330,11058,4824,367093,HIGH
Dog,Medium,11,Semi-Urban,302742,10155,5509,366166,HIGH
Dog,Large,10,Urban,410135,13520,6409,494573,HIGH
Dog,Medium,5,Urban,307771,10561,4942,371765,HIGH
Dog,Large,8,Semi-Urban,408959,8096,7231,487928,HIGH
Dog,Medium,6,Semi-Urban,300654,8065,4875,360633,HIGH
Dog,Large,13,Semi-Urban,410882,11696,6705,493675,HIGH
Dog,Medium,6,Urban,303991,9924,5119,366889,HIGH
Dog,Small,9,Urban,215427,12092,3370,265522,HIGH
Cat,Small,4,Semi-Urban,215095,6952,2458,258180,HIGH
Dog,Extra Large,3,Semi-Urban,496642,8507,8543,590745,HIGH
Dog,Small,7,Semi-Urban,214992,6071,4278,259142,HIGH
Dog,Small,1,Urban,214802,12785,4373,266754,HIGH
Dog,Medium,3,Semi-Urban,305143,7844,5304,366034,HIGH
Dog,Medium,1,Urban,300069,13870,4175,365831,HIGH
Dog,Large,13,Urban,403754,12830,6929,487039,HIGH
Dog,Large,7,Urban,403591,9341,6614,482477,HIGH
Cat,Small,9,Urban,208405,12521,3435,258015,HIGH
Dog,Large,6,Urban,407327,11563,7546,490401,HIGH
Dog,Small,10,Urban,212544,15064,3871,266200,HIGH
Dog,Small,11,Semi-Urban,209414,9488,3431,255682,HIGH
Cat,Medium,13,Urban,305255,11649,5311,370547,HIGH
Dog,Extra Large,2,Urban,495942,10407,8888,592522,HIGH
Cat,Small,5,Urban,213061,9566,2987,259456,HIGH
Dog,Large,3,Urban,409176,10799,7336,491407,HIGH
Dog,Large,2,Urban,407555,10208,7295,488816,HIGH
Dog,Extra Large,1,Semi-Urban,495925,10591,8133,591846,HIGH
Dog,Small,2,Urban,213367,9409,2966,259603,HIGH
Dog,Medium,1,Urban,304742,13373,5065,371657,HIGH
Dog,Medium,13,Urban,301651,12144,4765,366344,HIGH
Cat,Medium,3,Urban,304536,10234,4869,367584,HIGH
Dog,Extra Large,7,Urban,498869,9384,9313,595200,HIGH
Dog,Medium,7,Urban,305629,10308,3746,367635,HIGH
Dog,Medium,5,Urban,299860,9350,4768,361074,HIGH
Cat,Extra Large,4,Urban,494319,9961,8272,589434,HIGH
Dog,Small,9,Semi-Urban,211987,10700,4171,260886,HIGH
Dog,Medium,8,Urban,302019,9508,4699,363659,HIGH
Cat,Large,9,Semi-Urban,410365,10022,7261,491795,HIGH
Dog,Small,10,Semi-Urban,213443,11507,3395,262596,HIGH
Cat,Large,7,Urban,407084,10630,6576,487933,HIGH
Dog,Medium,7,Urban,303485,10316,5146,366789,HIGH
Dog,Medium,2,Semi-Urban,304564,8930,5234,366537,HIGH
Dog,Large,12,Urban,410728,13120,6765,495204,HIGH
Cat,Medium,4,Urban,304403,9429,4969,366621,HIGH
Dog,Large,7,Urban,403634,10681,6142,483525,HIGH
Dog,Medium,1,Urban,303523,13854,5262,371034,HIGH
Cat,Medium,6,Urban,302968,10633,4566,365892,HIGH
Dog,Extra Large,11,Semi-Urban,493962,10303,9171,590451,HIGH
Dog,Large,2,Urban,405936,9012,6279,484411,HIGH
Dog,Small,11,Urban,215041,12288,3557,265518,HIGH
Dog,Medium,1,Semi-Urban,301120,10635,4348,363518,HIGH
Dog,Small,9,Urban,215401,11877,2601,264360,HIGH
Cat,Small,8,Urban,212253,10171,3379,259673,HIGH
Dog,Medium,11,Urban,300160,14697,5215,368082,HIGH
Dog,Large,6,Urban,407156,10440,6271,487447,HIGH
Dog,Medium,7,Urban,301492,10889,5331,365368,HIGH
Dog,Medium,9,Urban,299457,13598,5032,365800,HIGH
Dog,Large,1,Urban,408646,13385,6520,492833,HIGH
Dog,Large,1,Urban,406664,12321,6684,489519,HIGH
Dog,Medium,11,Urban,302066,14124,5599,370057,HIGH
Dog,Large,10,Urban,411310,12715,6148,494698,HIGH
Cat,Small,6,Urban,213764,11282,3423,262739,HIGH
Dog,Large,7,Urban,409709,9201,6765,489526,HIGH
Dog,Large,1,Urban,408981,13129,7904,494516,HIGH
Dog,Large,1,Urban,410657,12766,7395,495440,HIGH
Dog,Medium,3,Semi-Urban,301894,7017,4601,360538,HIGH
Dog,Medium,13,Semi-Urban,306356,10397,5211,370258,HIGH
Dog,Small,7,Urban,214056,11537,3804,263806,HIGH
Dog,Medium,13,Urban,300940,13208,5499,367594,HIGH
Dog,Large,4,Urban,408745,9513,6227,488157,HIGH
Cat,Medium,12,Semi-Urban,302018,10722,4497,364822,HIGH
Dog,Large,9,Urban,409211,11395,6939,491676,HIGH
Dog,Medium,4,Urban,303440,10976,4883,367193,HIGH
Dog,Small,5,Urban,212480,10322,3675,260448,HIGH
Cat,Medium,8,Semi-Urban,300345,7670,3932,358739,HIGH
Dog,Medium,9,Urban,301141,13078,5242,367380,HIGH
Dog,Large,13,Urban,412171,13803,6703,497578,HIGH
Dog,Small,12,Urban,212591,14160,3295,264552,HIGH
Dog,Medium,7,Urban,300563,8770,5978,362607,HIGH
Dog,Small,12,Urban,214099,12876,4107,265744,HIGH
Dog,Small,7,Urban,214669,10889,3324,263214,HIGH
Cat,Large,7,Semi-Urban,407025,7218,6216,483527,HIGH
Cat,Medium,10,Urban,301746,12287,4870,366738,HIGH
Dog,Large,8,Semi-Urban,407358,7653,6316,484526,HIGH
Dog,Large,11,Urban,413113,12843,7295,498238,HIGH
Dog,Large,7,Urban,407383,8956,7463,487372,HIGH
Dog,Large,2,Urban,411511,9690,6546,491909,HIGH
Dog,Large,10,Urban,408482,13347,6580,492670,HIGH
Dog,Large,13,Urban,409940,14654,7755,497201,HIGH
Dog,Medium,9,Semi-Urban,301852,10705,4155,364218,HIGH
Dog,Medium,12,Semi-Urban,297320,10898,5511,360788,HIGH
Dog,Medium,11,Urban,301730,14884,5535,370471,HIGH
Dog,Medium,5,Urban,301184,10045,4891,363538,HIGH
Dog,Large,7,Semi-Urban,409263,7217,6708,486666,HIGH
Dog,Medium,9,Semi-Urban,299108,10093,4936,361257,HIGH
Dog,Medium,8,Semi-Urban,300646,7538,4840,359977,HIGH
Dog,Medium,6,Urban,304077,11198,4633,367894,HIGH
Cat,Medium,2,Urban,303250,9949,4357,365189,HIGH
Dog,Medium,5,Semi-Urban,298484,8599,4256,358039,HIGH
Cat,Medium,3,Urban,306500,9307,4850,368755,HIGH
Dog,Medium,1,Urban,300183,12324,5130,365282,HIGH
Dog,Medium,8,Urban,301240,10021,6063,364922,HIGH
Dog,Extra Large,6,Semi-Urban,497093,7922,7910,589863,HIGH
Cat,Medium,5,Semi-Urban,302528,10028,5143,365353,HIGH
Dog,Extra Large,11,Urban,496535,12975,8074,595221,HIGH
Dog,Medium,8,Urban,300804,9113,4848,361979,HIGH
Dog,Medium,13,Semi-Urban,297111,9730,4166,357658,HIGH
Dog,Large,4,Semi-Urban,410279,9258,7005,490523,HIGH
Dog,Medium,1,Urban,301349,12574,5563,367408,HIGH
Dog,Extra Large,3,Semi-Urban,495862,9631,8568,591170,HIGH
Dog,Large,1,Urban,409650,12808,6763,493604,HIGH
Dog,Large,5,Urban,408471,9899,6773,488914,HIGH
Dog,Medium,7,Urban,303150,9102,5514,365430,HIGH
Dog,Large,12,Urban,407064,13904,7170,492358,HIGH
Dog,Medium,10,Semi-Urban,301096,10060,4848,363404,HIGH
Dog,Large,3,Urban,410761,11226,6681,492968,HIGH
Dog,Small,7,Urban,213902,9665,3456,261076,HIGH
Dog,Large,4,Semi-Urban,410194,8810,7278,490224,HIGH
Dog,Medium,9,Semi-Urban,301357,10680,5788,365498,HIGH
Dog,Medium,6,Urban,300424,10448,5201,363483,HIGH
Dog,Medium,7,Semi-Urban,301423,8716,5173,362608,HIGH
Dog,Extra Large,11,Urban,496676,11811,7578,593474,HIGH
Dog,Small,11,Semi-Urban,215160,10252,3021,262697,HIGH
Dog,Large,7,Urban,406234,9772,6725,486140,HIGH
Cat,Medium,9,Urban,300453,13033,5214,366505,HIGH
Dog,Medium,6,Semi-Urban,300574,8006,5040,360663,HIGH
Dog,Large,12,Semi-Urban,410432,10402,6637,491591,HIGH
Dog,Small,13,Urban,207697,12834,3556,257700,HIGH
Dog,Medium,8,Semi-Urban,301602,6724,5414,360801,HIGH
Dog,Large,12,Urban,407886,12588,6514,491036,HIGH
Dog,Small,13,Semi-Urban,211278,10114,3385,258493,HIGH
Dog,Extra Large,4,Urban,498950,8573,7927,592767,HIGH
Dog,Large,5,Semi-Urban,408039,7652,6152,485119,HIGH
Dog,Large,9,Semi-Urban,406063,9239,6856,485481,HIGH
Cat,Small,9,Urban,212563,12939,3748,263637,HIGH
Dog,Large,12,Urban,409554,11736,6685,492171,HIGH
Dog,Medium,6,Semi-Urban,300515,7805,4989,360305,HIGH
Dog,Medium,3,Semi-Urban,301598,9290,4750,362983,HIGH
Dog,Large,10,Urban,408427,12759,6163,491451,HIGH
Cat,Medium,2,Urban,303013,10278,6052,367244,HIGH
Cat,Medium,4,Urban,302010,10842,5273,365843,HIGH
Dog,Medium,13,Urban,297690,13248,5209,363569,HIGH
Dog,Medium,2,Semi-Urban,305129,8816,6078,368026,HIGH
Cat,Large,4,Urban,408008,8784,6918,487266,HIGH
Dog,Small,9,Urban,211594,13233,3613,262706,HIGH
Cat,Extra Large,6,Urban,495750,10265,9068,592345,HIGH
Dog,Large,6,Urban,407797,9316,6487,487140,HIGH
Cat,Small,8,Semi-Urban,214309,8427,3560,260240,HIGH
Dog,Small,3,Semi-Urban,213695,9087,2916,259552,HIGH
Cat,Small,4,Semi-Urban,214467,7773,3379,259461,HIGH
Cat,Extra Large,2,Urban,499354,9610,8507,595091,HIGH
Dog,Small,6,Urban,214824,10226,3958,263359,HIGH
Dog,Medium,5,Urban,297741,8731,5278,358512,HIGH
Dog,Extra Large,5,Urban,500778,9874,8661,597209,HIGH
Cat,Large,6,Urban,408568,8031,6829,486942,HIGH
Dog,Large,12,Urban,408665,12214,7143,492225,HIGH
Dog,Large,10,Urban,406337,12733,6342,489223,HIGH
Dog,Medium,8,Urban,297221,9539,5060,358593,HIGH
Dog,Extra Large,9,Urban,497343,12502,7733,595214,HIGH
Dog,Medium,4,Urban,299992,10535,5320,363224,HIGH
Dog,Extra Large,10,Urban,495094,10891,7955,591031,HIGH
Dog,Extra Large,3,Urban,497106,9988,8387,592803,HIGH
Dog,Large,9,Urban,409382,13412,6919,494169,HIGH
Dog,Small,5,Urban,210115,11632,3397,258915,HIGH
Dog,Small,4,Urban,212660,8760,4352,259637,HIGH
Dog,Large,2,Urban,410956,9713,5969,490633,HIGH
Dog,Medium,13,Semi-Urban,302513,10860,4268,365287,HIGH
Dog,Medium,9,Urban,300741,12965,5252,366801,HIGH
Dog,Medium,2,Semi-Urban,302255,8928,5780,364507,HIGH
Dog,Small,5,Semi-Urban,214360,8234,3709,260248,HIGH
Dog,Medium,11,Semi-Urban,304827,9816,5459,368117,HIGH
Cat,Extra Large,10,Urban,495334,12389,9171,594428,HIGH
Dog,Medium,11,Urban,298452,13912,4418,364299,HIGH
Dog,Large,9,Semi-Urban,407569,11156,6999,489582,HIGH
Dog,Extra Large,2,Urban,493000,10575,8376,588743,HIGH
Cat,Extra Large,4,Semi-Urban,499020,7200,7919,591259,HIGH
Cat,Medium,5,Semi-Urban,302062,8896,5423,363838,HIGH
Cat,Medium,1,Semi-Urban,303570,9077,4366,364564,HIGH
Dog,Medium,4,Semi-Urban,298483,7689,5211,358090,HIGH
Dog,Large,9,Urban,410472,14030,6165,495267,HIGH
Dog,Medium,3,Urban,305306,9100,4328,366544,HIGH
Dog,Extra Large,13,Urban,496418,13151,8911,596252,HIGH
Dog,Large,12,Semi-Urban,408431,10994,7742,491242,HIGH
Dog,Large,10,Urban,406277,12520,7097,489778,HIGH
Dog,Medium,10,Urban,302508,14004,5689,370531,HIGH
Dog,Large,13,Urban,410706,11855,6083,492940,HIGH
Dog,Medium,5,Semi-Urban,303231,8047,4108,362693,HIGH
Dog,Medium,10,Semi-Urban,302859,9236,5004,364663,HIGH
Dog,Small,5,Semi-Urban,213612,8395,3034,258797,HIGH
Dog,Extra Large,9,Urban,498381,12733,8080,597073,HIGH
Dog,Small,8,Semi-Urban,215633,8245,2533,260372,HIGH
Dog,Small,13,Urban,216600,12289,4097,267933,HIGH
Dog,Medium,4,Urban,301825,9618,4963,363866,HIGH
Cat,Large,12,Urban,410185,12753,6305,493629,HIGH
Dog,Medium,3,Urban,301003,9341,5020,362668,HIGH
Dog,Small,5,Semi-Urban,212212,6793,3540,255926,HIGH
Dog,Medium,4,Urban,299713,10077,4970,361974,HIGH
Dog,Small,10,Urban,210758,13324,3340,261535,HIGH
Dog,Extra Large,4,Urban,491912,11222,7966,587765,HIGH
Dog,Medium,8,Semi-Urban,301286,8306,5091,361885,HIGH
Cat,Medium,13,Urban,298940,11722,5779,363907,HIGH
Dog,Large,7,Urban,406577,11020,6307,487489,HIGH
Dog,Large,4,Urban,409971,10523,6136,490624,HIGH
Dog,Medium,9,Semi-Urban,301457,11386,5547,366148,HIGH
Cat,Large,12,Urban,413105,11771,6117,495641,HIGH
Dog,Small,9,Urban,210576,12846,4127,261681,HIGH
Dog,Large,4,Semi-Urban,407292,6937,7316,484776,HIGH
Dog,Small,5,Semi-Urban,214079,7297,2959,257985,HIGH
Dog,Medium,12,Urban,301648,13075,5026,367711,HIGH
Dog,Small,7,Urban,211432,8550,2513,255869,HIGH
Cat,Small,13,Urban,214483,14132,3241,266634,HIGH
Dog,Medium,4,Urban,298570,9264,5025,359787,HIGH
Dog,Small,10,Semi-Urban,211256,11262,3101,259461,HIGH
Dog,Medium,13,Semi-Urban,303374,10466,4736,366362,HIGH
Dog,Medium,4,Urban,302036,10867,5086,365687,HIGH
Dog,Medium,8,Urban,299728,9882,5068,361879,HIGH
Dog,Medium,11,Urban,301469,14490,4785,368855,HIGH
Dog,Extra Large,4,Urban,495276,9611,9268,591278,HIGH
Dog,Medium,3,Urban,299842,8911,4157,359846,HIGH
Dog,Medium,12,Urban,302294,13006,5093,368451,HIGH
Dog,Small,9,Urban,211670,13416,3721,263128,HIGH
Dog,Small,8,Urban,213958,10920,3633,262787,HIGH
Cat,Extra Large,8,Semi-Urban,500425,7911,8156,593965,HIGH
Cat,Large,1,Semi-Urban,407377,10630,7860,489747,HIGH
Dog,Large,6,Urban,408403,9938,6441,488499,HIGH
Dog,Large,1,Urban,408921,14714,6112,494209,HIGH
Cat,Large,5,Semi-Urban,411197,9246,6560,491053,HIGH
Dog,Extra Large,10,Urban,497291,11858,8579,595387,HIGH
Dog,Small,6,Urban,208772,10282,2895,255241,HIGH
Dog,Large,9,Urban,407681,14023,6880,492871,HIGH
Dog,Medium,1,Semi-Urban,303641,10053,4201,365579,HIGH
Dog,Medium,10,Urban,302491,11023,5626,367011,HIGH
Dog,Medium,5,Urban,300803,11085,5947,365510,HIGH
Cat,Medium,5,Urban,301902,12245,5897,368050,HIGH
Dog,Large,11,Urban,411198,12009,7227,494999,HIGH
Dog,Large,2,Semi-Urban,412256,7721,7643,491763,HIGH
Cat,Medium,7,Urban,303576,9883,5075,366314,HIGH
Dog,Extra Large,11,Semi-Urban,496184,10586,8601,592676,HIGH
Cat,Large,1,Semi-Urban,403398,11244,6556,484377,HIGH
Dog,Large,6,Urban,406275,9182,6839,485640,HIGH
Dog,Medium,3,Urban,298894,9654,6320,362098,HIGH
Dog,Medium,12,Urban,302836,12827,4254,367904,HIGH
Dog,Large,11,Urban,407662,14136,6159,492150,HIGH
Cat,Large,5,Semi-Urban,411153,7911,5716,488497,HIGH
Dog,Extra Large,13,Urban,497283,15477,8414,599350,HIGH
Cat,Medium,2,Semi-Urban,300569,8595,5784,362190,HIGH
Dog,Small,8,Urban,211608,10036,4072,259573,HIGH
Dog,Small,8,Urban,209069,9340,3205,254856,HIGH
Cat,Large,5,Urban,410579,11048,7332,493302,HIGH
Dog,Medium,3,Semi-Urban,298331,7378,4516,356758,HIGH
Dog,Medium,12,Urban,297762,12093,5270,362393,HIGH
Dog,Large,12,Urban,406310,14002,6946,491346,HIGH
Dog,Large,4,Urban,410142,11006,6969,492334,HIGH
Dog,Small,8,Urban,215343,10900,3479,264180,HIGH
Dog,Small,1,Urban,214565,14492,3632,267592,HIGH
Dog,Small,12,Urban,213090,12160,3679,263268,HIGH
Dog,Small,4,Semi-Urban,211506,8432,3452,256898,HIGH
Cat,Large,9,Urban,411722,13733,7173,497522,HIGH
Dog,Large,8,Semi-Urban,409758,8520,6921,488978,HIGH
Dog,Medium,1,Semi-Urban,303642,10251,5278,367046,HIGH
Dog,Small,9,Urban,211723,12612,2781,261183,HIGH
Dog,Large,11,Semi-Urban,408454,9931,6826,488992,HIGH
Dog,Large,2,Urban,407761,9387,7013,487785,HIGH
Dog,Medium,12,Semi-Urban,302631,11597,4692,366758,HIGH
Dog,Large,10,Urban,410151,13447,6221,494291,HIGH
Dog,Small,6,Urban,215597,11448,4396,266157,HIGH
Cat,Small,13,Urban,215874,11357,3237,265038,HIGH
Dog,Extra Large,13,Semi-Urban,496147,10455,8079,591883,HIGH
Dog,Large,5,Semi-Urban,408350,8409,7410,487794,HIGH
Dog,Large,1,Urban,407948,12923,7154,492228,HIGH
Dog,Small,7,Urban,215504,8716,3451,261821,HIGH
Dog,Large,11,Urban,408201,13350,7195,493057,HIGH
Cat,Large,13,Urban,410992,13173,6933,495762,HIGH
Cat,Medium,12,Urban,300390,13160,6061,367552,HIGH
Dog,Medium,10,Semi-Urban,301740,10685,6071,366270,HIGH
Dog,Large,3,Semi-Urban,414942,8595,5813,493752,HIGH
Dog,Large,4,Urban,408157,9158,6411,487284,HIGH
Cat,Extra Large,7,Semi-Urban,497795,8095,7841,590790,HIGH
Dog,Medium,6,Semi-Urban,300518,8761,5038,361464,HIGH
Cat,Medium,5,Semi-Urban,303619,7537,4662,363190,HIGH
Cat,Medium,10,Urban,301468,14054,4733,368293,HIGH
Cat,Medium,6,Urban,300969,9978,4771,363075,HIGH
Cat,Large,5,Urban,410388,10991,6985,492618,HIGH
Dog,Large,13,Urban,408889,15093,6154,494656,HIGH
Dog,Small,3,Urban,213272,9826,3421,260496,HIGH
Dog,Large,8,Urban,406588,10021,7275,487466,HIGH
Dog,Small,8,Urban,212923,9680,3573,260102,HIGH
Cat,Small,12,Urban,212220,13776,4657,265250,HIGH
Dog,Medium,4,Urban,303784,10129,5754,367617,HIGH
Dog,Medium,9,Semi-Urban,304666,10992,5684,369543,HIGH
Dog,Medium,5,Semi-Urban,304251,8213,4801,364854,HIGH
Cat,Medium,2,Semi-Urban,306148,7696,6256,368115,HIGH
Dog,Small,13,Urban,213026,12500,3491,263369,HIGH
Cat,Large,3,Urban,407802,9437,6898,487757,HIGH
Dog,Medium,3,Urban,301347,9809,4863,363421,HIGH
Dog,Medium,8,Semi-Urban,302729,7568,4587,362116,HIGH
Dog,Medium,5,Urban,304153,8895,5412,366229,HIGH
Cat,Extra Large,6,Urban,496710,9933,8325,592213,HIGH
Cat,Small,11,Semi-Urban,211082,9894,2947,257511,HIGH
Dog,Medium,4,Semi-Urban,304394,8404,5588,366143,HIGH
Dog,Large,7,Urban,407327,9581,6858,487330,HIGH
Cat,Large,8,Semi-Urban,407257,8608,6146,485312,HIGH
Dog,Small,13,Urban,212194,13383,4187,264228,HIGH
Dog,Medium,6,Semi-Urban,300635,9708,4589,362171,HIGH
Dog,Medium,6,Urban,300361,9754,4076,361319,HIGH
Dog,Small,4,Urban,212441,9129,3639,258990,HIGH
Dog,Large,2,Urban,406404,10137,6286,486251,HIGH
Dog,Extra Large,1,Urban,500441,12821,8657,600206,HIGH
Dog,Large,7,Semi-Urban,409672,7872,7426,488715,HIGH
Dog,Medium,12,Urban,302126,13586,5783,369719,HIGH
Dog,Small,8,Urban,213656,10727,3997,262637,HIGH
Cat,Large,7,Urban,409166,11358,6068,490580,HIGH
Dog,Medium,7,Urban,302141,10484,5365,365688,HIGH
Cat,Small,6,Urban,213205,8316,3187,258414,HIGH
Dog,Large,11,Semi-Urban,409578,9926,7593,491161,HIGH
Cat,Medium,7,Semi-Urban,300643,8145,5286,361185,HIGH
Cat,Medium,2,Urban,299183,10352,3820,360358,HIGH
Dog,Small,10,Semi-Urban,211116,10274,3145,258215,HIGH
Dog,Medium,4,Urban,300028,10302,5976,363751,HIGH
Dog,Large,2,Urban,408841,8897,6778,488193,HIGH
Dog,Medium,12,Urban,302204,13503,4285,367990,HIGH
Dog,Large,7,Urban,411238,11819,6350,493818,HIGH
Dog,Small,13,Urban,213557,12716,3642,264402,HIGH
Dog,Large,6,Urban,403935,9787,6208,482919,HIGH
Dog,Large,8,Urban,408226,9348,6579,487775,HIGH
Dog,Large,3,Urban,409660,9174,6045,488610,HIGH
Dog,Medium,6,Urban,304253,10572,5555,368437,HIGH
Dog,Small,1,Urban,213227,13094,4309,265224,HIGH
Dog,Large,1,Semi-Urban,410006,10838,6612,491574,HIGH
Cat,Large,1,Urban,406501,13668,7456,491768,HIGH
Dog,Large,2,Semi-Urban,407401,7747,5790,484078,HIGH
Cat,Medium,12,Urban,302041,12530,5313,367866,HIGH
Dog,Large,7,Semi-Urban,407126,8616,6497,485574,HIGH
Cat,Large,12,Urban,406005,12964,6419,489196,HIGH
Dog,Medium,7,Urban,301481,10323,6059,365542,HIGH
Dog,Small,3,Semi-Urban,216525,6901,2451,259758,HIGH
Dog,Medium,12,Semi-Urban,302863,8497,5450,364331,HIGH
Dog,Large,4,Urban,406499,10913,6337,487311,HIGH
Dog,Small,3,Semi-Urban,213058,5980,3352,255748,HIGH
Dog,Medium,8,Urban,303744,10420,3956,365838,HIGH
Dog,Large,4,Urban,403266,9413,6830,482435,HIGH
Dog,Medium,8,Semi-Urban,303230,8056,5583,364399,HIGH
Dog,Medium,9,Urban,299048,14846,4728,366415,HIGH
Dog,Small,3,Semi-Urban,212691,7899,3952,258223,HIGH
Dog,Small,12,Urban,212344,13265,3939,263980,HIGH
Dog,Medium,1,Semi-Urban,297624,10409,5757,360858,HIGH
Dog,Medium,2,Urban,301185,10088,4232,362830,HIGH
Dog,Large,11,Urban,408546,13080,7069,492999,HIGH
Dog,Medium,10,Urban,302550,12281,5366,368226,HIGH
Cat,Small,8,Urban,211239,9228,2880,256849,HIGH
Dog,Small,9,Urban,216437,14641,4253,270630,HIGH
Dog,Large,12,Urban,409304,13219,6911,493849,HIGH
Dog,Medium,1,Urban,303846,12096,5968,370196,HIGH
Dog,Large,3,Semi-Urban,408908,6210,7062,485507,HIGH
Cat,Medium,10,Urban,304711,12071,4373,369328,HIGH
Dog,Medium,2,Semi-Urban,301489,8205,4605,361443,HIGH
Dog,Extra Large,1,Semi-Urban,496241,9459,8472,591297,HIGH
Cat,Small,3,Semi-Urban,213083,8129,3549,258475,HIGH
Cat,Small,10,Semi-Urban,211080,10454,3828,259166,HIGH
Dog,Large,5,Semi-Urban,410254,8243,7202,489553,HIGH
Dog,Medium,1,Semi-Urban,300949,10321,5059,363778,HIGH
Cat,Large,7,Urban,406758,10360,6554,487222,HIGH
Dog,Medium,12,Urban,303336,11881,5803,369173,HIGH
Dog,Medium,10,Semi-Urban,299575,8892,5403,360950,HIGH
Dog,Small,10,Semi-Urban,213201,11116,3072,261497,HIGH
Cat,Large,10,Semi-Urban,408264,11746,7974,492181,HIGH
Dog,Medium,12,Urban,300618,13278,4417,366059,HIGH
Dog,Medium,5,Semi-Urban,299989,9039,5297,361473,HIGH
Cat,Small,10,Semi-Urban,209990,10267,3245,257027,HIGH
Dog,Small,3,Urban,211296,10279,5242,260839,HIGH
Dog,Medium,9,Urban,303182,13421,5651,370592,HIGH
Cat,Medium,5,Urban,302233,9421,5128,364299,HIGH
Cat,Large,2,Semi-Urban,404678,8081,7015,482740,HIGH
Dog,Small,13,Urban,214078,12780,3321,264705,HIGH
Dog,Small,11,Urban,212672,12047,3539,262496,HIGH
Dog,Small,6,Semi-Urban,213835,7943,3813,259429,HIGH
Cat,Medium,4,Urban,300483,8966,4514,361057,HIGH
Dog,Large,12,Urban,407694,14117,6713,492802,HIGH
Dog,Large,1,Urban,406585,12669,8090,491445,HIGH
Dog,Small,9,Urban,216697,12449,2612,266521,HIGH
Dog,Medium,12,Urban,300633,13753,5576,367956,HIGH
Dog,Medium,12,Urban,298135,14293,4928,364959,HIGH
Dog,Large,9,Urban,406762,13627,7330,491876,HIGH
Cat,Large,12,Semi-Urban,409583,10391,6669,490639,HIGH
Dog,Large,4,Semi-Urban,407746,8638,7159,487074,HIGH
Dog,Medium,13,Urban,299401,14067,5106,366360,HIGH
Cat,Large,8,Urban,408518,9351,6430,487943,HIGH
Cat,Medium,5,Semi-Urban,301508,7870,5253,361825,HIGH
Cat,Medium,10,Semi-Urban,299421,9247,4997,360714,HIGH
Dog,Medium,6,Semi-Urban,303174,6806,5060,362296,HIGH
Dog,Large,9,Semi-Urban,406197,10995,6341,487062,HIGH
Dog,Small,1,Urban,210311,11819,3451,259418,HIGH
Dog,Extra Large,11,Urban,500374,12920,8085,599585,HIGH
Cat,Large,2,Urban,408571,9567,7351,489312,HIGH
Dog,Medium,10,Urban,302394,12296,5060,367712,HIGH
Cat,Medium,9,Urban,303147,13058,4840,369201,HIGH
Dog,Large,4,Semi-Urban,406639,9504,7411,487087,HIGH
Dog,Large,7,Semi-Urban,409394,9281,6505,488957,HIGH
Dog,Medium,8,Semi-Urban,300051,8495,4975,360549,HIGH
Cat,Medium,9,Urban,302489,13122,4591,368232,HIGH
Dog,Small,2,Urban,213757,10161,4051,262164,HIGH
Dog,Large,8,Urban,409834,9964,6240,489943,HIGH
Dog,Medium,5,Semi-Urban,297929,7188,4698,356287,HIGH
Dog,Medium,8,Urban,300570,10653,5146,363824,HIGH
Dog,Medium,1,Urban,303143,12899,4829,369001,HIGH
Cat,Large,10,Urban,407339,13022,6983,491445,HIGH
Cat,Large,5,Urban,407467,9257,7181,487490,HIGH
Dog,Large,3,Urban,411290,8498,6096,489766,HIGH
Cat,Medium,2,Urban,300815,11388,5398,365241,HIGH
Dog,Extra Large,5,Urban,497017,9846,8696,592892,HIGH
Cat,Large,10,Semi-Urban,404034,10133,6567,483844,HIGH
Dog,Small,1,Semi-Urban,210231,10545,2935,257267,HIGH
Dog,Large,8,Urban,408638,9293,7090,488774,HIGH
Dog,Small,9,Urban,213946,13617,4458,266824,HIGH
Dog,Large,8,Urban,408989,11164,7741,492078,HIGH
Dog,Small,3,Semi-Urban,212288,8489,3875,258349,HIGH
Dog,Small,11,Semi-Urban,212625,10841,3962,261542,HIGH
Dog,Large,10,Semi-Urban,409507,10152,6603,490201,HIGH
Dog,Medium,5,Urban,301218,9903,5595,364223,HIGH
Cat,Large,11,Urban,405881,13685,7722,491381,HIGH
Dog,Medium,7,Semi-Urban,298526,8672,5714,359848,HIGH
Dog,Large,12,Semi-Urban,407809,9904,6973,488388,HIGH
Dog,Small,8,Urban,214702,10598,3760,263419,HIGH
Dog,Medium,10,Urban,300332,12514,5592,366203,HIGH
Cat,Medium,4,Semi-Urban,303587,6732,5812,363550,HIGH
Dog,Large,2,Urban,409805,9998,6771,490560,HIGH
Cat,Medium,11,Urban,299550,12175,5202,364466,HIGH
Dog,Medium,1,Urban,299658,13188,5041,365570,HIGH
Dog,Small,8,Semi-Urban,212132,9099,3511,258453,HIGH
Dog,Large,9,Urban,411958,13861,7135,497897,HIGH
Dog,Large,5,Semi-Urban,403239,5747,6798,478151,HIGH
Dog,Medium,5,Urban,301240,9457,6289,364533,HIGH
Dog,Large,12,Urban,408161,13994,7325,493902,HIGH
Cat,Medium,8,Urban,300465,11368,5514,364949,HIGH
Dog,Large,4,Urban,410038,10034,7050,491190,HIGH
Dog,Medium,8,Urban,305387,9490,4179,366914,HIGH
Cat,Large,7,Urban,411853,10634,6721,493589,HIGH
Dog,Small,1,Semi-Urban,213717,12410,3728,264333,HIGH
Dog,Small,12,Urban,210494,12418,3215,260046,HIGH
Dog,Medium,9,Urban,305882,12579,4538,371448,HIGH
Cat,Medium,3,Urban,300732,9443,5557,363091,HIGH
Dog,Small,8,Urban,215080,8744,3132,260999,HIGH
Dog,Large,5,Urban,411166,10519,6376,492270,HIGH
Dog,Small,12,Urban,213779,11975,3173,263266,HIGH
Dog,Large,4,Urban,410583,9644,6477,490709,HIGH
Dog,Medium,7,Semi-Urban,300171,8961,5389,361699,HIGH
Dog,Large,2,Semi-Urban,408172,8837,6519,487057,HIGH
Dog,Medium,1,Urban,301565,11954,5275,366613,HIGH
Dog,Extra Large,10,Urban,494026,12774,7832,591826,HIGH
Dog,Large,11,Urban,412063,13357,7307,497636,HIGH
Cat,Small,6,Urban,211290,10924,3560,259640,HIGH
Dog,Small,13,Semi-Urban,208785,9746,4224,256168,HIGH
Dog,Small,12,Urban,212739,13666,4649,265712,HIGH
Cat,Medium,11,Semi-Urban,305437,9642,5987,369225,HIGH
Dog,Medium,7,Urban,301855,9425,4938,363650,HIGH
Dog,Large,1,Urban,407353,12506,7412,491361,HIGH
Dog,Medium,11,Semi-Urban,303202,10259,5042,366278,HIGH
Dog,Large,12,Urban,407175,14208,7050,492697,HIGH
Dog,Large,1,Semi-Urban,407373,11338,6908,489461,HIGH
Cat,Large,12,Urban,405103,12664,6813,488267,HIGH
Dog,Large,12,Urban,407369,12022,6906,490241,HIGH
Dog,Small,5,Urban,213434,10615,4013,262271,HIGH
Dog,Small,1,Semi-Urban,214972,10803,3676,263868,HIGH
Dog,Extra Large,10,Urban,497339,14390,8405,598154,HIGH
Dog,Large,10,Urban,407704,13119,7697,492798,HIGH
Dog,Large,11,Urban,408448,13651,6640,493049,HIGH
Dog,Medium,4,Urban,302281,8433,5639,363805,HIGH
Dog,Small,1,Urban,215395,11764,3860,265671,HIGH
Cat,Extra Large,1,Semi-Urban,497046,10852,8158,593464,HIGH
Dog,Extra Large,1,Semi-Urban,498858,10615,8584,595765,HIGH
Cat,Medium,4,Urban,301331,10620,5529,365102,HIGH
Dog,Medium,13,Urban,300817,13581,4764,367036,HIGH
Dog,Extra Large,4,Urban,498193,9481,7444,592385,HIGH
Dog,Medium,6,Urban,304386,10349,4978,367669,HIGH
Cat,Large,5,Urban,408598,9129,6899,488319,HIGH
Cat,Large,8,Urban,409378,9811,7095,490226,HIGH
Cat,Large,9,Urban,407210,13129,7331,491820,HIGH
Dog,Medium,4,Urban,302454,10405,4033,364425,HIGH
Dog,Medium,8,Urban,305991,9032,5522,368626,HIGH
Dog,Medium,5,Semi-Urban,302568,7366,5797,363090,HIGH
Dog,Large,1,Urban,406783,12085,7272,490061,HIGH
Dog,Large,2,Semi-Urban,407427,8908,6529,486293,HIGH
Dog,Medium,1,Semi-Urban,304868,12255,4610,369992,HIGH
Cat,Large,3,Urban,408476,8894,6749,487736,HIGH
Dog,Medium,3,Semi-Urban,302020,8347,4907,362565,HIGH
Cat,Extra Large,8,Semi-Urban,501906,7975,9023,596739,HIGH
Dog,Medium,8,Urban,299482,9521,4737,360801,HIGH
Dog,Small,6,Urban,216432,10675,3181,264831,HIGH
Dog,Small,11,Semi-Urban,213658,9437,2758,259730,HIGH
Cat,Medium,8,Urban,302628,9460,5347,365050,HIGH
Dog,Medium,13,Urban,300126,13936,4574,366431,HIGH
Dog,Large,6,Urban,406832,8851,6636,485666,HIGH
Dog,Extra Large,13,Semi-Urban,496721,10622,8477,593193,HIGH
Dog,Small,3,Urban,212191,9293,4437,259809,HIGH
Dog,Medium,8,Semi-Urban,303175,8647,5129,364493,HIGH
Dog,Large,2,Urban,411735,9788,5961,491606,HIGH
Dog,Small,11,Urban,213866,12829,3456,264673,HIGH
Cat,Large,7,Semi-Urban,407017,6498,6305,482793,HIGH
Dog,Large,13,Semi-Urban,406101,10612,7026,487299,HIGH
Cat,Medium,10,Semi-Urban,299264,9916,5290,361640,HIGH
Dog,Large,3,Semi-Urban,408999,8434,7529,488706,HIGH
Cat,Large,3,Semi-Urban,409700,6064,6955,486126,HIGH
Dog,Extra Large,3,Semi-Urban,494979,8836,7762,588313,HIGH
Dog,Large,3,Semi-Urban,408587,8272,6636,487019,HIGH
Dog,Large,13,Semi-Urban,409277,11151,6460,490921,HIGH
Cat,Small,3,Urban,207168,11020,4113,255646,HIGH
Dog,Medium,2,Semi-Urban,301212,9521,4814,362879,HIGH
Cat,Medium,3,Urban,303904,9581,5078,366347,HIGH
Cat,Large,11,Urban,409320,12650,6714,492986,HIGH
Dog,Medium,13,Semi-Urban,301536,10252,5703,365114,HIGH
Cat,Large,4,Semi-Urban,408331,8276,6836,486959,HIGH
Dog,Large,5,Urban,404166,10032,7156,484557,HIGH
Dog,Medium,3,Urban,300469,11240,5164,364403,HIGH
Dog,Extra Large,8,Semi-Urban,498239,7288,8953,591652,HIGH
Cat,Extra Large,11,Urban,495856,12365,8732,594495,HIGH
Cat,Large,2,Urban,409327,10257,6432,489918,HIGH
Cat,Extra Large,4,Urban,497861,10584,8828,594863,HIGH
Cat,Small,8,Urban,211300,9243,3356,257483,HIGH
Dog,Small,7,Semi-Urban,213348,8349,3657,259157,HIGH
Dog,Small,11,Urban,210675,12787,3723,261262,HIGH
Dog,Extra Large,1,Urban,496786,13240,8737,596577,HIGH
Dog,Large,10,Urban,408374,12398,7466,492473,HIGH
Dog,Medium,6,Semi-Urban,299752,7915,4861,359407,HIGH
Cat,Medium,11,Semi-Urban,302124,11197,5544,366694,HIGH
Cat,Large,5,Urban,409013,10746,6438,490126,HIGH
Dog,Medium,4,Urban,300710,10360,4274,362645,HIGH
Dog,Small,6,Semi-Urban,211987,8521,2736,256730,HIGH
Dog,Small,8,Urban,211932,10212,3349,259316,HIGH
Dog,Medium,13,Urban,301303,13408,5496,368238,HIGH
Dog,Large,9,Urban,406969,12889,6919,490793,HIGH
Dog,Medium,12,Urban,303966,13538,5373,371308,HIGH
Dog,Medium,2,Semi-Urban,301128,7989,5741,362086,HIGH
Cat,Medium,13,Urban,301302,12217,5322,366667,HIGH
Dog,Large,3,Urban,410515,9589,7003,491173,HIGH
Dog,Small,11,Semi-Urban,213025,9341,3759,260043,HIGH
Dog,Large,2,Urban,405630,11412,6899,487532,HIGH
Dog,Medium,7,Semi-Urban,303441,8475,5325,364827,HIGH
Cat,Extra Large,6,Urban,498327,9898,8543,594283,HIGH
Dog,Large,6,Urban,408231,9816,6109,487779,HIGH
Dog,Medium,12,Urban,301479,13711,4887,368088,HIGH
Cat,Large,11,Semi-Urban,410708,9798,7439,492136,HIGH
Dog,Medium,11,Semi-Urban,301428,10490,4475,363851,HIGH
Dog,Medium,8,Semi-Urban,303539,8169,5220,364467,HIGH
Dog,Medium,12,Urban,299482,13531,4670,365335,HIGH
Dog,Extra Large,13,Urban,496987,13234,8576,596616,HIGH
Dog,Large,8,Urban,408139,10044,6841,488777,HIGH
Cat,Medium,13,Urban,302038,13335,4806,368205,HIGH
Dog,Medium,7,Urban,300874,11935,4771,365217,HIGH
Dog,Extra Large,12,Urban,496074,15594,9230,599032,HIGH
Dog,Large,11,Urban,409803,14022,6579,494964,HIGH
Dog,Medium,1,Urban,301715,12203,5711,367573,HIGH
Dog,Medium,7,Urban,303661,9168,5913,366553,HIGH
Dog,Medium,12,Urban,302720,12508,5064,368335,HIGH
Dog,Small,2,Urban,210591,11135,4121,259724,HIGH
Dog,Extra Large,11,Urban,499382,14268,8419,600379,HIGH
Dog,Large,10,Semi-Urban,412024,10611,6674,493705,HIGH
Dog,Small,1,Urban,214208,13318,2884,264971,HIGH
Dog,Large,12,Semi-Urban,406453,9030,6715,485527,HIGH
Cat,Medium,6,Urban,304752,9820,5065,367582,HIGH
Cat,Large,11,Semi-Urban,410709,10131,5943,490800,HIGH
Dog,Large,13,Urban,409287,12821,7010,493485,HIGH
Dog,Medium,1,Semi-Urban,302884,10641,4930,366223,HIGH
Dog,Medium,3,Urban,299676,11178,4389,362529,HIGH
Dog,Large,11,Urban,406849,11842,7238,489818,HIGH
Dog,Medium,12,Urban,301955,12519,4656,366999,HIGH
Cat,Small,5,Urban,211839,10263,3146,259035,HIGH
Dog,Small,2,Urban,210943,10124,3249,257963,HIGH
Dog,Medium,8,Semi-Urban,301674,7807,5325,362026,HIGH
Dog,Medium,13,Semi-Urban,302325,11926,4894,367016,HIGH
Dog,Medium,7,Semi-Urban,302751,7782,5416,363341,HIGH
Dog,Small,8,Urban,214154,11325,3820,263693,HIGH
Cat,Large,5,Semi-Urban,407250,7215,6266,483840,HIGH
Dog,Medium,4,Semi-Urban,302114,8500,5438,363459,HIGH
Dog,Medium,3,Urban,303300,11039,5124,367382,HIGH
Dog,Large,6,Urban,404983,9662,6654,484493,HIGH
Cat,Large,9,Urban,408330,11989,6243,490546,HIGH
Dog,Medium,10,Semi-Urban,301749,11277,4909,365625,HIGH
Dog,Large,1,Urban,412713,13505,6962,498157,HIGH
Cat,Medium,1,Urban,302805,12571,5948,369522,HIGH
Cat,Medium,1,Urban,301285,12216,5480,366828,HIGH
Cat,Medium,12,Urban,304257,13486,4855,370987,HIGH
Dog,Medium,5,Urban,299392,9220,5243,360933,HIGH
Dog,Medium,12,Urban,299248,13301,5403,365644,HIGH
Dog,Extra Large,2,Urban,500641,9996,8511,597020,HIGH
Cat,Medium,5,Urban,300404,8706,4783,360976,HIGH
Dog,Medium,7,Urban,304187,10281,4356,366647,HIGH
Dog,Medium,8,Urban,302273,9668,5309,364837,HIGH
Dog,Large,6,Semi-Urban,407627,7940,6914,485853,HIGH
Dog,Medium,8,Urban,301182,10930,5535,365294,HIGH
Dog,Medium,6,Urban,303859,11503,5705,369227,HIGH
Dog,Large,7,Urban,408196,10100,6279,488261,HIGH
Dog,Medium,5,Urban,304185,9697,5340,367105,HIGH
Cat,Medium,7,Urban,303188,10529,4263,365677,HIGH
Cat,Small,8,Urban,211576,10836,4207,260611,HIGH
Dog,Medium,2,Urban,299942,9497,5325,361978,HIGH
Cat,Medium,7,Urban,301977,10164,4518,364157,HIGH
Cat,Extra Large,8,Urban,494747,11079,8625,591618,HIGH
Cat,Medium,11,Urban,303146,12025,4978,368171,HIGH
Dog,Small,8,Urban,209833,8284,3651,255033,HIGH
Dog,Small,11,Urban,219461,12300,3862,270966,HIGH
Cat,Large,7,Urban,409111,10370,6989,490440,HIGH
Dog,Medium,11,Urban,303593,12736,4853,369359,HIGH
Dog,Extra Large,8,Urban,495909,9437,8028,590380,HIGH
Dog,Extra Large,8,Semi-Urban,492601,7913,8688,585582,HIGH
Dog,Medium,12,Urban,303848,13074,5008,370219,HIGH
Dog,Large,7,Urban,407395,10589,6779,488477,HIGH
Dog,Medium,7,Semi-Urban,303640,7730,5053,363886,HIGH
Dog,Medium,9,Urban,301035,13691,5267,367991,HIGH
Cat,Medium,2,Urban,300065,9167,5226,361626,HIGH
Dog,Large,2,Semi-Urban,407169,8773,6176,485435,HIGH
Cat,Extra Large,13,Urban,495985,11816,7839,592986,HIGH
Cat,Large,2,Semi-Urban,409084,9397,7752,490167,HIGH
Dog,Large,11,Urban,409996,12899,7208,494618,HIGH
Dog,Medium,3,Urban,303568,10700,4325,366381,HIGH
Cat,Medium,12,Urban,303382,13675,4924,370278,HIGH
Dog,Medium,11,Urban,301286,12056,5033,366131,HIGH
Dog,Small,11,Semi-Urban,211090,10759,2980,258553,HIGH
Dog,Large,10,Semi-Urban,409100,9909,7099,490024,HIGH
Dog,Medium,6,Urban,303663,9356,5708,366536,HIGH
Dog,Small,10,Semi-Urban,209612,10282,3581,256996,HIGH
Dog,Extra Large,13,Urban,494808,14206,8276,594883,HIGH
Dog,Medium,10,Urban,302653,12767,4576,367995,HIGH
Dog,Medium,5,Semi-Urban,300656,7779,4958,360401,HIGH
Dog,Medium,13,Semi-Urban,299474,10595,5022,362354,HIGH
Cat,Extra Large,8,Semi-Urban,494184,7801,8817,587422,HIGH
Dog,Medium,8,Urban,303045,10077,4569,365344,HIGH
Dog,Extra Large,5,Semi-Urban,494879,8495,8735,588925,HIGH
Dog,Medium,11,Urban,299686,14751,5927,368418,HIGH
Dog,Extra Large,11,Urban,498015,14287,7557,597837,HIGH
Dog,Small,1,Semi-Urban,210726,9532,4144,258062,HIGH
Cat,Medium,4,Urban,297945,9640,4708,359136,HIGH
Dog,Large,7,Urban,405603,9407,7464,485845,HIGH
Dog,Medium,10,Urban,300893,14330,5750,369118,HIGH
Dog,Small,6,Urban,210996,9477,3153,257169,HIGH
Dog,Medium,5,Urban,302548,9702,5114,364968,HIGH
Cat,Large,1,Semi-Urban,407961,11993,7419,491478,HIGH
Dog,Extra Large,7,Urban,496072,9917,8140,591248,HIGH
Dog,Medium,12,Urban,299311,13682,5208,365931,HIGH
Dog,Large,6,Semi-Urban,406241,6464,6251,481799,HIGH
Dog,Small,5,Urban,212843,9165,3696,259559,HIGH
Dog,Medium,3,Semi-Urban,298912,8151,5065,358947,HIGH
Dog,Medium,8,Urban,295176,9878,3662,355023,HIGH
Dog,Medium,7,Urban,301555,8811,5381,363109,HIGH
Dog,Medium,12,Urban,302456,13527,5250,369417,HIGH
Cat,Large,4,Urban,409454,9485,6765,489559,HIGH
Dog,Medium,1,Urban,306131,13251,5671,373810,HIGH
Cat,Large,11,Urban,406340,11646,6872,488586,HIGH
Dog,Extra Large,7,Semi-Urban,497428,9479,8602,592835,HIGH
Dog,Large,1,Urban,403481,11912,7064,485825,HIGH
Dog,Small,1,Urban,212797,13742,3304,264319,HIGH
Dog,Medium,2,Urban,302770,10484,5475,366538,HIGH
Dog,Large,5,Semi-Urban,408256,7371,6168,485064,HIGH
Cat,Large,6,Urban,409433,10170,6668,490211,HIGH
Dog,Medium,8,Urban,304076,9577,3844,365121,HIGH
Cat,Medium,12,Urban,301714,13403,5192,368355,HIGH
Dog,Medium,7,Semi-Urban,302448,6626,5119,361321,HIGH
Dog,Small,8,Semi-Urban,210544,7697,2526,253882,HIGH
Cat,Medium,13,Urban,303030,12929,5733,369945,HIGH
Dog,Small,11,Urban,211633,13688,3270,262879,HIGH
Dog,Large,8,Urban,408798,9249,7326,489178,HIGH
Cat,Large,8,Urban,407925,11634,7203,490776,HIGH
Dog,Large,13,Urban,405080,12644,6781,488180,HIGH
Dog,Medium,11,Semi-Urban,301362,11045,5101,365134,HIGH
Dog,Large,2,Semi-Urban,410558,8194,6589,489142,HIGH
Dog,Large,12,Urban,408894,11583,6913,491498,HIGH
Dog,Medium,11,Urban,298129,12443,5454,363429,HIGH
Cat,Medium,11,Urban,302583,12712,4995,368333,HIGH
Dog,Small,4,Urban,210581,8913,4395,257472,HIGH
Dog,Medium,4,Semi-Urban,302877,8967,4915,364272,HIGH
Cat,Small,7,Urban,214661,10521,4014,263575,HIGH
Cat,Medium,10,Urban,299848,12113,4785,364257,HIGH
Dog,Medium,13,Urban,296104,11883,5412,360408,HIGH
Dog,Large,1,Semi-Urban,408367,10644,8174,491262,HIGH
Cat,Extra Large,13,Urban,493702,13303,7696,591906,HIGH
Cat,Large,5,Semi-Urban,406304,7752,6803,483987,HIGH
Dog,Large,12,Semi-Urban,410333,9757,7505,491734,HIGH
Cat,Medium,5,Semi-Urban,303581,9207,5317,365820,HIGH
Dog,Medium,5,Urban,300551,10025,4875,362768,HIGH
Dog,Medium,7,Semi-Urban,302848,8281,4777,363291,HIGH
Dog,Medium,3,Urban,302169,10112,4667,364490,HIGH
Dog,Extra Large,13,Urban,495855,13954,7801,595251,HIGH
Dog,Medium,12,Urban,300925,12544,5162,366425,HIGH
Dog,Medium,9,Urban,305985,13261,5741,373735,HIGH
Dog,Large,4,Urban,409968,10800,6748,491643,HIGH
Cat,Medium,7,Semi-Urban,301500,8823,4436,361972,HIGH
Dog,Large,11,Urban,407247,12677,7027,490993,HIGH
Dog,Medium,2,Urban,303042,11009,4622,366473,HIGH
Dog,Small,11,Urban,212818,12041,4093,263294,HIGH
Dog,Small,8,Urban,214288,9023,4082,261501,HIGH
Dog,Extra Large,7,Semi-Urban,497171,7317,8065,589435,HIGH
Dog,Large,4,Urban,417265,9625,6958,498925,HIGH
Dog,Small,3,Semi-Urban,212763,7751,4030,258225,HIGH
Dog,Large,4,Urban,405419,10594,6864,486308,HIGH
Cat,Medium,8,Semi-Urban,301441,7212,5099,360814,HIGH
Dog,Extra Large,8,Urban,498385,9029,8605,593421,HIGH
Dog,Small,7,Semi-Urban,211897,7160,4057,256581,HIGH
Dog,Extra Large,5,Semi-Urban,497014,8814,8102,591019,HIGH
Dog,Medium,12,Semi-Urban,302237,9848,4926,364562,HIGH
Cat,Large,8,Urban,407794,11151,6415,489164,HIGH
Dog,Extra Large,6,Semi-Urban,499243,8537,7709,592812,HIGH
Dog,Large,11,Urban,406692,14123,7191,492206,HIGH
Dog,Extra Large,10,Urban,498325,13206,8398,597918,HIGH
Dog,Small,8,Urban,213984,10439,3978,262661,HIGH
Dog,Small,5,Urban,213334,11107,3666,262323,HIGH
Cat,Small,3,Urban,212675,10741,3246,260661,HIGH
Dog,Medium,7,Urban,301257,9539,4171,362212,HIGH
Cat,Medium,2,Urban,298631,10439,4902,361067,HIGH
Dog,Large,8,Urban,406156,10418,6684,486746,HIGH
Dog,Medium,1,Semi-Urban,302664,9789,5570,365726,HIGH
Dog,Small,6,Urban,212662,10536,3440,260633,HIGH
Dog,Medium,5,Urban,301099,8741,5176,362268,HIGH
Cat,Medium,9,Urban,303222,12196,5285,368808,HIGH
Dog,Large,12,Urban,410294,13995,6914,495883,HIGH
Cat,Medium,7,Urban,302254,9261,4838,363805,HIGH
Dog,Medium,8,Urban,297532,9247,4648,358141,HIGH
Dog,Large,13,Semi-Urban,405819,10909,7132,487439,HIGH
Cat,Medium,4,Semi-Urban,301072,8523,5382,362223,HIGH
Dog,Extra Large,7,Urban,496813,10670,7861,592645,HIGH
Dog,Medium,9,Semi-Urban,299943,10600,5511,363462,HIGH
Dog,Extra Large,12,Urban,496074,13751,7973,595467,HIGH
Cat,Medium,6,Semi-Urban,299882,7417,5295,359483,HIGH
Cat,Large,4,Urban,407684,11507,6945,490056,HIGH
Dog,Medium,1,Urban,299030,13506,4510,364602,HIGH
Cat,Medium,11,Urban,303908,12568,5677,370475,HIGH
Dog,Extra Large,4,Urban,493023,8422,8988,586997,HIGH
Dog,Extra Large,3,Semi-Urban,494258,8418,8695,588076,HIGH
Dog,Large,6,Urban,407560,10303,6633,488170,HIGH
Cat,Medium,4,Urban,304400,9065,4809,366015,HIGH
Dog,Large,6,Urban,404296,10208,7535,485344,HIGH
Dog,Medium,4,Urban,300246,9548,5585,362685,HIGH
Dog,Medium,3,Urban,302631,10535,4889,365763,HIGH
Dog,Medium,12,Urban,301627,14255,4726,368699,HIGH
Cat,Large,10,Urban,409650,12761,6483,493228,HIGH
Dog,Medium,9,Semi-Urban,301853,12381,4478,366518,HIGH
Cat,Extra Large,7,Urban,498126,8652,7379,591280,HIGH
Cat,Small,12,Semi-Urban,215477,12760,3184,266134,HIGH
Cat,Large,10,Urban,403459,11783,6431,484923,HIGH
Dog,Medium,3,Urban,303690,9030,5438,365881,HIGH
Dog,Small,11,Semi-Urban,210867,10220,4342,259243,HIGH
Dog,Large,6,Urban,407628,9282,6729,487184,HIGH
Cat,Medium,1,Urban,300712,13480,4872,366923,HIGH
Dog,Medium,11,Urban,300633,12111,5073,365489,HIGH
Cat,Medium,12,Semi-Urban,304098,9859,5456,367324,HIGH
Cat,Small,7,Urban,214308,10524,3787,262911,HIGH
Dog,Extra Large,4,Urban,495366,9406,8390,590136,HIGH
Dog,Medium,2,Urban,300737,9548,4740,362278,HIGH
Dog,Extra Large,10,Semi-Urban,495952,10884,8610,592762,HIGH
Dog,Large,3,Urban,410253,9395,7083,490740,HIGH
Cat,Small,8,Semi-Urban,212016,6541,3738,255639,HIGH
Dog,Medium,2,Semi-Urban,300152,6206,5820,359004,HIGH
Cat,Medium,3,Semi-Urban,303574,8050,4933,364040,HIGH
Cat,Large,3,Urban,410145,10910,7756,493132,HIGH
Cat,Medium,5,Semi-Urban,299795,9330,4664,360857,HIGH
Dog,Small,10,Urban,209766,13585,3536,260920,HIGH
Dog,Medium,4,Urban,303558,10112,4806,366247,HIGH
Dog,Medium,13,Urban,303128,13875,6010,371464,HIGH
Cat,Medium,2,Urban,301749,11282,5135,365890,HIGH
Dog,Large,13,Semi-Urban,414179,11418,6885,497354,HIGH
Dog,Small,13,Urban,215312,12864,3987,266987,HIGH
Dog,Large,1,Urban,411435,12335,7131,495536,HIGH
Dog,Medium,2,Semi-Urban,303885,7785,5366,364591,HIGH
Dog,Medium,10,Urban,301454,10290,5224,364513,HIGH
Dog,Medium,13,Urban,303637,13588,4992,370549,HIGH
Dog,Large,5,Urban,408952,10884,6751,490575,HIGH
Cat,Medium,13,Semi-Urban,299797,11565,4867,363663,HIGH
Dog,Small,6,Semi-Urban,207892,8538,3886,253363,HIGH
Cat,Medium,5,Urban,303137,8675,5056,364398,HIGH
Dog,Large,12,Urban,407767,12752,7121,491786,HIGH
Dog,Medium,5,Urban,301845,9862,4732,363904,HIGH
Dog,Medium,7,Urban,301578,9840,4394,363183,HIGH
Dog,Medium,9,Urban,300585,11612,5268,365084,HIGH
Dog,Medium,13,Urban,300788,12274,5554,366408,HIGH
Cat,Large,12,Urban,410087,13743,6276,494621,HIGH
Cat,Large,7,Urban,409970,9847,6759,490562,HIGH
Dog,Extra Large,13,Urban,500067,13558,7022,598744,HIGH
Dog,Large,7,Urban,408116,10002,7348,489285,HIGH
Dog,Large,6,Semi-Urban,405453,8513,6901,483997,HIGH
Dog,Medium,6,Urban,297009,11358,5308,360726,HIGH
Dog,Large,3,Urban,407655,9694,6280,487173,HIGH
Dog,Large,3,Urban,405607,9058,6708,484578,HIGH
Dog,Medium,8,Urban,301551,11307,5001,365537,HIGH
Dog,Medium,8,Semi-Urban,298719,10127,4429,360266,HIGH
Dog,Medium,10,Semi-Urban,304097,11829,4904,368954,HIGH
Cat,Large,7,Urban,409915,10867,6903,491837,HIGH
Cat,Medium,6,Semi-Urban,299565,7402,4832,358568,HIGH
Dog,Small,9,Semi-Urban,212665,10877,4046,261726,HIGH
Dog,Large,11,Semi-Urban,411547,10210,6999,493069,HIGH
Dog,Medium,2,Urban,301378,11061,4621,364619,HIGH
Dog,Medium,12,Semi-Urban,301080,9450,5576,363521,HIGH
Dog,Small,6,Urban,210014,10726,3649,258047,HIGH
Cat,Large,1,Urban,410364,12026,6254,492940,HIGH
Cat,Medium,2,Urban,302290,10532,5490,366058,HIGH
Cat,Small,2,Urban,213513,9412,3178,260018,HIGH
Dog,Small,13,Urban,212797,13578,3494,264349,HIGH
Cat,Extra Large,9,Urban,498167,12950,7923,596896,HIGH
Cat,Medium,9,Urban,303316,14536,5176,371482,HIGH
Dog,Medium,10,Urban,300409,13848,4539,366615,HIGH
Dog,Medium,6,Semi-Urban,301417,7508,4964,360972,HIGH
Dog,Small,12,Semi-Urban,214724,9752,3197,261823,HIGH
Cat,Small,11,Semi-Urban,214331,10457,4075,263192,HIGH
Cat,Large,8,Urban,406947,10269,6588,487374,HIGH
Cat,Large,12,Urban,408761,14309,6544,494056,HIGH
Cat,Medium,4,Urban,297996,9396,4541,358722,HIGH
Cat,Large,7,Urban,410394,9007,6944,490296,HIGH
Cat,Large,11,Urban,412520,13060,7170,497662,HIGH
Cat,Large,6,Semi-Urban,407239,7526,7077,485118,HIGH
Cat,Large,9,Urban,412886,12759,6625,497110,HIGH
Dog,Extra Large,1,Semi-Urban,499569,9644,9556,596584,HIGH
Dog,Extra Large,9,Urban,496444,12133,8278,594383,HIGH
Dog,Medium,6,Urban,302581,9579,5193,364955,HIGH
Dog,Medium,2,Urban,304356,9059,5024,366204,HIGH
Cat,Medium,5,Semi-Urban,304705,7307,4825,364362,HIGH
Cat,Small,3,Semi-Urban,214216,8331,3095,259488,HIGH
Dog,Large,1,Urban,404456,12854,6755,487674,HIGH
Cat,Small,5,Urban,211437,9654,3863,258697,HIGH
Dog,Medium,12,Urban,306259,12750,5075,372696,HIGH
Dog,Small,8,Semi-Urban,213356,6809,3700,257444,HIGH
Dog,Medium,2,Semi-Urban,298360,9511,4916,359705,HIGH
Cat,Large,10,Urban,407888,14479,7443,494281,HIGH
Dog,Medium,9,Urban,302591,12295,5401,368330,HIGH
Dog,Extra Large,13,Urban,499608,13378,8291,599468,HIGH
Dog,Small,8,Urban,213343,10678,3666,261840,HIGH
Dog,Small,11,Semi-Urban,211594,10372,3252,259000,HIGH
Dog,Large,8,Urban,409111,10088,7964,491237,HIGH
Dog,Medium,5,Semi-Urban,298382,7800,4534,357323,HIGH
Cat,Medium,7,Urban,301962,8730,5351,363449,HIGH
Cat,Medium,6,Urban,302692,9678,4522,364425,HIGH
Cat,Medium,3,Urban,300027,10439,5139,362945,HIGH
Dog,Small,3,Urban,213683,10030,2907,260613,HIGH
Dog,Large,11,Urban,410583,11833,7551,494462,HIGH
Dog,Small,1,Semi-Urban,212421,10529,3459,260370,HIGH
Dog,Large,13,Urban,404226,12922,7081,487863,HIGH
Dog,Small,12,Urban,213989,12849,3804,265238,HIGH
Cat,Medium,4,Urban,302281,9800,5022,364668,HIGH
Dog,Small,8,Urban,212383,9398,4052,259707,HIGH
Cat,Large,5,Semi-Urban,408864,7814,7305,487580,HIGH
Dog,Small,11,Urban,214905,12277,2400,264019,HIGH
Dog,Small,1,Semi-Urban,216197,8995,4052,263630,HIGH
Dog,Small,9,Urban,214232,12957,3879,265728,HIGH
Dog,Medium,12,Semi-Urban,299516,11050,5067,362977,HIGH
Dog,Small,9,Urban,214229,12944,3581,265367,HIGH
Cat,Large,2,Urban,406635,8711,6716,485371,HIGH
Dog,Medium,1,Semi-Urban,304038,9507,4752,366041,HIGH
Dog,Small,4,Semi-Urban,209786,8195,3474,254673,HIGH
Dog,Medium,4,Urban,300335,9982,5478,363164,HIGH
Dog,Large,9,Urban,408810,12609,6918,492587,HIGH
Dog,Small,6,Urban,213945,9639,3526,261176,HIGH
Dog,Extra Large,10,Urban,495719,12296,8787,594322,HIGH
Cat,Medium,8,Semi-Urban,304882,8681,4945,366284,HIGH
Dog,Medium,3,Urban,299730,9548,4790,361178,HIGH
Dog,Medium,3,Urban,303482,11089,5108,367630,HIGH
Cat,Large,11,Urban,408545,12735,6886,492390,HIGH
Cat,Large,10,Urban,410055,13404,6575,494539,HIGH
Dog,Small,5,Urban,217151,9598,3397,264667,HIGH
Dog,Large,13,Urban,410724,12408,6527,494107,HIGH
Dog,Medium,1,Urban,300803,12378,4589,365435,HIGH
Cat,Medium,4,Urban,300388,10787,4404,362915,HIGH
Cat,Extra Large,12,Urban,496402,13584,8812,596617,HIGH
Dog,Medium,5,Urban,300115,8463,5427,361105,HIGH
Dog,Medium,10,Semi-Urban,300942,9868,5629,363904,HIGH
Dog,Extra Large,6,Urban,496583,10613,9042,593673,HIGH
Cat,Small,6,Urban,216360,11676,4140,267002,HIGH
Dog,Medium,6,Urban,301092,9243,5013,362650,HIGH
Cat,Medium,5,Urban,302734,10587,5966,367180,HIGH
Dog,Medium,13,Semi-Urban,302260,10827,5136,365956,HIGH
Cat,Small,5,Semi-Urban,215382,7293,4321,261045,HIGH
Dog,Medium,3,Urban,302217,10273,4954,365060,HIGH
Dog,Large,4,Semi-Urban,403846,7788,6310,480635,HIGH
Dog,Large,12,Semi-Urban,406538,10620,6299,486975,HIGH
Cat,Large,6,Urban,407675,10757,7077,489335,HIGH
Dog,Large,4,Urban,409487,10276,6434,490126,HIGH
Dog,Large,7,Urban,408294,10811,6676,489648,HIGH
Dog,Large,10,Semi-Urban,409547,10086,6869,490477,HIGH
Dog,Large,13,Urban,404286,13059,6708,487660,HIGH
Dog,Small,1,Semi-Urban,209616,10531,3905,257659,HIGH
Dog,Large,12,Urban,406729,13905,6450,491146,HIGH
Dog,Large,10,Urban,409850,12773,7206,494303,HIGH
Dog,Large,1,Urban,401822,12566,7069,484675,HIGH
Dog,Large,11,Semi-Urban,407500,10058,6349,487493,HIGH
Dog,Medium,9,Urban,302136,13415,5311,368991,HIGH
Dog,Large,11,Urban,407187,12642,7534,491467,HIGH
Dog,Small,11,Urban,211363,14061,4928,264904,HIGH
Cat,Medium,2,Urban,302081,10700,5387,365893,HIGH
Dog,Large,1,Urban,409308,13491,7081,494362,HIGH
Dog,Large,1,Semi-Urban,407835,10169,6280,487926,HIGH
Dog,Small,11,Urban,215351,11798,3187,264886,HIGH
Dog,Small,2,Urban,210947,10044,3721,258418,HIGH
Dog,Medium,12,Semi-Urban,301489,11328,4936,365415,HIGH
Cat,Small,3,Urban,213900,10115,3307,261420,HIGH
Dog,Large,2,Urban,408566,10854,7428,490875,HIGH
Dog,Large,10,Urban,403440,14087,6877,488064,HIGH
Dog,Medium,13,Semi-Urban,299892,9864,4499,361393,HIGH
Cat,Large,12,Urban,408457,13362,6684,492778,HIGH
Cat,Medium,10,Semi-Urban,298722,11880,6008,364101,HIGH
Dog,Extra Large,9,Urban,499615,12742,8635,599140,HIGH
Cat,Medium,1,Urban,301854,13050,5221,368143,HIGH
Dog,Medium,7,Urban,300604,9774,5096,362795,HIGH
Cat,Large,4,Semi-Urban,409814,6352,7098,486753,HIGH
Dog,Large,12,Urban,407575,14218,6806,492888,HIGH
Dog,Large,12,Urban,408488,11518,7121,491196,HIGH
Dog,Large,1,Semi-Urban,406195,10000,7417,487153,HIGH
Dog,Medium,13,Urban,301208,13602,5725,368615,HIGH
Cat,Extra Large,8,Urban,495823,11378,8215,592728,HIGH
Dog,Small,9,Urban,211720,13503,3570,263111,HIGH
Dog,Medium,3,Semi-Urban,298109,9557,4880,359427,HIGH
Dog,Extra Large,9,Urban,497596,13416,8392,597314,HIGH
Cat,Medium,4,Semi-Urban,302356,7129,6358,363219,HIGH
Dog,Medium,5,Urban,298215,10359,4635,360190,HIGH
Dog,Small,6,Urban,212753,11006,2864,260616,HIGH
Dog,Small,5,Urban,213899,9896,3889,261836,HIGH
Dog,Medium,8,Urban,297024,9221,5406,358398,HIGH
Cat,Large,1,Semi-Urban,407427,11831,6906,490088,HIGH
Cat,Medium,12,Urban,301177,14431,6337,370236,HIGH
Dog,Medium,1,Semi-Urban,305964,11469,6013,371962,HIGH
Dog,Large,11,Semi-Urban,408995,9905,5735,488330,HIGH
Dog,Small,2,Semi-Urban,211609,9335,2907,257428,HIGH
Dog,Large,9,Urban,412186,12677,6646,496235,HIGH
Dog,Medium,11,Urban,299564,14376,5988,367917,HIGH
Dog,Small,2,Urban,213230,9541,4178,260991,HIGH
Dog,Medium,3,Urban,304219,10627,4703,367481,HIGH
Dog,Medium,7,Urban,299530,9478,5189,361326,HIGH
Dog,Medium,3,Urban,304212,9754,4175,365862,HIGH
Cat,Large,13,Urban,407673,13118,6858,491796,HIGH
Dog,Small,11,Urban,215161,12308,3657,265794,HIGH
Dog,Large,12,Urban,411874,12811,7218,496688,HIGH
Dog,Medium,1,Urban,305064,13658,4638,371864,HIGH
Dog,Small,4,Semi-Urban,212884,8099,3590,258258,HIGH
Dog,Large,11,Urban,407902,12097,7552,491683,HIGH
Cat,Small,3,Urban,215047,12028,3815,265523,HIGH
Dog,Large,5,Urban,408503,9315,7129,488689,HIGH
Dog,Large,8,Urban,407582,9558,6556,487250,HIGH
Dog,Extra Large,7,Urban,495975,11431,8548,593347,HIGH
Cat,Medium,7,Semi-Urban,302112,7364,5063,361719,HIGH
Dog,Medium,10,Urban,300690,12618,5452,366574,HIGH
Dog,Extra Large,13,Urban,496600,13170,8223,595691,HIGH
Cat,Small,13,Urban,214864,12045,3258,264692,HIGH
Dog,Medium,8,Urban,301368,10896,5196,365079,HIGH
Dog,Extra Large,6,Urban,499085,11161,8223,596239,HIGH
Dog,Large,4,Urban,407623,10937,7149,489565,HIGH
Cat,Medium,4,Urban,300446,10283,4994,363081,HIGH
Dog,Large,9,Urban,407802,12732,6250,490801,HIGH
Dog,Large,11,Urban,408201,14338,7252,494259,HIGH
Cat,Large,3,Urban,404905,9024,6550,483550,HIGH
Dog,Large,10,Urban,403460,11634,7176,485610,HIGH
Cat,Medium,3,Semi-Urban,302727,9090,5250,364627,HIGH
Cat,Large,5,Urban,410922,10854,8558,494884,HIGH
Cat,Medium,9,Urban,299366,12497,5565,365042,HIGH
Dog,Medium,6,Urban,302919,9631,5700,365987,HIGH
Dog,Medium,1,Semi-Urban,301625,9405,5140,363595,HIGH
Dog,Medium,2,Urban,302456,9634,4843,364472,HIGH
Dog,Medium,10,Semi-Urban,304157,10251,4316,366532,HIGH
Cat,Medium,10,Urban,306007,12086,4002,370409,HIGH
Dog,Small,2,Urban,211881,10370,3788,259944,HIGH
Cat,Small,9,Urban,214343,13094,3470,265543,HIGH
Dog,Small,3,Urban,213290,9270,3511,259981,HIGH
Dog,Small,1,Urban,212993,13709,2278,263327,HIGH
Cat,Medium,9,Urban,302541,13786,4987,369511,HIGH
Cat,Large,10,Urban,409089,12476,6794,492612,HIGH
Dog,Medium,1,Urban,300372,13625,5864,367840,HIGH
Cat,Small,2,Semi-Urban,213010,8691,3724,259238,HIGH
Dog,Large,6,Semi-Urban,407731,8564,7265,487094,HIGH
Dog,Medium,4,Urban,298406,9652,4920,359924,HIGH
Dog,Large,2,Urban,406530,10531,7011,487682,HIGH
Dog,Medium,2,Urban,304263,8588,4870,365379,HIGH
Dog,Medium,4,Urban,302236,11206,4735,365903,HIGH
Dog,Medium,3,Semi-Urban,299556,8340,4952,359775,HIGH
Dog,Medium,10,Urban,300049,13099,4498,365292,HIGH
Dog,Medium,1,Urban,305564,12971,4471,371456,HIGH
Cat,Medium,4,Semi-Urban,301680,6312,4958,359892,HIGH
Dog,Large,8,Urban,407696,11114,6136,488687,HIGH
Dog,Medium,7,Urban,298745,8835,5535,360082,HIGH
Dog,Small,13,Urban,210249,11236,3583,258828,HIGH
Dog,Medium,5,Urban,303023,10435,5273,366540,HIGH
Cat,Small,7,Semi-Urban,210144,9015,3855,256466,HIGH
Dog,Medium,8,Urban,302548,9714,5162,365037,HIGH
Dog,Large,5,Urban,407217,10394,6610,487854,HIGH
Cat,Large,5,Urban,409952,10992,7059,492203,HIGH
Cat,Small,3,Urban,211343,10132,3277,258464,HIGH
Dog,Medium,5,Semi-Urban,301847,7074,5249,361295,HIGH
Dog,Large,9,Urban,407757,14045,7999,494271,HIGH
Cat,Extra Large,9,Urban,498796,13081,7562,597354,HIGH
Cat,Large,9,Urban,408216,13802,7081,493463,HIGH
Cat,Large,10,Semi-Urban,408999,10311,6887,490126,HIGH
Dog,Extra Large,11,Urban,498038,12473,7940,596218,HIGH
Cat,Medium,3,Urban,303101,9402,4980,365105,HIGH
Dog,Medium,11,Urban,301879,13111,6084,369235,HIGH
Dog,Medium,7,Urban,299715,8803,4101,359511,HIGH
Cat,Medium,2,Urban,303884,11510,6104,369722,HIGH
Dog,Small,11,Urban,215299,12357,2693,264901,HIGH
Cat,Medium,5,Semi-Urban,299029,6710,6130,358649,HIGH
Dog,Small,9,Semi-Urban,211971,10132,3438,259372,HIGH
Cat,Large,10,Semi-Urban,408776,10720,6825,490269,HIGH
Dog,Extra Large,10,Urban,495180,13625,8972,595443,HIGH
Dog,Large,7,Urban,409209,9840,6407,489274,HIGH
Dog,Small,11,Semi-Urban,211003,8582,2805,255748,HIGH
Dog,Extra Large,11,Semi-Urban,494592,10030,9131,590815,HIGH
Dog,Large,5,Urban,409598,9983,6271,489729,HIGH
Dog,Large,10,Urban,407578,12652,7332,491696,HIGH
Cat,Medium,5,Urban,300619,9361,5150,362399,HIGH
Dog,Large,5,Urban,408638,10701,7877,491298,HIGH
Cat,Medium,3,Urban,300534,9427,5226,362465,HIGH
Dog,Small,2,Semi-Urban,213355,8363,2607,257973,HIGH
Dog,Medium,12,Urban,301271,13229,5354,367832,HIGH
Cat,Medium,12,Urban,303505,14221,5598,371822,HIGH
Dog,Medium,9,Urban,300525,12508,4273,364901,HIGH
Dog,Large,7,Urban,408746,9909,6996,489498,HIGH
Dog,Large,3,Urban,408433,10984,6230,489494,HIGH
Dog,Large,5,Urban,412436,9834,7061,493730,HIGH
Dog,Medium,5,Semi-Urban,304368,8066,4985,365031,HIGH
Dog,Extra Large,12,Urban,498323,12807,8773,597888,HIGH
Dog,Large,7,Urban,410759,9357,7678,491963,HIGH
Dog,Large,7,Urban,409292,9739,7554,490572,HIGH
Dog,Large,12,Semi-Urban,405285,9614,6757,484904,HIGH
Dog,Small,8,Urban,215054,9354,3831,262474,HIGH
Dog,Large,2,Urban,405435,11177,6611,486706,HIGH
Dog,Large,4,Urban,412379,11082,6762,494756,HIGH
Dog,Extra Large,7,Semi-Urban,499362,8992,7884,593673,HIGH
Cat,Small,7,Urban,213595,10246,4597,262703,HIGH
Dog,Medium,2,Semi-Urban,300443,9091,5103,361832,HIGH
Dog,Small,13,Urban,212426,11579,4794,263118,HIGH
Dog,Large,11,Semi-Urban,407742,12017,7163,490960,HIGH
Dog,Medium,2,Semi-Urban,299465,8579,4719,359677,HIGH
Dog,Medium,8,Urban,304061,8858,4859,365444,HIGH
Cat,Medium,6,Urban,301873,8783,5387,363449,HIGH
Dog,Medium,5,Urban,303414,9261,4338,364564,HIGH
Dog,Small,8,Urban,216743,10025,2802,264005,HIGH
Cat,Small,12,Urban,213090,12706,3560,263759,HIGH
Dog,Large,3,Urban,407194,9480,7146,487393,HIGH
Dog,Large,11,Urban,406195,12529,7097,489694,HIGH
Dog,Small,1,Urban,213420,11512,2472,261514,HIGH
Dog,Medium,13,Urban,302130,12460,5050,367586,HIGH
Dog,Medium,8,Urban,301012,9188,4796,362245,HIGH
Dog,Large,3,Urban,406984,9675,7149,487379,HIGH
Cat,Large,3,Semi-Urban,408260,9380,6949,488277,HIGH
Cat,Medium,11,Urban,300669,11466,5713,365525,HIGH
Dog,Large,8,Urban,408099,10734,6671,489329,HIGH
Dog,Large,1,Semi-Urban,407494,10520,6404,488080,HIGH
Dog,Large,10,Semi-Urban,409766,10256,7000,491075,HIGH
Dog,Extra Large,8,Urban,496274,10668,9632,594060,HIGH
Dog,Medium,6,Urban,302964,11381,5132,367398,HIGH
Dog,Large,11,Urban,405309,14013,6405,489586,HIGH
Cat,Medium,2,Urban,305317,10184,6023,369752,HIGH
Dog,Small,7,Semi-Urban,214953,7456,3745,260077,HIGH
Dog,Large,7,Urban,406023,9777,7136,486376,HIGH
Cat,Extra Large,4,Semi-Urban,496476,8842,8813,591250,HIGH
Cat,Small,7,Urban,212488,10880,4126,261618,HIGH
Dog,Medium,2,Urban,304109,11233,5097,368504,HIGH
Dog,Large,10,Semi-Urban,406306,11370,6756,488096,HIGH
Dog,Medium,8,Urban,300821,8518,4750,361202,HIGH
Dog,Medium,2,Semi-Urban,298308,7316,4984,357199,HIGH
Cat,Medium,11,Semi-Urban,301746,11304,5023,365783,HIGH
Dog,Large,1,Urban,406270,12124,6779,488948,HIGH
Dog,Small,8,Urban,215839,9889,4077,264275,HIGH
Dog,Small,11,Semi-Urban,214000,9702,4343,262251,HIGH
Dog,Extra Large,1,Urban,498192,14114,9658,600258,HIGH
Dog,Large,13,Urban,405525,12879,6682,488848,HIGH
Dog,Medium,10,Semi-Urban,300792,10144,5357,363736,HIGH
Cat,Small,9,Urban,211560,12763,3340,261812,HIGH
Cat,Small,10,Urban,210899,12553,3390,260868,HIGH
Dog,Medium,6,Urban,301572,9964,4397,363322,HIGH
Dog,Medium,13,Urban,304501,11999,5401,370186,HIGH
Dog,Medium,9,Urban,303981,13906,5652,372069,HIGH
Cat,Large,11,Urban,408396,12206,6881,491605,HIGH
Cat,Large,13,Urban,410329,12365,7288,494479,HIGH
Dog,Small,6,Semi-Urban,210835,8010,3648,255866,HIGH
Dog,Small,1,Semi-Urban,214528,10180,2739,261564,HIGH
Cat,Medium,5,Urban,299827,9282,4727,360911,HIGH
Dog,Small,2,Semi-Urban,210902,7062,2984,254090,HIGH
Dog,Large,10,Urban,407818,13862,6981,492960,HIGH
Dog,Medium,11,Semi-Urban,302377,10110,4984,365091,HIGH
Dog,Medium,8,Semi-Urban,299872,6849,4809,358259,HIGH
Dog,Large,5,Urban,406688,9345,7187,486703,HIGH
Dog,Small,9,Urban,212239,13075,3842,263529,HIGH
Cat,Small,8,Semi-Urban,214542,7541,3960,259949,HIGH
Dog,Medium,7,Urban,299609,9506,5523,361833,HIGH
Dog,Large,4,Semi-Urban,406178,7844,7143,484339,HIGH
Dog,Medium,10,Urban,301541,12842,5184,367502,HIGH
Dog,Small,10,Semi-Urban,211239,9840,3669,258460,HIGH
Dog,Medium,2,Urban,302228,10510,5102,365516,HIGH
Dog,Large,12,Semi-Urban,409660,10312,6906,490909,HIGH
Dog,Large,11,Semi-Urban,408810,10108,7119,489942,HIGH
Cat,Small,6,Semi-Urban,212274,7492,3320,256548,HIGH
Cat,Large,8,Semi-Urban,405711,8556,7793,485369,HIGH
Dog,Large,3,Urban,408549,9835,7080,489283,HIGH
Dog,Large,11,Urban,411100,13715,6164,495625,HIGH
Dog,Small,13,Urban,207995,13248,3653,258630,HIGH
Dog,Medium,8,Urban,302167,11144,5065,366132,HIGH
Cat,Large,12,Urban,407294,11875,7436,490595,HIGH
Dog,Extra Large,11,Urban,497257,12199,9200,596454,HIGH
Dog,Large,7,Semi-Urban,409522,8160,6286,487563,HIGH
Dog,Small,3,Urban,215157,9810,3253,262453,HIGH
Dog,Large,8,Semi-Urban,407440,8108,6574,485440,HIGH
Dog,Small,8,Semi-Urban,214399,6465,2508,256877,HIGH
Dog,Medium,7,Urban,305254,9816,4778,367825,HIGH
Dog,Large,5,Urban,408185,11689,7161,491090,HIGH
Dog,Large,8,Urban,407593,8018,6829,485806,HIGH
Cat,Medium,7,Semi-Urban,301949,7533,4902,361541,HIGH
Dog,Extra Large,7,Urban,498958,10826,8214,595697,HIGH
Dog,Small,2,Urban,213381,9618,2912,259797,HIGH
Cat,Large,7,Urban,410385,9485,6200,489980,HIGH
Cat,Small,13,Urban,210812,13807,3291,262096,HIGH
Dog,Large,4,Urban,407523,10121,6739,488040,HIGH
Dog,Medium,11,Semi-Urban,299581,11787,4835,363633,HIGH
Dog,Medium,13,Urban,303888,13284,5939,371577,HIGH
Dog,Medium,5,Urban,301191,8319,5302,362033,HIGH
Dog,Small,1,Urban,212704,13268,4071,264549,HIGH
Dog,Extra Large,13,Urban,498918,13163,8213,598338,HIGH
Dog,Large,8,Urban,411246,8945,6805,491045,HIGH
Dog,Medium,4,Semi-Urban,301782,7593,4847,361355,HIGH
Dog,Small,10,Urban,213350,12393,3596,263739,HIGH
Dog,Large,13,Semi-Urban,405573,10564,7426,487097,HIGH
Dog,Small,10,Urban,214071,13003,3943,265669,HIGH
Dog,Medium,10,Semi-Urban,302340,10782,4444,365200,HIGH
Dog,Medium,5,Urban,301598,9207,5383,363616,HIGH
Dog,Medium,1,Semi-Urban,300314,10827,5156,363741,HIGH
Dog,Extra Large,6,Semi-Urban,498255,7398,8913,591750,HIGH
Dog,Medium,8,Semi-Urban,306428,7500,4844,366587,HIGH
Dog,Medium,4,Semi-Urban,303910,7810,5330,364607,HIGH
Cat,Extra Large,3,Urban,493906,9609,8267,588549,HIGH
Dog,Medium,3,Semi-Urban,303887,7897,4463,363684,HIGH
Dog,Large,7,Urban,410407,10885,7552,493170,HIGH
Dog,Medium,4,Urban,298278,10276,4469,359976,HIGH
Dog,Large,7,Urban,408632,8550,6185,486872,HIGH
Dog,Large,2,Semi-Urban,408100,8429,6988,487044,HIGH
Dog,Small,3,Urban,215645,10717,3970,264881,HIGH
Dog,Small,12,Urban,214546,11596,4051,264721,HIGH
Dog,Medium,6,Urban,297768,8276,5015,357717,HIGH
Dog,Small,12,Semi-Urban,210000,10707,3469,257802,HIGH
Cat,Small,3,Urban,213151,9340,3639,260049,HIGH
Cat,Medium,11,Semi-Urban,304098,9326,5399,366646,HIGH
Cat,Extra Large,10,Semi-Urban,496852,9836,8842,592859,HIGH
Dog,Medium,10,Urban,303142,10619,5761,367450,HIGH
Dog,Medium,12,Urban,302054,12933,5504,368564,HIGH
Dog,Extra Large,8,Semi-Urban,500504,8511,9823,596663,HIGH
Dog,Small,11,Urban,212094,13327,3411,263156,HIGH
Cat,Medium,10,Urban,301866,12977,5912,368868,HIGH
Dog,Medium,12,Urban,301751,12916,5769,368501,HIGH
Dog,Small,4,Semi-Urban,213509,8882,2337,258437,HIGH
Cat,Small,10,Urban,214013,12631,2782,263839,HIGH
Dog,Medium,3,Urban,300659,10565,5437,364160,HIGH
Dog,Small,9,Urban,214232,13079,3051,264916,HIGH
Dog,Small,7,Urban,217228,9435,3634,264841,HIGH
Dog,Large,5,Urban,410415,11158,6760,492582,HIGH
Dog,Medium,3,Semi-Urban,299785,7224,4100,357775,HIGH
Dog,Large,13,Semi-Urban,406644,10298,7287,487863,HIGH
Cat,Medium,2,Semi-Urban,303587,7551,5122,363699,HIGH
Dog,Large,6,Urban,406982,10460,7805,489034,HIGH
Dog,Small,9,Semi-Urban,214220,10196,3323,261899,HIGH
Dog,Extra Large,11,Semi-Urban,499943,11320,8356,597561,HIGH
Cat,Small,5,Urban,214414,10210,3787,262672,HIGH
Dog,Medium,3,Urban,301437,10726,5271,365049,HIGH
Dog,Medium,4,Semi-Urban,305578,6635,5688,365586,HIGH
Dog,Medium,8,Urban,301451,9446,5431,363777,HIGH
Dog,Medium,7,Urban,298951,8876,5371,360177,HIGH
Cat,Medium,5,Urban,302901,9063,5615,365215,HIGH
Dog,Medium,5,Urban,303721,10347,4671,366549,HIGH
Cat,Small,8,Urban,211106,11625,3064,259664,HIGH
Dog,Medium,1,Semi-Urban,307607,10976,4549,371601,HIGH
Dog,Medium,12,Urban,301256,12524,4527,366053,HIGH
Dog,Medium,6,Semi-Urban,301762,7063,5166,361089,HIGH
Dog,Medium,7,Urban,302755,9974,5059,365456,HIGH
Dog,Large,5,Urban,404105,8319,7136,482494,HIGH
Cat,Medium,7,Urban,302696,10157,4453,364901,HIGH
Dog,Large,3,Urban,405948,10105,8004,487665,HIGH
Cat,Medium,3,Semi-Urban,297970,8867,5195,358836,HIGH
Cat,Medium,7,Semi-Urban,304101,8604,5063,365433,HIGH
Dog,Large,6,Urban,406236,10158,7098,487015,HIGH
Dog,Small,9,Urban,213309,14162,3405,265507,HIGH
Cat,Extra Large,13,Urban,496907,13440,8350,596501,HIGH
Dog,Medium,2,Urban,305315,10094,4601,368011,HIGH
Dog,Medium,10,Semi-Urban,302624,9056,5587,364857,HIGH
Dog,Medium,11,Urban,298661,11758,5092,362837,HIGH
Dog,Large,1,Urban,411794,14228,6877,497833,HIGH
Dog,Large,6,Urban,408190,10682,7120,489890,HIGH
Dog,Extra Large,9,Semi-Urban,495583,10528,8390,591676,HIGH
Dog,Medium,12,Semi-Urban,299517,10213,4799,361708,HIGH
Dog,Small,3,Urban,211013,9737,3968,258425,HIGH
Dog,Medium,9,Urban,302254,13840,6199,370636,HIGH
Dog,Small,9,Semi-Urban,209372,11374,3424,257795,HIGH
Dog,Medium,7,Urban,300915,10902,4976,364311,HIGH
Dog,Extra Large,7,Semi-Urban,498236,7392,8405,591137,HIGH
Dog,Medium,4,Urban,307182,9484,4872,369768,HIGH
Dog,Extra Large,2,Urban,499573,9413,8046,594586,HIGH
Dog,Small,8,Urban,210756,10597,3100,258120,HIGH
Dog,Medium,5,Urban,304426,10410,5488,368372,HIGH
Dog,Extra Large,3,Semi-Urban,498449,8679,7795,592161,HIGH
Dog,Medium,13,Urban,301449,12574,5591,367556,HIGH
Dog,Large,11,Semi-Urban,410564,8442,7005,489912,HIGH
Dog,Medium,6,Urban,301278,11142,6788,367089,HIGH
Cat,Small,3,Semi-Urban,212217,7850,3108,256651,HIGH
Dog,Large,3,Semi-Urban,407691,8556,7463,487266,HIGH
Cat,Extra Large,12,Urban,497540,13843,7948,597230,HIGH
Dog,Medium,11,Semi-Urban,303366,11107,5012,367407,HIGH
Dog,Large,3,Urban,409553,9352,7079,489881,HIGH
Dog,Medium,9,Urban,299187,12610,4858,364153,HIGH
Dog,Large,10,Urban,409880,12078,7159,493484,HIGH
Dog,Medium,11,Urban,302840,12820,4570,368264,HIGH
Dog,Medium,13,Urban,301449,12482,4884,366637,HIGH
Dog,Large,1,Urban,405791,12218,7674,489535,HIGH
Cat,Small,5,Urban,213548,9221,4180,260991,HIGH
Dog,Large,2,Semi-Urban,407394,7764,7175,485682,HIGH
Cat,Large,6,Semi-Urban,409186,8155,6503,487420,HIGH
Dog,Medium,11,Urban,300968,13000,4977,366786,HIGH
Dog,Extra Large,8,Urban,497427,8964,7647,591143,HIGH
Dog,Large,1,Urban,408894,12886,7530,493706,HIGH
Dog,Large,2,Urban,407806,9601,6882,487932,HIGH
Dog,Medium,6,Urban,301627,9845,4900,363827,HIGH
Dog,Large,5,Urban,407558,11685,7515,490771,HIGH
Cat,Medium,6,Urban,300265,11966,5123,364957,HIGH
Dog,Large,9,Urban,409532,12932,6605,493429,HIGH
Dog,Large,4,Urban,411698,9138,7231,492277,HIGH
Cat,Medium,1,Urban,303413,12544,5647,369844,HIGH
Dog,Medium,9,Urban,302461,12972,4962,368454,HIGH
Dog,Large,11,Urban,406301,12476,6254,488785,HIGH
Cat,Small,3,Semi-Urban,212258,8445,3780,258155,HIGH
Dog,Large,4,Urban,408208,10274,6426,488644,HIGH
Dog,Small,11,Urban,217356,12104,4181,268687,HIGH
Dog,Large,8,Urban,407362,9045,7380,487355,HIGH
Dog,Medium,12,Urban,301239,13504,4560,367198,HIGH
Dog,Small,3,Urban,212539,9118,3671,259127,HIGH
Dog,Small,4,Urban,212194,10346,3422,259856,HIGH
Dog,Extra Large,2,Urban,494616,9632,6985,587917,HIGH
Dog,Small,5,Semi-Urban,214161,6582,3653,258055,HIGH
Dog,Medium,11,Urban,301031,13134,5539,367659,HIGH
Dog,Large,11,Urban,409985,14458,6865,496004,HIGH
Dog,Small,5,Semi-Urban,212933,7295,3685,257499,HIGH
Dog,Small,9,Urban,211873,12509,3687,262279,HIGH
Dog,Extra Large,7,Urban,497592,9668,8963,593656,HIGH
Dog,Medium,4,Urban,299844,9751,4627,361355,HIGH
Cat,Large,12,Urban,409516,11896,6657,492279,HIGH
Dog,Medium,6,Urban,302051,9370,4839,363699,HIGH
Dog,Medium,10,Urban,302833,12968,4603,368464,HIGH
Dog,Medium,3,Semi-Urban,300343,8176,5842,361515,HIGH
Dog,Medium,5,Urban,301853,9703,4822,363834,HIGH
Dog,Medium,2,Semi-Urban,302460,9111,5955,365154,HIGH
Cat,Medium,3,Urban,303700,9858,5249,366628,HIGH
Cat,Large,5,Urban,404239,9403,7480,484290,HIGH
Dog,Small,4,Urban,215720,10228,3827,264241,HIGH
Cat,Small,8,Semi-Urban,212409,8393,4803,259445,HIGH
Dog,Medium,2,Semi-Urban,300160,7399,5059,359510,HIGH
Dog,Extra Large,3,Urban,496216,9346,8347,590995,HIGH
Dog,Extra Large,1,Semi-Urban,499037,9669,8134,594366,HIGH
Dog,Large,10,Urban,410546,12840,7754,495811,HIGH
Dog,Small,3,Urban,214892,10852,3509,263640,HIGH
Dog,Small,7,Urban,213120,9081,3784,259882,HIGH
Cat,Extra Large,5,Urban,495842,10769,8789,592710,HIGH
Dog,Large,6,Urban,407527,9420,6905,487429,HIGH
Dog,Medium,2,Semi-Urban,300555,7320,5732,360648,HIGH
Dog,Medium,7,Urban,307244,11806,6223,374063,HIGH
Cat,Medium,9,Semi-Urban,298709,9891,5110,360766,HIGH
Dog,Large,11,Urban,405462,11489,7251,487832,HIGH
Dog,Large,12,Urban,409993,13539,5758,493683,HIGH
Cat,Small,4,Urban,215025,9827,3032,262066,HIGH
Dog,Medium,1,Urban,302082,13997,5018,369261,HIGH
Dog,Small,1,Urban,210710,12218,2700,259472,HIGH
Cat,Small,4,Semi-Urban,210176,8847,3347,255725,HIGH
Dog,Small,6,Semi-Urban,218260,8001,3581,264318,HIGH
Dog,Small,1,Urban,212206,13555,4252,264514,HIGH
Cat,Large,13,Urban,405099,12337,7057,488166,HIGH
Dog,Large,12,Semi-Urban,412171,11542,7291,495654,HIGH
Cat,Large,3,Urban,404924,9074,7269,484457,HIGH
Dog,Large,5,Urban,409487,11179,7263,492118,HIGH
Cat,Medium,9,Urban,301365,12224,5521,366976,HIGH
Dog,Medium,13,Urban,303289,13525,4221,369190,HIGH
Dog,Large,7,Semi-Urban,410367,7620,6837,488547,HIGH
Dog,Extra Large,8,Semi-Urban,497842,8164,8049,591163,HIGH
Dog,Large,10,Urban,407688,13627,7256,492856,HIGH
Dog,Extra Large,1,Urban,497428,13797,9415,598736,HIGH
Dog,Extra Large,12,Urban,494214,12706,7932,592079,HIGH
Dog,Medium,7,Semi-Urban,301661,8277,5513,362768,HIGH
Dog,Large,6,Semi-Urban,406709,8183,6592,484706,HIGH
Dog,Small,8,Urban,214753,10554,2888,262424,HIGH
Dog,Large,11,Urban,409478,12385,6838,493006,HIGH
Cat,Medium,1,Semi-Urban,303110,10633,5186,366768,HIGH
Dog,Medium,8,Urban,301410,9789,4950,363571,HIGH
Cat,Medium,9,Semi-Urban,301699,10049,5366,364681,HIGH
Dog,Large,1,Urban,409786,11930,7712,493842,HIGH
Dog,Large,5,Semi-Urban,408999,8123,7316,488103,HIGH
Cat,Large,4,Urban,406176,9193,7630,486448,HIGH
Cat,Large,7,Semi-Urban,407240,7936,7960,486606,HIGH
Cat,Medium,1,Urban,305818,13370,4921,372725,HIGH
Dog,Extra Large,10,Semi-Urban,494484,10595,8079,590131,HIGH
Dog,Large,9,Urban,408729,12184,7247,492384,HIGH
Cat,Large,2,Semi-Urban,408188,9348,6375,487497,HIGH
Cat,Large,3,Urban,408896,9159,6509,488248,HIGH
Dog,Medium,2,Semi-Urban,303374,6884,5132,362698,HIGH
Cat,Medium,2,Urban,301317,10822,5634,365438,HIGH
Dog,Medium,7,Semi-Urban,305912,7641,6098,367598,HIGH
Dog,Large,9,Semi-Urban,406357,11541,7288,488963,HIGH
Cat,Medium,6,Urban,302803,10154,5432,366147,HIGH
Dog,Medium,3,Semi-Urban,304245,7578,6347,365895,HIGH
Dog,Large,11,Semi-Urban,407656,10716,6834,488986,HIGH
Dog,Medium,2,Urban,301298,10374,5741,365024,HIGH
Dog,Medium,13,Urban,301495,12513,4972,366827,HIGH
Dog,Medium,5,Semi-Urban,302573,6586,4739,360982,HIGH
Cat,Large,4,Semi-Urban,406132,7987,6743,483991,HIGH
Dog,Large,6,Urban,413873,9860,6411,494665,HIGH
Dog,Medium,9,Urban,304709,14062,4484,371743,HIGH
Dog,Medium,3,Urban,302443,10053,6305,366621,HIGH
Cat,Medium,3,Urban,303056,10272,4529,365535,HIGH
Dog,Small,3,Urban,210922,9885,2927,257294,HIGH
Cat,Large,11,Semi-Urban,408710,9498,6871,488840,HIGH
Dog,Large,11,Urban,408657,12746,6649,492259,HIGH
Dog,Small,13,Semi-Urban,214277,9741,4014,262236,HIGH
Dog,Medium,4,Semi-Urban,300545,9080,4815,361606,HIGH
Dog,Large,12,Urban,410207,12723,6870,494270,HIGH
Dog,Large,10,Semi-Urban,407400,10831,6883,488881,HIGH
Dog,Extra Large,2,Urban,497793,9966,8617,593832,HIGH
Cat,Medium,8,Semi-Urban,301545,7633,5453,361825,HIGH
Dog,Medium,12,Urban,302620,12294,5652,368650,HIGH
Dog,Large,3,Semi-Urban,409361,8246,7118,488433,HIGH
Dog,Medium,8,Semi-Urban,304199,8427,4586,364793,HIGH
Dog,Medium,1,Semi-Urban,301514,9803,5064,363838,HIGH
Cat,Extra Large,6,Semi-Urban,497230,7839,8463,590561,HIGH
Dog,Medium,2,Semi-Urban,299168,8027,4592,358555,HIGH
Dog,Extra Large,4,Urban,496047,9363,8295,590760,HIGH
Cat,Medium,13,Semi-Urban,304766,10666,5150,368669,HIGH
Dog,Medium,3,Semi-Urban,300152,7484,5004,359536,HIGH
Dog,Medium,7,Semi-Urban,302231,8706,3905,362068,HIGH
Cat,Medium,7,Urban,301807,9810,5634,364838,HIGH
Dog,Large,5,Semi-Urban,410130,9539,7372,491097,HIGH
Dog,Small,4,Semi-Urban,209995,7849,3356,254380,HIGH
Cat,Medium,5,Semi-Urban,302991,8744,4999,364244,HIGH
Cat,Large,10,Semi-Urban,408828,10039,7160,489931,HIGH
Dog,Medium,1,Urban,304895,13106,4758,371172,HIGH
Dog,Medium,11,Semi-Urban,298903,10734,5204,362067,HIGH
Dog,Large,9,Semi-Urban,406929,9099,5738,485030,HIGH
Dog,Medium,3,Urban,302478,10372,4717,365202,HIGH
Dog,Large,10,Semi-Urban,409159,9651,6495,489100,HIGH
Cat,Large,9,Urban,405972,11844,7034,488577,HIGH
Cat,Medium,13,Urban,304720,11442,5408,369805,HIGH
Dog,Large,8,Urban,406709,10216,8212,488907,HIGH
Dog,Medium,12,Urban,303120,12747,5028,369029,HIGH
Dog,Extra Large,1,Urban,496418,12685,7917,594573,HIGH
Dog,Small,11,Urban,212229,13066,3811,263471,HIGH
Dog,Large,12,Urban,408714,13642,6667,493376,HIGH
Dog,Large,8,Semi-Urban,405313,7683,7006,483002,HIGH
Dog,Large,7,Semi-Urban,408140,6655,7210,485305,HIGH
Dog,Small,5,Urban,210360,10209,3445,257616,HIGH
Dog,Large,6,Urban,408247,10265,6921,489247,HIGH
Dog,Medium,4,Urban,300983,10705,5333,364574,HIGH
Dog,Large,10,Semi-Urban,408088,10498,6960,489377,HIGH
Cat,Medium,10,Urban,299325,12929,4137,363849,HIGH
Dog,Large,10,Semi-Urban,407736,11516,7235,490460,HIGH
Cat,Medium,10,Urban,302771,12400,4676,367824,HIGH
Dog,Medium,10,Urban,302165,13890,4424,368550,HIGH
Dog,Small,9,Urban,209532,15188,3439,262382,HIGH
Dog,Large,2,Urban,409399,10626,7439,491583,HIGH
Cat,Medium,1,Semi-Urban,301131,11354,4646,364700,HIGH
Cat,Large,2,Urban,408738,8957,6944,488334,HIGH
Cat,Medium,12,Urban,302039,12731,5040,367781,HIGH
Cat,Medium,1,Urban,299574,13125,5193,365575,HIGH
Dog,Extra Large,8,Urban,498708,10469,7845,594575,HIGH
Dog,Medium,11,Urban,302395,11584,5574,367485,HIGH
Cat,Large,5,Urban,411189,8687,6736,490603,HIGH
Dog,Large,13,Urban,408043,12526,7494,492272,HIGH
Dog,Medium,3,Semi-Urban,298967,8121,4995,358895,HIGH
Dog,Medium,8,Urban,304973,9629,5324,367914,HIGH
Dog,Medium,3,Urban,298473,9871,4937,360273,HIGH
Dog,Large,5,Urban,407316,10932,7546,489663,HIGH
Cat,Extra Large,7,Urban,494277,10817,8515,590650,HIGH
Dog,Medium,1,Semi-Urban,302163,10669,5892,366532,HIGH
Dog,Medium,7,Urban,301754,10897,5550,365931,HIGH
Cat,Extra Large,7,Semi-Urban,492798,7719,8141,584956,HIGH
Cat,Small,3,Urban,213324,10693,3434,261568,HIGH
Dog,Medium,13,Semi-Urban,303835,10447,5018,367195,HIGH
Dog,Small,4,Urban,214542,9866,3631,262244,HIGH
Dog,Large,11,Urban,408025,13365,7606,493345,HIGH
Cat,Small,9,Semi-Urban,216318,11479,3008,265425,HIGH
Dog,Extra Large,11,Semi-Urban,498596,10454,7926,594522,HIGH
Cat,Large,7,Urban,410116,10229,7122,491587,HIGH
Dog,Extra Large,7,Urban,496789,11101,8773,594162,HIGH
Dog,Large,4,Semi-Urban,409279,7336,6726,486842,HIGH
Dog,Small,1,Urban,214200,12186,3418,264274,HIGH
Dog,Large,11,Semi-Urban,408177,11075,7371,490616,HIGH
Dog,Small,1,Urban,208872,12752,4157,259648,HIGH
Dog,Small,7,Urban,215848,11007,3962,265439,HIGH
Dog,Medium,13,Semi-Urban,304428,11010,4597,368040,HIGH
Dog,Small,4,Semi-Urban,210620,9159,3593,256877,HIGH
Dog,Small,13,Semi-Urban,213991,11366,4085,263858,HIGH
Dog,Large,11,Urban,406491,13651,7344,491608,HIGH
Dog,Medium,13,Urban,304166,12108,5213,369710,HIGH
Dog,Large,8,Urban,408050,9462,6206,487275,HIGH
Dog,Medium,4,Semi-Urban,301930,7617,4984,361710,HIGH
Dog,Medium,2,Urban,301367,10545,4903,364337,HIGH
Cat,Large,6,Semi-Urban,408429,6641,5930,484150,HIGH
Dog,Medium,5,Urban,302984,10221,4797,365702,HIGH
Dog,Medium,3,Urban,303291,9435,4455,364758,HIGH
Dog,Large,4,Urban,409235,9464,7161,489739,HIGH
Dog,Large,8,Urban,406923,10391,7380,488398,HIGH
Dog,Large,9,Semi-Urban,408906,9552,7306,489628,HIGH
Dog,Large,11,Urban,407434,12360,7120,490951,HIGH
Dog,Small,6,Urban,211548,9345,3963,258584,HIGH
Cat,Medium,11,Semi-Urban,303339,11629,5038,368006,HIGH
Cat,Medium,3,Urban,303174,9568,4657,365008,HIGH
Dog,Small,5,Urban,211342,10026,3032,258060,HIGH
Dog,Large,12,Urban,407461,14629,6693,493100,HIGH
Dog,Large,8,Semi-Urban,410212,8310,7588,490026,HIGH
Dog,Medium,1,Semi-Urban,302548,10678,5241,366237,HIGH
Dog,Small,5,Urban,209562,8746,4027,255685,HIGH
Cat,Medium,11,Urban,297840,13418,5064,363770,HIGH
Dog,Medium,4,Urban,302562,10093,5415,365780,HIGH
Cat,Small,2,Semi-Urban,215028,7023,3293,259145,HIGH
Cat,Medium,13,Urban,301000,12296,4816,365828,HIGH
Dog,Large,4,Semi-Urban,409453,8714,6973,488911,HIGH
Cat,Extra Large,12,Urban,499349,13993,9172,600891,HIGH
Dog,Extra Large,3,Urban,498619,9982,8173,594290,HIGH
Dog,Large,13,Semi-Urban,407955,11023,6493,489291,HIGH
Cat,Extra Large,4,Urban,496444,10458,8837,593099,HIGH
Dog,Extra Large,12,Urban,496807,13356,8185,596100,HIGH
Dog,Medium,6,Urban,300899,10552,5510,364505,HIGH
Dog,Medium,5,Semi-Urban,304852,8294,4858,365704,HIGH
Dog,Large,4,Urban,409093,10536,6733,490316,HIGH
Dog,Large,4,Urban,407807,9870,7037,488421,HIGH
Dog,Extra Large,8,Urban,495907,8582,7396,588667,HIGH
Dog,Medium,12,Urban,306093,13342,5529,373708,HIGH
Dog,Large,6,Urban,407022,9361,6643,486479,HIGH
Cat,Small,8,Urban,209210,9367,4380,256400,HIGH
Dog,Small,1,Urban,214692,11717,3556,264459,HIGH
Dog,Medium,6,Urban,303860,9762,4479,365816,HIGH
Dog,Medium,4,Urban,302915,10916,5681,367438,HIGH
Dog,Medium,2,Urban,299088,9376,4214,359579,HIGH
Cat,Small,2,Urban,212622,9617,3447,259538,HIGH
Cat,Large,9,Urban,406399,14501,7396,492540,HIGH
Dog,Large,13,Urban,411570,12081,6291,494433,HIGH
Dog,Medium,1,Urban,303105,14194,4525,370097,HIGH
Dog,Small,2,Semi-Urban,214249,6712,4425,259193,HIGH
Cat,Medium,12,Urban,303284,13212,4929,369638,HIGH
Dog,Medium,13,Semi-Urban,300368,10521,4893,363149,HIGH
Dog,Small,13,Urban,213592,12901,3191,264136,HIGH
Dog,Extra Large,7,Urban,498460,11377,8262,595813,HIGH
Cat,Medium,6,Urban,300914,10954,5125,364541,HIGH
Dog,Large,12,Urban,407391,10680,7166,489022,HIGH
Dog,Medium,4,Urban,299641,8981,4128,359662,HIGH
Cat,Medium,8,Urban,302048,10742,5100,365573,HIGH
Cat,Small,6,Urban,214645,10918,3604,263542,HIGH
Dog,Medium,10,Semi-Urban,302761,9675,5120,365189,HIGH
Dog,Medium,13,Urban,299852,10757,5165,363140,HIGH
Dog,Medium,10,Urban,302350,12604,5118,368082,HIGH
Dog,Medium,8,Urban,303373,9637,5176,365913,HIGH
Dog,Medium,2,Urban,301742,9360,4195,362591,HIGH
Dog,Medium,10,Urban,302659,13023,4547,368263,HIGH
Dog,Extra Large,11,Semi-Urban,499932,11579,8905,598478,HIGH
Dog,Small,10,Urban,212504,12107,2994,261745,HIGH
Dog,Small,3,Urban,210365,10578,3929,258602,HIGH
Dog,Medium,4,Urban,301956,9208,5448,364103,HIGH
Dog,Medium,7,Urban,299394,9311,4556,360250,HIGH
Dog,Small,7,Urban,214237,10431,3608,262517,HIGH
Dog,Medium,1,Urban,301716,13569,5146,368495,HIGH
Dog,Large,10,Semi-Urban,406124,11571,7149,488570,HIGH
Dog,Medium,6,Semi-Urban,300816,7471,4970,360245,HIGH
Cat,Medium,2,Urban,306053,8701,5519,368313,HIGH
Cat,Small,6,Urban,214150,9045,4338,261662,HIGH
Dog,Medium,7,Urban,301698,8464,5383,362876,HIGH
Cat,Large,5,Urban,407873,11022,6482,489183,HIGH
Dog,Medium,4,Urban,304263,8871,4717,365528,HIGH
Dog,Large,4,Urban,406861,10747,7012,488313,HIGH
Dog,Large,9,Urban,410471,12060,7306,494312,HIGH
Cat,Small,3,Urban,213068,8805,3711,259421,HIGH
Cat,Medium,1,Urban,302773,12047,4977,367766,HIGH
Dog,Extra Large,1,Urban,497113,12188,8990,596034,HIGH
Cat,Medium,4,Semi-Urban,302979,8291,4838,363524,HIGH
Dog,Large,1,Urban,409714,13369,7136,494751,HIGH
Dog,Medium,12,Semi-Urban,301493,11332,4925,365412,HIGH
Dog,Small,11,Semi-Urban,212005,10505,4129,260634,HIGH
Dog,Small,9,Semi-Urban,213680,10821,3176,261828,HIGH
Dog,Medium,6,Urban,301740,9825,4598,363587,HIGH
Cat,Medium,10,Urban,300850,12946,5164,366804,HIGH
Dog,Medium,5,Urban,303727,10763,4887,367283,HIGH
Dog,Large,5,Semi-Urban,408306,9223,7185,488421,HIGH
Dog,Small,5,Semi-Urban,210586,8017,3490,255406,HIGH
Dog,Medium,3,Semi-Urban,301159,7832,4719,360766,HIGH
Dog,Medium,5,Urban,302297,10317,4910,365152,HIGH
Dog,Small,9,Semi-Urban,209753,10307,3960,257623,HIGH
Dog,Medium,12,Semi-Urban,306246,11390,4910,370927,HIGH
Dog,Small,3,Urban,212596,9151,4277,259927,HIGH
Dog,Medium,1,Urban,305622,13162,4030,371236,HIGH
Cat,Large,4,Urban,406068,11167,7288,488201,HIGH
Dog,Medium,11,Urban,301462,12534,5523,367446,HIGH
Dog,Medium,1,Urban,300707,13083,5361,367023,HIGH
Dog,Large,4,Semi-Urban,405414,7183,6491,481951,HIGH
Cat,Small,8,Semi-Urban,212334,7803,3301,256953,HIGH
Dog,Medium,8,Urban,307085,9966,4378,369643,HIGH
Dog,Medium,10,Urban,301515,12473,5009,366846,HIGH
Dog,Large,9,Urban,408654,13240,7060,493297,HIGH
Cat,Extra Large,10,Urban,496436,11672,8820,594467,HIGH
Dog,Large,13,Semi-Urban,407755,11331,6703,489657,HIGH
Cat,Large,6,Urban,405192,9285,6701,484354,HIGH
Dog,Medium,4,Urban,300629,10838,4806,363713,HIGH
Cat,Large,11,Urban,412463,12571,7120,496977,HIGH
Cat,Large,3,Urban,408598,10507,5974,488840,HIGH
Dog,Medium,11,Semi-Urban,304613,9832,5015,367379,HIGH
Dog,Small,2,Urban,214280,9433,3456,261244,HIGH
Cat,Large,7,Urban,410308,9432,7198,490978,HIGH
Dog,Large,13,Urban,408373,14325,6042,493051,HIGH
Dog,Large,10,Urban,409644,11553,7676,493203,HIGH
Cat,Small,2,Semi-Urban,214869,8765,3676,261406,HIGH
Dog,Small,11,Urban,210153,12795,4061,261060,HIGH
Dog,Medium,13,Urban,299129,13630,5173,365621,HIGH
Dog,Extra Large,8,Semi-Urban,494840,6734,8125,586153,HIGH
Dog,Medium,7,Urban,303042,9818,5154,365716,HIGH
Dog,Medium,1,Semi-Urban,302250,10495,4705,365067,HIGH
Dog,Medium,8,Semi-Urban,299987,6915,4856,358521,HIGH
Dog,Small,4,Urban,213491,10266,3811,261703,HIGH
Dog,Medium,13,Semi-Urban,301181,10526,5500,364788,HIGH
Cat,Small,4,Urban,214212,9241,4285,261898,HIGH
Dog,Small,11,Urban,212122,13650,3529,263696,HIGH
Dog,Extra Large,13,Semi-Urban,498107,9087,8719,593299,HIGH
Dog,Large,9,Semi-Urban,407335,9440,5954,486138,HIGH
Dog,Small,5,Urban,212746,10190,3640,260562,HIGH
Cat,Medium,12,Urban,298568,13669,4132,363824,HIGH
Dog,Small,4,Semi-Urban,211195,7044,3256,254719,HIGH
Dog,Small,10,Urban,212655,13799,3972,264989,HIGH
Dog,Large,7,Urban,406720,10267,6249,486721,HIGH
Dog,Large,8,Urban,405991,10603,6146,486151,HIGH
Dog,Large,7,Urban,409443,10738,6950,491200,HIGH
Cat,Large,13,Urban,407770,11359,7533,490661,HIGH
Cat,Large,11,Urban,414047,14426,7165,500983,HIGH
Cat,Large,11,Urban,410024,12783,6552,493762,HIGH
Dog,Medium,12,Semi-Urban,301703,11346,5268,366064,HIGH
Dog,Medium,10,Urban,301083,13444,4945,367392,HIGH
Dog,Medium,10,Semi-Urban,300319,11192,5680,364769,HIGH
Dog,Large,1,Urban,410376,13883,6428,495290,HIGH
Dog,Small,7,Urban,211978,9723,3204,258640,HIGH
Dog,Extra Large,12,Urban,497748,11996,8201,595636,HIGH
Dog,Large,6,Semi-Urban,407941,6986,6319,484432,HIGH
Cat,Medium,13,Urban,299853,13299,6043,367074,HIGH
Cat,Medium,13,Urban,301854,12462,5275,367529,HIGH
Dog,Medium,1,Semi-Urban,302423,11515,5026,366808,HIGH
Dog,Large,1,Urban,411062,14606,7696,498368,HIGH
Cat,Small,13,Urban,210383,11864,3004,259038,HIGH
Dog,Medium,5,Semi-Urban,298787,6799,4223,356280,HIGH
Cat,Small,11,Urban,215980,12542,2635,265830,HIGH
Dog,Small,2,Urban,213249,11905,3276,262694,HIGH
Dog,Medium,3,Semi-Urban,301119,8616,4664,361558,HIGH
Dog,Small,9,Urban,216184,12595,3055,266609,HIGH
Dog,Medium,11,Urban,303096,12878,5400,369580,HIGH
Dog,Small,2,Urban,213606,10673,3940,262451,HIGH
Dog,Medium,7,Urban,304904,10407,5291,368692,HIGH
Cat,Medium,6,Semi-Urban,304476,7735,4633,364370,HIGH
Dog,Large,5,Urban,406567,9759,6128,485822,HIGH
Cat,Medium,1,Urban,300895,13499,4471,366694,HIGH
Dog,Large,4,Urban,409466,8975,6708,488921,HIGH
Dog,Small,1,Urban,212841,13508,3750,264613,HIGH
Dog,Small,9,Semi-Urban,211995,12063,3646,261859,HIGH
Dog,Medium,2,Urban,300123,9418,4726,361407,HIGH
Cat,Large,4,Semi-Urban,405066,7351,7272,482642,HIGH
Dog,Extra Large,3,Urban,494679,9586,8886,590123,HIGH
Dog,Small,8,Urban,211440,10181,4542,260087,HIGH
Dog,Small,11,Semi-Urban,211082,11621,3698,260361,HIGH
Cat,Medium,7,Urban,301327,9015,5871,363644,HIGH
Dog,Large,1,Urban,410763,11910,6937,494051,HIGH
Dog,Large,7,Semi-Urban,407555,8178,6934,486067,HIGH
Cat,Medium,1,Urban,303078,11742,5737,368640,HIGH
Dog,Large,7,Urban,406355,11303,6801,488127,HIGH
Cat,Medium,1,Urban,304058,12337,5301,369950,HIGH
Dog,Medium,3,Urban,302249,11434,5275,366801,HIGH
Dog,Medium,10,Urban,299670,14179,5298,367019,HIGH
Dog,Large,11,Semi-Urban,409552,10020,6092,489513,HIGH
Cat,Medium,3,Semi-Urban,301853,5873,5228,359897,HIGH
Dog,Extra Large,7,Urban,497816,8244,8741,592021,HIGH
Dog,Medium,12,Urban,300814,12774,4893,366253,HIGH
Dog,Large,4,Urban,409784,9579,5972,489135,HIGH
Dog,Large,7,Urban,408218,8780,7292,487933,HIGH
Dog,Extra Large,4,Urban,496769,9453,8961,592460,HIGH
Dog,Large,5,Urban,410107,8820,8156,491145,HIGH
Dog,Medium,10,Semi-Urban,304173,10881,4397,367368,HIGH
Cat,Large,4,Semi-Urban,407912,7335,7052,485643,HIGH
Dog,Small,5,Urban,212542,10287,3107,259826,HIGH
Dog,Extra Large,12,Urban,498437,13620,8384,598507,HIGH
Cat,Medium,4,Semi-Urban,301821,7749,4838,361569,HIGH
Cat,Large,2,Semi-Urban,406519,8148,7172,485114,HIGH
Dog,Medium,8,Semi-Urban,302486,8254,4551,362584,HIGH
Dog,Medium,11,Semi-Urban,305528,9726,5172,368489,HIGH
Dog,Medium,1,Urban,301558,13118,4660,367236,HIGH
Dog,Large,6,Semi-Urban,404635,6542,6929,480821,HIGH
Dog,Large,12,Urban,405733,11716,6713,487786,HIGH
Dog,Large,9,Semi-Urban,411544,10843,8136,495101,HIGH
Cat,Large,3,Urban,411814,8772,7556,492363,HIGH
Cat,Large,13,Urban,407260,12416,6940,490608,HIGH
Dog,Large,12,Urban,411047,12851,6853,495363,HIGH
Dog,Small,13,Urban,213419,13050,3486,264448,HIGH
Dog,Large,5,Urban,405761,9882,6471,485431,HIGH
Dog,Medium,4,Semi-Urban,300534,8165,5859,361741,HIGH
Dog,Extra Large,4,Urban,497140,9452,8268,592089,HIGH
Dog,Medium,11,Semi-Urban,302757,10308,4971,365741,HIGH
Cat,Large,3,Urban,408046,9716,7338,488865,HIGH
Dog,Medium,5,Semi-Urban,305589,6849,4962,365010,HIGH
Dog,Medium,7,Urban,302279,10127,4679,364647,HIGH
Dog,Medium,5,Urban,301516,8916,5395,363201,HIGH
Dog,Large,11,Semi-Urban,409213,9830,6883,489814,HIGH
Dog,Medium,2,Urban,298107,9739,4831,359578,HIGH
Cat,Small,12,Semi-Urban,216657,10473,2694,264297,HIGH
Cat,Small,6,Urban,214196,9836,4215,262484,HIGH
Dog,Extra Large,1,Semi-Urban,492968,9873,8874,588472,HIGH
Cat,Extra Large,6,Semi-Urban,498243,8182,8273,591902,HIGH
Dog,Medium,12,Urban,300381,13489,5701,367506,HIGH
Dog,Large,3,Semi-Urban,411783,8302,6642,490736,HIGH
Cat,Medium,2,Urban,301400,9676,5688,364278,HIGH
Dog,Medium,9,Urban,296285,13762,4741,362006,HIGH
Dog,Medium,4,Urban,299780,11144,5682,364096,HIGH
Dog,Medium,2,Urban,302487,10105,5580,365897,HIGH
Dog,Large,2,Urban,407879,9438,7163,488152,HIGH
Dog,Medium,1,Urban,298017,13450,5043,363986,HIGH
Cat,Medium,3,Urban,299222,10207,5826,362543,HIGH
Dog,Large,6,Urban,409846,10345,7007,491277,HIGH
Cat,Medium,11,Urban,297586,12192,5727,362830,HIGH
Cat,Small,4,Semi-Urban,215309,7934,3343,260573,HIGH
Dog,Large,11,Semi-Urban,406941,11252,7244,489252,HIGH
Dog,Small,5,Urban,214162,11434,3269,263194,HIGH
Cat,Medium,2,Urban,300357,10295,4889,362872,HIGH
Dog,Large,2,Urban,404680,10728,8183,487129,HIGH
Cat,Small,3,Urban,214014,11044,4087,263516,HIGH
Dog,Extra Large,9,Semi-Urban,493825,11555,8411,590859,HIGH
Cat,Medium,13,Urban,303217,13313,5540,370380,HIGH
Dog,Large,2,Urban,410367,8797,7159,490271,HIGH
Dog,Medium,8,Urban,302013,9789,5378,364757,HIGH
Dog,Small,13,Urban,211569,12620,3933,262340,HIGH
Dog,Large,5,Semi-Urban,410948,7813,7432,490121,HIGH
Dog,Medium,11,Semi-Urban,300965,11458,5483,365591,HIGH
Dog,Large,3,Urban,408247,11274,6380,489786,HIGH
Dog,Medium,8,Urban,303025,10844,4119,365686,HIGH
Dog,Small,1,Urban,211973,12895,3316,262411,HIGH
Dog,Large,5,Semi-Urban,407094,8871,6358,485671,HIGH
Dog,Medium,2,Urban,303823,9193,4422,365053,HIGH
Dog,Medium,2,Urban,301283,11091,6136,366286,HIGH
Dog,Medium,2,Urban,301573,9570,4984,363546,HIGH
Cat,Extra Large,5,Semi-Urban,496351,7553,8626,589409,HIGH
Dog,Small,3,Urban,213728,10403,3744,262056,HIGH
Cat,Medium,2,Urban,302563,9783,5505,365528,HIGH
Dog,Large,11,Semi-Urban,412265,11398,7602,495954,HIGH
Dog,Medium,4,Semi-Urban,303893,7776,4933,364092,HIGH
Dog,Medium,2,Urban,304148,10104,5054,367201,HIGH
Dog,Medium,2,Urban,302584,11107,4840,366310,HIGH
Dog,Extra Large,9,Urban,498534,12356,8017,596743,HIGH
Dog,Medium,13,Urban,305604,11224,5309,370457,HIGH
Dog,Large,7,Urban,408553,10121,6801,489296,HIGH
Dog,Small,13,Semi-Urban,212395,9550,2974,258656,HIGH
Dog,Large,11,Urban,410429,13019,6617,494574,HIGH
Dog,Extra Large,12,Urban,496370,12768,8314,595069,HIGH
Dog,Small,12,Semi-Urban,218074,10458,3207,266499,HIGH
Dog,Extra Large,9,Urban,499361,12356,8488,598235,HIGH
Dog,Medium,6,Semi-Urban,303391,7857,4573,363194,HIGH
Dog,Medium,10,Urban,299675,13758,4720,365875,HIGH
Cat,Medium,5,Semi-Urban,299728,9159,5010,360981,HIGH
Dog,Large,6,Semi-Urban,406054,7883,7345,484474,HIGH
Cat,Medium,2,Urban,303250,9916,4758,365612,HIGH
Dog,Small,4,Urban,212736,10494,2778,259909,HIGH
Dog,Large,9,Semi-Urban,408259,10624,6405,489081,HIGH
Cat,Small,13,Urban,214819,13586,4122,267406,HIGH
Dog,Large,7,Urban,409489,10077,6646,490143,HIGH
Dog,Medium,1,Urban,299693,12891,4823,365018,HIGH
Dog,Large,7,Urban,407537,10536,6374,488114,HIGH
Cat,Small,5,Urban,215296,8968,3692,262149,HIGH
Dog,Extra Large,1,Semi-Urban,497592,9943,8408,593334,HIGH
Cat,Small,10,Semi-Urban,213236,9754,3122,260028,HIGH
Dog,Large,7,Semi-Urban,410238,7981,7053,489062,HIGH
Dog,Extra Large,2,Urban,497538,10480,8906,594462,HIGH
Dog,Small,13,Semi-Urban,211732,9220,3361,257959,HIGH
Cat,Large,6,Semi-Urban,409192,7438,6890,487048,HIGH
Cat,Medium,9,Urban,300611,12105,4554,364860,HIGH
Dog,Large,1,Urban,408759,11667,7068,491618,HIGH
Dog,Large,8,Urban,404783,10678,7368,486253,HIGH
Dog,Large,4,Urban,409703,10035,7625,491467,HIGH
Dog,Medium,12,Semi-Urban,303323,10692,5220,367120,HIGH
Dog,Medium,3,Semi-Urban,304003,7674,5165,364368,HIGH
Dog,Extra Large,11,Urban,501369,13138,8062,600954,HIGH
Dog,Medium,3,Semi-Urban,299971,6760,4625,358059,HIGH
Cat,Medium,12,Urban,298414,12482,4419,362612,HIGH
Cat,Large,4,Urban,408537,9615,7648,489670,HIGH
Dog,Large,13,Urban,408554,13523,6489,492850,HIGH
Cat,Medium,9,Urban,300066,13087,5696,366676,HIGH
Cat,Small,11,Semi-Urban,215891,11314,3873,265739,HIGH
Dog,Small,10,Semi-Urban,214319,11377,3797,263916,HIGH
Dog,Extra Large,1,Urban,498468,13412,8036,597903,HIGH
Dog,Extra Large,5,Urban,496418,9437,8642,591671,HIGH
Dog,Large,6,Semi-Urban,410391,7974,6489,488582,HIGH
Cat,Large,12,Urban,408111,12937,7535,492870,HIGH
Dog,Large,11,Semi-Urban,410624,10866,7014,492779,HIGH
Dog,Extra Large,10,Urban,498535,13476,8965,599122,HIGH
Cat,Medium,1,Urban,298811,12492,4866,363594,HIGH
Dog,Medium,6,Urban,300590,9695,4929,362496,HIGH
Dog,Extra Large,7,Urban,499541,9744,8343,595272,HIGH
Dog,Large,9,Urban,406333,13018,7559,490946,HIGH
Dog,Medium,7,Semi-Urban,302103,7320,4699,361240,HIGH
Dog,Medium,2,Urban,298412,8715,4985,358928,HIGH
Dog,Small,13,Urban,213657,12167,4591,264977,HIGH
Dog,Medium,5,Semi-Urban,303486,7752,4486,363082,HIGH
Dog,Large,9,Urban,405256,12606,6912,488490,HIGH
Dog,Medium,12,Urban,302236,12930,4077,367129,HIGH
Dog,Medium,2,Urban,303476,11451,4801,367687,HIGH
Dog,Medium,4,Semi-Urban,298966,7443,6268,359578,HIGH
Dog,Large,8,Urban,409022,9669,6914,489445,HIGH
Dog,Extra Large,1,Semi-Urban,497773,8826,8096,591899,HIGH
Cat,Medium,13,Semi-Urban,302943,11194,5828,367959,HIGH
Dog,Large,7,Semi-Urban,403668,8988,7172,482802,HIGH
Dog,Medium,12,Urban,302910,13624,4587,369289,HIGH
Cat,Small,4,Urban,214068,8670,3997,260745,HIGH
Dog,Large,12,Semi-Urban,409319,9837,6024,488957,HIGH
Dog,Medium,7,Urban,304592,9762,5274,367572,HIGH
Dog,Extra Large,13,Urban,495841,12440,8181,593931,HIGH
Dog,Extra Large,4,Urban,498376,9592,8229,593626,HIGH
Dog,Large,1,Urban,410249,12777,6909,494425,HIGH
Cat,Medium,1,Semi-Urban,300219,10420,5977,364108,HIGH
Dog,Small,12,Urban,212024,12069,4140,262467,HIGH
Dog,Medium,3,Urban,300849,10120,4666,362980,HIGH
Dog,Large,10,Urban,406956,12122,7548,490619,HIGH
Dog,Large,2,Urban,405945,8529,6670,484315,HIGH
Dog,Extra Large,5,Urban,496301,9778,8770,592076,HIGH
Dog,Small,13,Urban,211338,13818,3419,262861,HIGH
Dog,Medium,9,Urban,302032,12486,6085,368693,HIGH
Cat,Large,13,Urban,409936,12569,6963,493888,HIGH
Cat,Large,4,Semi-Urban,412425,8059,6389,490903,HIGH
Dog,Medium,13,Semi-Urban,304577,9006,4912,366269,HIGH
Dog,Medium,13,Urban,302337,12689,5284,368356,HIGH
Cat,Large,9,Semi-Urban,411516,10558,6625,493003,HIGH
Dog,Medium,10,Urban,301642,13161,5192,367994,HIGH
Dog,Small,7,Urban,211490,9463,3552,258180,HIGH
Dog,Small,9,Urban,211441,13595,4115,263523,HIGH
Dog,Medium,7,Urban,308969,10842,4679,373163,HIGH
Cat,Medium,13,Urban,302606,13206,4746,368641,HIGH
Dog,Large,7,Urban,407427,9048,6552,486481,HIGH
Dog,Small,7,Semi-Urban,212927,8317,4090,259134,HIGH
Cat,Large,3,Urban,408712,8062,6916,487243,HIGH
Cat,Medium,2,Semi-Urban,303136,8433,4915,363956,HIGH
Dog,Large,2,Urban,408619,9684,7464,489632,HIGH
Dog,Small,3,Semi-Urban,214144,8142,3767,259960,HIGH
Cat,Large,8,Urban,406465,10253,6952,487220,HIGH
Dog,Extra Large,9,Urban,494291,14079,7921,593734,HIGH
Dog,Large,6,Urban,410349,10809,6722,492062,HIGH
Dog,Large,9,Urban,412726,12923,6040,496442,HIGH
Dog,Large,8,Urban,409280,10411,6352,489949,HIGH
Dog,Medium,11,Urban,305889,11179,5262,370679,HIGH
Cat,Large,5,Urban,408570,10245,7663,490449,HIGH
Cat,Small,11,Urban,211867,12999,3147,262214,HIGH
Dog,Large,9,Urban,410154,12423,7481,494566,HIGH
Cat,Extra Large,3,Urban,496200,9495,8619,591461,HIGH
Cat,Small,4,Urban,216096,10332,2876,263699,HIGH
Dog,Medium,6,Urban,298129,10500,4602,360215,HIGH
Cat,Medium,11,Semi-Urban,301954,11192,5372,366295,HIGH
Dog,Medium,8,Urban,298824,10050,5047,361009,HIGH
Dog,Small,6,Semi-Urban,213148,7790,3648,258273,HIGH
Cat,Medium,9,Urban,302351,13235,4049,367580,HIGH
Dog,Medium,8,Semi-Urban,302267,8640,5994,364436,HIGH
Cat,Extra Large,1,Urban,497522,13269,7772,596347,HIGH
Dog,Large,13,Urban,406424,13672,7646,491903,HIGH
Cat,Medium,10,Urban,303423,13221,5042,369938,HIGH
Dog,Medium,10,Urban,300126,11678,4426,363664,HIGH
Cat,Medium,4,Urban,302984,8896,5278,364731,HIGH
Dog,Large,2,Urban,407415,10460,6623,488172,HIGH
Cat,Medium,2,Urban,303042,9724,4037,364323,HIGH
Dog,Extra Large,3,Urban,498483,9344,9269,594660,HIGH
Dog,Small,13,Semi-Urban,210262,9866,2622,256162,HIGH
Cat,Medium,1,Urban,304067,13667,4477,370542,HIGH
Dog,Large,1,Semi-Urban,408140,10885,6706,489590,HIGH
Cat,Medium,9,Semi-Urban,305021,9855,4664,367471,HIGH
Dog,Large,3,Semi-Urban,407104,7834,6897,485110,HIGH
Dog,Small,11,Urban,212047,12450,3399,262080,HIGH
Dog,Large,11,Urban,408313,15030,7199,495123,HIGH
Dog,Medium,6,Urban,302014,8451,5282,363109,HIGH
Cat,Medium,10,Urban,303235,13802,6372,371920,HIGH
Dog,Large,4,Semi-Urban,409260,8725,6976,488705,HIGH
Dog,Medium,9,Urban,299392,10371,4568,361480,HIGH
Dog,Small,3,Urban,210188,9601,4199,257586,HIGH
Cat,Medium,7,Semi-Urban,299493,9433,5356,361424,HIGH
Cat,Small,4,Semi-Urban,211022,8791,2917,256139,HIGH
Dog,Large,11,Urban,412201,13452,6504,496980,HIGH
Cat,Small,9,Urban,213874,12055,3409,263738,HIGH
Dog,Small,1,Urban,212520,12740,3654,263251,HIGH
Dog,Extra Large,3,Urban,496100,8511,8895,590531,HIGH
Dog,Small,8,Semi-Urban,211157,7569,3404,255449,HIGH
Dog,Large,11,Semi-Urban,407994,10541,6743,489069,HIGH
Dog,Small,4,Semi-Urban,214242,8745,3831,260840,HIGH
Dog,Small,7,Urban,212602,10461,4275,261438,HIGH
Cat,Extra Large,8,Urban,499355,9959,7940,594842,HIGH
Cat,Small,2,Urban,211567,8923,3593,257695,HIGH
Dog,Large,9,Urban,409657,12534,7292,493905,HIGH
Dog,Small,1,Semi-Urban,214737,10656,3532,263263,HIGH
Dog,Medium,3,Urban,302137,9486,5171,364313,HIGH
Dog,Medium,1,Urban,300029,13490,4849,366123,HIGH
Dog,Large,11,Semi-Urban,409747,10627,6700,491135,HIGH
Dog,Large,3,Urban,410163,10140,6654,491000,HIGH
Cat,Medium,4,Urban,303173,9440,4669,364874,HIGH
Dog,Medium,11,Urban,305009,10871,5015,369029,HIGH
Cat,Medium,8,Urban,297822,10817,4556,360174,HIGH
Cat,Medium,4,Semi-Urban,300956,6974,4353,359125,HIGH
Dog,Medium,12,Urban,303807,11831,4962,368690,HIGH
Dog,Medium,2,Urban,301485,9117,5395,363396,HIGH
Cat,Large,6,Semi-Urban,407357,8321,7760,486953,HIGH
Dog,Medium,7,Semi-Urban,304584,8918,5517,366871,HIGH
Dog,Large,11,Semi-Urban,409526,10095,6863,490456,HIGH
Dog,Large,13,Urban,404760,14033,6676,489289,HIGH
Dog,Medium,12,Semi-Urban,304901,9826,5468,368224,HIGH
Dog,Large,5,Semi-Urban,407716,7407,6956,485390,HIGH
Cat,Medium,2,Urban,301547,10183,4379,363525,HIGH
Cat,Large,4,Urban,408426,9791,7291,489334,HIGH
Dog,Medium,9,Semi-Urban,301505,9920,4648,363483,HIGH
Dog,Large,4,Urban,409316,9641,6574,489360,HIGH
Dog,Small,7,Urban,211499,11113,3812,260387,HIGH
Dog,Medium,6,Urban,299777,9240,4760,360843,HIGH
Dog,Medium,11,Semi-Urban,299537,10080,4778,361554,HIGH
Dog,Extra Large,12,Semi-Urban,498961,11366,8256,596370,HIGH
Dog,Extra Large,6,Semi-Urban,495675,7592,8274,588272,HIGH
Dog,Medium,9,Urban,304227,13720,4298,370581,HIGH
Cat,Medium,7,Urban,301953,9733,4238,363312,HIGH
Dog,Small,11,Urban,208764,12931,3319,258766,HIGH
Dog,Small,12,Urban,214145,12361,3857,264917,HIGH
Dog,Medium,10,Urban,302716,13617,5106,369654,HIGH
Dog,Medium,13,Semi-Urban,298252,11323,5794,362674,HIGH
Cat,Medium,4,Urban,304981,11358,5941,370622,HIGH
Dog,Medium,12,Urban,305427,13068,4910,371915,HIGH
Dog,Medium,6,Urban,301568,8311,5029,362144,HIGH
Dog,Medium,12,Urban,301757,14408,5132,369491,HIGH
Dog,Large,8,Urban,407664,10363,6358,488042,HIGH
Cat,Small,13,Urban,213540,13795,3218,265135,HIGH
Dog,Small,9,Semi-Urban,216758,9350,4185,264836,HIGH
Dog,Medium,12,Semi-Urban,297439,10766,4397,359492,HIGH
Dog,Small,8,Semi-Urban,212737,7938,3063,257298,HIGH
Dog,Extra Large,10,Urban,496501,12982,9119,596392,HIGH
Dog,Extra Large,10,Urban,495229,12362,7464,592313,HIGH
Dog,Large,8,Semi-Urban,408284,7280,7154,486125,HIGH
Dog,Small,4,Urban,213057,9440,4498,261044,HIGH
Dog,Medium,4,Urban,302945,10458,4613,365718,HIGH
Dog,Small,8,Urban,211382,12106,3915,261513,HIGH
Cat,Small,5,Urban,211893,9315,3908,258883,HIGH
Dog,Medium,1,Urban,301432,11786,4832,365757,HIGH
Dog,Medium,8,Semi-Urban,302987,8642,4815,363910,HIGH
Dog,Medium,6,Urban,299586,11961,4855,363862,HIGH
Dog,Medium,9,Urban,306058,12022,5484,372098,HIGH
Dog,Small,5,Semi-Urban,214132,8870,4063,261124,HIGH
Cat,Medium,3,Urban,300983,11772,4128,364415,HIGH
Cat,Large,8,Urban,408993,9543,6171,488413,HIGH
Cat,Medium,11,Semi-Urban,299488,11653,4957,363512,HIGH
Dog,Medium,10,Urban,302790,13538,5664,370290,HIGH
Dog,Large,13,Urban,407498,11699,7223,490383,HIGH
Dog,Small,4,Urban,215480,11755,4380,266357,HIGH
Cat,Large,13,Urban,410061,14523,8143,497636,HIGH
Dog,Medium,1,Urban,304042,12614,5389,370351,HIGH
Dog,Small,13,Semi-Urban,211431,13349,3691,262741,HIGH
Dog,Extra Large,12,Urban,494183,11573,9085,592067,HIGH
Dog,Medium,10,Urban,304217,12596,4648,369680,HIGH
Dog,Small,3,Urban,213368,9442,3332,260063,HIGH
Dog,Large,1,Semi-Urban,409816,10531,7321,491818,HIGH
Dog,Medium,6,Semi-Urban,300703,8491,4681,360956,HIGH
Dog,Small,9,Urban,215677,13265,3638,267467,HIGH
Cat,Small,13,Urban,212792,14109,4509,266121,HIGH
Dog,Medium,4,Semi-Urban,301532,8348,5116,362245,HIGH
Dog,Small,10,Urban,212141,13378,2599,262335,HIGH
Dog,Large,8,Urban,410213,9971,7033,491299,HIGH
Dog,Small,7,Urban,209437,10424,3877,257298,HIGH
Dog,Medium,5,Urban,299312,10682,5044,362293,HIGH
Cat,Medium,8,Urban,299932,9020,4803,360818,HIGH
Cat,Small,10,Urban,213178,13555,3349,264594,HIGH
Dog,Medium,13,Urban,299033,11788,5047,363248,HIGH
Dog,Large,2,Urban,409367,10176,7357,490935,HIGH
Cat,Medium,5,Urban,301490,10306,5534,364929,HIGH
Dog,Small,4,Urban,212314,11172,2818,260249,HIGH
Dog,Medium,1,Urban,303682,13123,4738,369774,HIGH
Dog,Large,11,Semi-Urban,409189,9218,6427,488559,HIGH
Dog,Medium,13,Urban,301512,13174,4165,366678,HIGH
Dog,Medium,11,Urban,303878,12713,4871,369681,HIGH
Dog,Large,11,Urban,407539,13102,7348,492187,HIGH
Dog,Small,9,Urban,211820,12788,3665,262513,HIGH
Dog,Small,4,Semi-Urban,210263,7548,4021,255106,HIGH
Dog,Medium,8,Urban,305500,10758,5758,370318,HIGH
Dog,Medium,11,Semi-Urban,301575,9881,4272,363087,HIGH
Cat,Large,2,Urban,408704,10591,5884,488955,HIGH
Dog,Large,13,Urban,409699,14235,7873,496578,HIGH
Dog,Medium,13,Urban,301931,14078,4971,369127,HIGH
Dog,Small,7,Urban,212722,10157,4393,261362,HIGH
Dog,Medium,11,Urban,301023,13690,4438,367023,HIGH
Dog,Large,13,Semi-Urban,409082,11056,6693,490855,HIGH
Dog,Extra Large,11,Urban,496215,12928,8252,595004,HIGH
Cat,Medium,5,Semi-Urban,300776,7201,5457,360449,HIGH
Dog,Medium,6,Semi-Urban,300790,6225,5094,358925,HIGH
Cat,Small,1,Semi-Urban,214364,9534,3011,260945,HIGH
Dog,Extra Large,4,Urban,497112,9739,8097,592190,HIGH
Dog,Medium,7,Urban,303882,10104,5649,367580,HIGH
Dog,Large,2,Urban,409271,10392,7645,491404,HIGH
Dog,Large,7,Urban,408345,9976,7388,489565,HIGH
Dog,Extra Large,6,Semi-Urban,501174,8170,8356,595355,HIGH
Dog,Large,3,Semi-Urban,408608,7441,7307,486859,HIGH
Dog,Small,13,Urban,213443,13862,3518,265446,HIGH
Dog,Medium,7,Urban,302750,8841,5284,364406,HIGH
Dog,Medium,8,Urban,300409,10125,5359,363276,HIGH
Dog,Extra Large,11,Urban,501322,12903,8270,600869,HIGH
Cat,Large,8,Semi-Urban,408158,8881,6666,487260,HIGH
Cat,Medium,10,Urban,302610,12546,4534,367643,HIGH
Dog,Large,12,Semi-Urban,406739,9539,7556,487409,HIGH
Dog,Large,3,Urban,410992,10142,6595,491888,HIGH
Dog,Large,3,Urban,403849,10515,7486,485127,HIGH
Dog,Extra Large,2,Urban,495858,10105,8558,591699,HIGH
Dog,Small,6,Urban,213767,10201,3758,261884,HIGH
Dog,Medium,13,Urban,305032,12728,6164,372512,HIGH
Dog,Medium,10,Urban,303903,13424,5008,370685,HIGH
Dog,Large,4,Urban,409328,8461,6592,488038,HIGH
Cat,Large,11,Urban,413070,13933,6971,499070,HIGH
Dog,Small,5,Semi-Urban,214996,7811,3837,260640,HIGH
Dog,Medium,9,Semi-Urban,302757,10182,4965,365589,HIGH
Cat,Medium,4,Urban,302651,10349,5570,366355,HIGH
Dog,Medium,9,Semi-Urban,304023,10300,4824,367019,HIGH
Dog,Large,11,Urban,407392,12378,6617,490345,HIGH
Dog,Large,10,Urban,407580,12350,6890,490843,HIGH
Cat,Medium,5,Urban,299394,10192,5145,361940,HIGH
Dog,Small,6,Urban,211531,9610,3872,258764,HIGH
Dog,Large,8,Semi-Urban,406680,6634,6232,482477,HIGH
Dog,Medium,11,Urban,300163,12204,4335,364207,HIGH
Dog,Medium,9,Urban,303094,12952,5247,369486,HIGH
Dog,Medium,4,Semi-Urban,302967,8620,5640,364811,HIGH
Dog,Medium,7,Urban,304542,10200,4868,367551,HIGH
Dog,Small,4,Urban,210385,9114,3652,256623,HIGH
Dog,Small,13,Urban,214281,13839,4246,267220,HIGH
Dog,Large,4,Urban,408379,9452,6422,487890,HIGH
Dog,Large,3,Urban,407033,9782,6835,487197,HIGH
Dog,Medium,1,Semi-Urban,298860,9951,5048,360937,HIGH
Dog,Large,3,Urban,409814,10838,7109,491925,HIGH
Cat,Medium,9,Urban,303579,14678,4417,371075,HIGH
Cat,Medium,9,Urban,300341,12573,5106,365723,HIGH
Dog,Medium,4,Urban,299050,10208,5535,362011,HIGH
Dog,Small,1,Urban,214492,12893,3353,265348,HIGH
Dog,Large,3,Semi-Urban,408232,8574,6403,486690,HIGH
Cat,Small,2,Semi-Urban,212813,8167,4276,259044,HIGH
Dog,Large,4,Urban,409939,9819,6883,490637,HIGH
Dog,Small,4,Urban,213466,11472,3044,262179,HIGH
Cat,Small,3,Urban,215568,10328,3006,263237,HIGH
Cat,Medium,4,Urban,300556,10447,5257,363699,HIGH
Dog,Medium,11,Urban,302344,11380,5267,366839,HIGH
Dog,Medium,11,Urban,303131,11965,4897,367991,HIGH
Dog,Large,6,Urban,409345,10185,7107,490632,HIGH
Dog,Small,7,Urban,217359,10085,3377,265444,HIGH
Cat,Large,10,Urban,408902,11431,6056,490347,HIGH
Dog,Medium,3,Urban,300810,9069,5322,362481,HIGH
Dog,Extra Large,13,Urban,498391,12754,8963,598124,HIGH
Dog,Medium,11,Urban,303958,13635,5359,371394,HIGH
Dog,Extra Large,10,Urban,494580,13049,9035,594163,HIGH
Cat,Medium,13,Urban,300031,12872,5319,365955,HIGH
Dog,Large,11,Urban,408845,14752,7632,495913,HIGH
Dog,Large,8,Semi-Urban,406753,7144,7397,484488,HIGH
Dog,Medium,9,Urban,300596,13559,5388,367474,HIGH
Dog,Extra Large,7,Semi-Urban,497122,8322,7483,589866,HIGH
Cat,Medium,6,Urban,302050,11540,5633,367106,HIGH
Cat,Large,5,Urban,409126,10835,6653,490606,HIGH
Cat,Small,10,Urban,211141,13849,3653,262939,HIGH
Dog,Medium,12,Urban,303850,13554,5309,371119,HIGH
Dog,Medium,5,Urban,300901,10160,4625,363038,HIGH
Dog,Medium,8,Urban,300347,10907,6027,364873,HIGH
Dog,Medium,5,Urban,298726,10497,5565,362006,HIGH
Dog,Medium,9,Urban,299249,12902,5044,364774,HIGH
Dog,Large,2,Urban,407676,11562,6965,490133,HIGH
Dog,Large,3,Urban,409092,10295,6433,489693,HIGH
Dog,Medium,8,Semi-Urban,303453,7039,5077,362904,HIGH
Cat,Medium,1,Urban,302750,13578,4217,368626,HIGH
Dog,Medium,11,Urban,303351,13369,5451,370496,HIGH
Dog,Medium,1,Urban,301587,14343,4900,368954,HIGH
Cat,Extra Large,13,Urban,492643,13284,9332,592547,HIGH
Cat,Small,3,Semi-Urban,215887,7778,1980,259491,HIGH
Dog,Large,3,Urban,406552,10068,7927,488229,HIGH
Cat,Small,5,Semi-Urban,210622,9061,4102,257352,HIGH
Dog,Large,12,Semi-Urban,405563,10962,7482,487608,HIGH
Cat,Medium,1,Urban,301737,14096,5199,369186,HIGH
Cat,Medium,2,Urban,306883,9969,5298,370472,HIGH
Cat,Large,1,Urban,406724,12173,7162,489967,HIGH
Dog,Extra Large,2,Urban,493488,8859,7714,586570,HIGH
Dog,Small,3,Semi-Urban,216957,8889,4636,265054,HIGH
Cat,Medium,7,Urban,301051,9001,4389,361607,HIGH
Cat,Medium,2,Urban,301031,10571,4651,363690,HIGH
Cat,Small,6,Urban,209936,9875,2991,256222,HIGH
Dog,Large,1,Urban,406374,15661,6478,492789,HIGH
Cat,Large,3,Semi-Urban,406277,9417,6211,485190,HIGH
Dog,Large,2,Urban,412324,10335,7530,494717,HIGH
Dog,Medium,9,Urban,300002,11147,5596,364256,HIGH
Cat,Small,13,Semi-Urban,212533,10976,3454,261007,HIGH
Cat,Large,7,Urban,408570,10415,6914,489783,HIGH
Dog,Small,2,Urban,211211,10945,4360,260493,HIGH
Dog,Large,12,Urban,407154,12888,7181,491306,HIGH
Dog,Medium,4,Urban,301414,9829,5048,363734,HIGH
Dog,Large,10,Urban,411156,13124,6040,494868,HIGH
Cat,Extra Large,11,Semi-Urban,495649,10461,9251,592665,HIGH
Dog,Extra Large,9,Urban,494993,13079,9008,594642,HIGH
Dog,Medium,6,Urban,303594,8919,4810,364921,HIGH
Dog,Medium,13,Semi-Urban,303721,11505,5665,369024,HIGH
Dog,Medium,11,Urban,304811,12789,5018,371010,HIGH
Dog,Medium,8,Semi-Urban,301351,9701,5165,363649,HIGH
Cat,Small,1,Urban,213677,13910,3824,266122,HIGH
Dog,Small,10,Urban,217979,13184,3740,270138,HIGH
Cat,Small,7,Urban,216257,11071,3407,265345,HIGH
Dog,Medium,6,Urban,304939,11630,4901,369690,HIGH
Dog,Large,12,Urban,408920,12860,6849,492923,HIGH
Dog,Medium,12,Urban,303285,13128,5478,370174,HIGH
Cat,Medium,7,Urban,304221,10347,5371,367929,HIGH
Dog,Small,4,Urban,213207,11110,3638,262148,HIGH
Dog,Small,2,Urban,212816,10231,3695,260753,HIGH
Dog,Large,2,Urban,411492,9472,6905,492049,HIGH
Dog,Large,12,Urban,405852,12877,7202,489820,HIGH
Dog,Extra Large,3,Semi-Urban,500521,7888,8498,594443,HIGH
Dog,Large,10,Semi-Urban,409927,8694,6512,488902,HIGH
Dog,Medium,10,Urban,301019,12219,5380,366410,HIGH
Dog,Medium,7,Semi-Urban,299525,7238,4808,358306,HIGH
Dog,Large,4,Urban,405487,9414,7731,486026,HIGH
Dog,Extra Large,4,Urban,496847,9892,8690,592743,HIGH
Dog,Medium,9,Urban,298118,12956,4058,362401,HIGH
Dog,Small,4,Urban,214751,10598,3271,262913,HIGH
Cat,Medium,4,Urban,305115,9360,4914,367297,HIGH
Dog,Medium,6,Urban,301533,10080,5499,364678,HIGH
Dog,Small,6,Urban,214970,10682,4634,264828,HIGH
Cat,Large,11,Semi-Urban,409213,10320,7359,490925,HIGH
Dog,Small,2,Urban,214047,9524,4153,261882,HIGH
Cat,Medium,9,Urban,305097,13642,5003,372303,HIGH
Dog,Medium,10,Urban,305380,12679,4499,370941,HIGH
Cat,Small,11,Urban,213704,12118,4504,264874,HIGH
Cat,Large,9,Urban,404128,13951,6555,488329,HIGH
Dog,Medium,7,Urban,300628,9846,5462,363326,HIGH
Dog,Large,1,Urban,405887,14725,6986,491737,HIGH
Dog,Medium,3,Semi-Urban,301566,8111,5671,362650,HIGH
Dog,Large,6,Urban,407620,11069,6477,488940,HIGH
Cat,Large,10,Urban,410517,12575,7344,495001,HIGH
Dog,Extra Large,11,Urban,499281,13038,10369,601091,HIGH
Cat,Extra Large,8,Urban,496917,9869,8211,592246,HIGH
Cat,Medium,5,Semi-Urban,298970,8554,5023,359429,HIGH
Dog,Large,11,Urban,407229,11935,7117,490223,HIGH
Dog,Large,8,Semi-Urban,409604,8541,7614,489622,HIGH
Cat,Medium,3,Urban,301056,9519,5072,362994,HIGH
Dog,Large,6,Urban,407768,9209,7150,487746,HIGH
Dog,Medium,1,Urban,299525,13861,5563,366791,HIGH
Cat,Large,1,Urban,408004,13502,6827,492582,HIGH
Dog,Medium,9,Semi-Urban,297973,9017,5653,359539,HIGH
Dog,Medium,1,Urban,303265,13559,4336,369334,HIGH
Dog,Large,13,Urban,406625,12943,5872,489256,HIGH
Dog,Large,3,Semi-Urban,408597,8622,7461,488382,HIGH
Dog,Large,9,Urban,409923,13465,6954,494893,HIGH
Cat,Medium,5,Urban,300565,10493,4802,363239,HIGH
Dog,Medium,3,Urban,301072,9215,5039,362624,HIGH
Dog,Medium,5,Urban,304285,9597,4151,365737,HIGH
Dog,Large,5,Semi-Urban,408182,9745,7785,489568,HIGH
Cat,Medium,5,Urban,302564,10287,5524,366131,HIGH
Dog,Small,5,Urban,217754,9680,3833,265957,HIGH
Dog,Large,3,Urban,408273,10971,7230,490445,HIGH
Dog,Small,12,Urban,211343,12819,3359,261649,HIGH
Dog,Large,8,Semi-Urban,406226,8449,7234,485195,HIGH
Dog,Large,13,Semi-Urban,408538,10473,6956,489862,HIGH
Dog,Medium,9,Urban,301396,12549,5044,366837,HIGH
Cat,Large,4,Urban,406199,10052,6388,486034,HIGH
Cat,Small,9,Urban,211278,12331,4025,261779,HIGH
Dog,Medium,5,Urban,303033,10034,5222,366032,HIGH
Cat,Large,9,Urban,405998,11649,6534,487808,HIGH
Dog,Medium,3,Urban,298265,9270,5362,359831,HIGH
Dog,Medium,4,Urban,299243,9585,4573,360411,HIGH
Dog,Small,7,Urban,215490,9476,2824,261958,HIGH
Dog,Large,1,Semi-Urban,410913,10300,7411,492917,HIGH
Dog,Large,13,Semi-Urban,410633,10230,6516,491485,HIGH
Dog,Medium,13,Urban,306021,12559,5521,372716,HIGH
Dog,Medium,1,Urban,300033,12341,5337,365367,HIGH
Cat,Small,4,Urban,216192,8976,3907,263436,HIGH
Dog,Extra Large,11,Semi-Urban,499652,10527,9958,598157,HIGH
Dog,Large,6,Urban,409417,9820,6897,490054,HIGH
Dog,Medium,1,Semi-Urban,301833,10693,6091,366409,HIGH
Dog,Medium,6,Urban,302482,10242,5603,366076,HIGH
Dog,Medium,6,Urban,305511,9338,4629,367399,HIGH
Dog,Medium,13,Urban,300020,13033,4852,365590,HIGH
Dog,Medium,7,Urban,298601,10719,5749,362329,HIGH
Dog,Medium,10,Urban,301331,12399,5537,367157,HIGH
Dog,Large,10,Semi-Urban,410743,10101,6292,491206,HIGH
Cat,Small,9,Urban,208511,12357,3356,257857,HIGH
Dog,Medium,8,Urban,300994,10081,4258,362632,HIGH
Dog,Medium,4,Semi-Urban,302156,8147,5352,363003,HIGH
Dog,Medium,12,Urban,302380,12899,5054,368382,HIGH
Dog,Large,6,Urban,409305,10179,6674,490081,HIGH
Dog,Medium,11,Urban,300241,13878,4961,366942,HIGH
Dog,Medium,13,Urban,297119,13084,4527,361939,HIGH
Dog,Small,10,Urban,214405,12257,3406,264578,HIGH
Dog,Small,9,Semi-Urban,210889,10570,4582,259947,HIGH
Dog,Medium,3,Urban,305379,9806,5422,368698,HIGH
Dog,Small,13,Semi-Urban,211754,10186,3597,259367,HIGH
Dog,Medium,2,Urban,300796,10443,5211,363917,HIGH
Cat,Medium,8,Semi-Urban,302922,8323,5526,364286,HIGH
Dog,Medium,8,Semi-Urban,302203,8430,4764,362706,HIGH
Dog,Medium,9,Urban,300364,12720,5625,366515,HIGH
Dog,Medium,5,Semi-Urban,302975,8268,4952,363624,HIGH
Dog,Large,2,Semi-Urban,407883,7956,7528,486872,HIGH
Dog,Large,3,Semi-Urban,407697,8567,7042,486801,HIGH
Dog,Extra Large,3,Urban,495276,9250,9249,590841,HIGH
Dog,Medium,9,Urban,302643,14403,5400,370812,HIGH
Dog,Large,3,Urban,407935,9808,6785,488207,HIGH
Dog,Large,8,Urban,406277,9547,7940,487328,HIGH
Dog,Medium,4,Urban,301348,11166,5033,365179,HIGH
Cat,Medium,6,Urban,297346,8353,5142,357467,HIGH
Dog,Medium,8,Urban,302287,9707,5881,365556,HIGH
Dog,Large,4,Semi-Urban,404172,7223,7003,481157,HIGH
Cat,Small,5,Urban,212881,9156,3186,259006,HIGH
Cat,Small,2,Urban,212201,8632,2521,256857,HIGH
Dog,Extra Large,5,Urban,497548,9312,8558,592730,HIGH
Dog,Large,4,Urban,405587,9163,7602,485704,HIGH
Dog,Large,3,Semi-Urban,405194,7489,6885,482503,HIGH
Dog,Medium,4,Urban,302205,10319,5283,365478,HIGH
Dog,Medium,10,Urban,304431,13275,4996,371107,HIGH
Dog,Extra Large,4,Urban,496755,11106,9202,594622,HIGH
Dog,Medium,10,Urban,301062,11627,4241,364469,HIGH
Dog,Medium,6,Urban,302844,12021,5521,368443,HIGH
Dog,Small,3,Semi-Urban,212659,7868,3642,257794,HIGH
Dog,Large,9,Urban,407152,12075,7569,490815,HIGH
Dog,Medium,11,Semi-Urban,300331,10241,5556,363547,HIGH
Cat,Medium,10,Urban,300243,12295,5338,365557,HIGH
Dog,Medium,8,Urban,302769,9979,4776,365152,HIGH
Cat,Large,7,Urban,410343,10395,7351,492302,HIGH
Cat,Medium,3,Semi-Urban,303895,6805,5615,363762,HIGH
Dog,Small,2,Urban,212765,10129,4425,261416,HIGH
Dog,Medium,2,Semi-Urban,307868,8570,5922,370714,HIGH
Cat,Medium,8,Urban,305020,10956,4757,368842,HIGH
Dog,Small,10,Urban,211617,13110,3162,262072,HIGH
Dog,Medium,11,Urban,299140,12683,4743,364050,HIGH
Cat,Small,7,Urban,213781,9583,3945,261405,HIGH
Dog,Small,6,Urban,211425,9134,3389,257540,HIGH
Dog,Medium,5,Semi-Urban,301926,5866,5416,360189,HIGH
Dog,Large,11,Urban,408130,13070,6902,492317,HIGH
Dog,Large,9,Semi-Urban,412218,9536,6105,492037,HIGH
Dog,Medium,4,Semi-Urban,304143,7602,5142,364420,HIGH
Cat,Small,9,Semi-Urban,211319,11882,4581,261949,HIGH
Dog,Extra Large,12,Urban,499243,13524,8671,599653,HIGH
Cat,Large,2,Semi-Urban,407293,6847,7088,484412,HIGH
Dog,Large,12,Urban,407276,12472,6568,490263,HIGH
Dog,Medium,7,Semi-Urban,302814,9157,5095,364625,HIGH
Dog,Large,7,Semi-Urban,408964,7729,7098,487359,HIGH
Dog,Extra Large,8,Semi-Urban,493398,7912,8234,585975,HIGH
Dog,Medium,1,Urban,299885,11683,5406,364520,HIGH
Dog,Large,2,Semi-Urban,408693,7875,7208,487342,HIGH
Dog,Medium,3,Urban,303674,10426,5363,367382,HIGH
Dog,Large,3,Semi-Urban,408364,7719,7201,486776,HIGH
Dog,Large,11,Urban,411175,12415,7148,495348,HIGH
Cat,Medium,4,Semi-Urban,302627,7668,5950,363681,HIGH
Cat,Large,1,Urban,405087,11922,6343,486854,HIGH
Dog,Large,12,Urban,409183,13416,7038,494082,HIGH
Dog,Medium,4,Semi-Urban,302172,8989,5544,364210,HIGH
Dog,Small,10,Urban,212216,12921,4661,264267,HIGH
Dog,Medium,5,Urban,299271,9423,4626,360318,HIGH
Cat,Medium,4,Urban,303457,9919,4251,365271,HIGH
Dog,Large,12,Urban,407842,13344,6411,491736,HIGH
Dog,Medium,8,Urban,302177,9867,5868,365598,HIGH
Dog,Medium,8,Urban,300806,9494,4516,362038,HIGH
Dog,Small,13,Urban,215310,13926,4022,268246,HIGH
Dog,Medium,8,Urban,300508,9075,5245,362052,HIGH
Dog,Large,4,Urban,406138,10898,6968,487604,HIGH
Cat,Large,13,Semi-Urban,407216,11289,5747,487889,HIGH
Dog,Large,6,Urban,410643,10187,7023,492030,HIGH
Dog,Medium,11,Urban,302120,12268,4986,367280,HIGH
Cat,Extra Large,5,Urban,496492,11069,8666,593661,HIGH
Dog,Small,12,Urban,210863,12624,3193,260682,HIGH
Dog,Medium,1,Semi-Urban,303068,11862,4921,367828,HIGH
Cat,Medium,5,Urban,301155,10101,4673,363318,HIGH
Dog,Extra Large,12,Urban,493179,12813,8146,591258,HIGH
Dog,Medium,4,Urban,301523,8479,4568,361755,HIGH
Dog,Large,5,Semi-Urban,407153,7772,7142,485377,HIGH
Dog,Small,8,Semi-Urban,211685,7005,3431,255439,HIGH
Cat,Medium,12,Urban,301008,12843,5163,366866,HIGH
Dog,Large,12,Urban,407755,12854,6612,491304,HIGH
Dog,Medium,6,Urban,301068,9331,4243,361838,HIGH
Cat,Small,6,Semi-Urban,214574,8541,3838,260995,HIGH
Cat,Medium,4,Semi-Urban,296115,7336,4448,354083,HIGH
Dog,Medium,13,Urban,304045,11810,5009,368993,HIGH
Dog,Large,5,Urban,406178,10017,7064,486747,HIGH
Dog,Small,3,Urban,213928,10437,3454,261991,HIGH
Cat,Medium,2,Urban,303036,11396,4965,367306,HIGH
Dog,Medium,12,Urban,299678,13596,5128,366162,HIGH
Dog,Large,5,Urban,408640,12069,7565,492515,HIGH
Dog,Medium,7,Urban,303683,9008,3796,363960,HIGH
Dog,Large,7,Urban,405629,10495,6958,486544,HIGH
Cat,Small,8,Urban,212942,11611,4451,263354,HIGH
Dog,Large,6,Semi-Urban,409149,7870,7814,488557,HIGH
Cat,Medium,10,Urban,303776,14200,5770,372307,HIGH
Dog,Medium,11,Urban,303349,14142,4344,370110,HIGH
Dog,Medium,7,Urban,298298,10510,4884,360745,HIGH
Dog,Medium,2,Semi-Urban,303761,8382,4915,364616,HIGH
Dog,Large,2,Urban,407992,9815,7189,488745,HIGH
Dog,Large,5,Semi-Urban,408923,9128,6259,487956,HIGH
Dog,Large,4,Urban,409197,11229,6526,490994,HIGH
Cat,Medium,9,Urban,305145,13197,4719,371520,HIGH
Cat,Small,6,Semi-Urban,213388,7024,3723,257755,HIGH
Dog,Medium,11,Urban,302270,13021,5046,368387,HIGH
Dog,Medium,4,Urban,301191,9456,5030,363028,HIGH
Dog,Large,10,Semi-Urban,408366,9586,7637,489427,HIGH
Dog,Small,3,Semi-Urban,209579,8915,3415,255195,HIGH
Dog,Medium,13,Semi-Urban,302853,9536,5440,365503,HIGH
Dog,Small,12,Urban,214283,13478,3371,265801,HIGH
Cat,Large,6,Semi-Urban,409683,7369,6912,487558,HIGH
Dog,Large,7,Urban,408478,8920,6155,487085,HIGH
Dog,Small,7,Urban,212988,10815,2527,260279,HIGH
Cat,Large,10,Urban,409976,12840,7256,494582,HIGH
Dog,Medium,7,Urban,299662,9141,4924,360786,HIGH
Dog,Medium,13,Semi-Urban,301039,10297,4583,363306,HIGH
Dog,Large,1,Semi-Urban,405799,9529,6852,485507,HIGH
Cat,Medium,13,Semi-Urban,300876,9897,5349,363540,HIGH
Dog,Medium,7,Urban,299888,9836,4836,361744,HIGH
Dog,Large,10,Urban,410485,13948,7203,496381,HIGH
Dog,Medium,12,Urban,301931,12522,4245,366502,HIGH
Dog,Medium,13,Semi-Urban,303601,10024,5708,367232,HIGH
Dog,Large,13,Urban,406813,14237,6973,492226,HIGH
Cat,Large,1,Urban,407822,12339,6511,490672,HIGH
Cat,Large,7,Semi-Urban,407657,8626,6527,486231,HIGH
Dog,Medium,6,Semi-Urban,298598,7851,5755,359034,HIGH
Dog,Small,11,Urban,214527,12682,4125,266034,HIGH
Dog,Medium,11,Urban,302088,12439,5266,367761,HIGH
Cat,Medium,6,Semi-Urban,300743,7991,4859,360631,HIGH
Cat,Medium,12,Urban,302280,12590,4807,367628,HIGH
Dog,Medium,8,Urban,299817,10457,4751,362278,HIGH
Cat,Medium,9,Semi-Urban,302179,10297,4164,364136,HIGH
Cat,Medium,7,Urban,302443,11193,4428,365773,HIGH
Dog,Large,12,Semi-Urban,408333,9757,7237,489126,HIGH
Cat,Large,11,Urban,406296,13148,6880,490272,HIGH
Cat,Large,7,Semi-Urban,407186,8717,6409,485658,HIGH
Dog,Large,4,Urban,409732,9995,7087,490836,HIGH
Dog,Extra Large,4,Semi-Urban,495206,8090,8120,588128,HIGH
Dog,Large,1,Urban,405523,13204,7593,490268,HIGH
Dog,Small,9,Urban,215151,13057,2834,265698,HIGH
Cat,Medium,6,Urban,301776,9979,4461,363648,HIGH
Dog,Small,11,Urban,213412,13129,3665,264736,HIGH
Dog,Small,1,Urban,213134,12998,3032,263538,HIGH
Cat,Medium,11,Semi-Urban,301839,10430,4986,364843,HIGH
Dog,Medium,8,Urban,303071,10042,5565,366479,HIGH
Cat,Medium,12,Urban,305539,13774,4619,372521,HIGH
Dog,Large,1,Urban,406826,12898,7044,490783,HIGH
Dog,Small,11,Semi-Urban,214316,11659,3631,264046,HIGH
Dog,Extra Large,13,Urban,494764,13410,9031,594785,HIGH
Cat,Medium,1,Semi-Urban,299447,10356,4273,361187,HIGH
Dog,Extra Large,8,Urban,496604,9023,7475,590067,HIGH
Cat,Extra Large,9,Semi-Urban,498905,8846,7220,592216,HIGH
Dog,Medium,1,Urban,303457,12407,5039,369038,HIGH
Dog,Large,6,Urban,407075,10314,7417,488526,HIGH
Cat,Medium,9,Urban,302765,13352,5489,369846,HIGH
Dog,Large,7,Semi-Urban,408435,7613,6562,486001,HIGH
Dog,Medium,10,Urban,303324,12959,4523,368926,HIGH
Dog,Extra Large,5,Urban,497608,9430,8712,593112,HIGH
Dog,Small,3,Urban,208390,10606,2975,255266,HIGH
Cat,Medium,6,Semi-Urban,301446,7785,6079,362606,HIGH
Cat,Large,7,Semi-Urban,408806,6986,7812,487144,HIGH
Cat,Extra Large,6,Urban,498763,9421,8402,594073,HIGH
Cat,Small,9,Semi-Urban,215014,10604,3747,263769,HIGH
Dog,Medium,9,Urban,302787,13665,5579,370335,HIGH
Dog,Large,10,Urban,408620,11819,6736,491251,HIGH
Dog,Medium,5,Urban,300559,10369,5165,363506,HIGH
Dog,Medium,1,Urban,303034,12582,4699,368362,HIGH
Dog,Large,3,Semi-Urban,407270,7613,6591,484695,HIGH
Dog,Large,6,Semi-Urban,410366,8118,6844,489127,HIGH
Dog,Medium,1,Urban,300388,12601,5399,366146,HIGH
Dog,Extra Large,5,Urban,495407,10662,9085,592427,HIGH
Dog,Small,7,Semi-Urban,210984,8388,3714,256548,HIGH
Cat,Medium,13,Semi-Urban,301104,10536,5106,364257,HIGH
Dog,Large,13,Urban,404994,12342,5723,486517,HIGH
Cat,Large,7,Urban,408874,10629,6543,489952,HIGH
Dog,Small,5,Urban,212958,9532,3885,260331,HIGH
Dog,Large,5,Urban,407528,9708,7080,487963,HIGH
Dog,Medium,3,Urban,302667,10481,4856,365704,HIGH
Dog,Medium,4,Semi-Urban,299560,7468,4397,358138,HIGH
Dog,Medium,3,Semi-Urban,300926,8246,5204,361532,HIGH
Dog,Large,8,Urban,409285,10210,6269,489628,HIGH
Dog,Medium,5,Urban,299848,9968,5767,362920,HIGH
Cat,Small,2,Urban,213031,10639,3584,261342,HIGH
Dog,Large,1,Urban,408240,12932,7253,492688,HIGH
Dog,Medium,2,Urban,299909,10584,4610,362368,HIGH
Dog,Medium,3,Urban,302587,12140,4682,367320,HIGH
Dog,Small,3,Urban,211566,10817,4055,260403,HIGH
Cat,Small,6,Urban,212526,10782,4432,261901,HIGH
Cat,Extra Large,12,Semi-Urban,497729,11133,7763,594118,HIGH
Dog,Medium,3,Urban,303885,10645,4496,366879,HIGH
Dog,Extra Large,5,Urban,499923,10227,8271,596184,HIGH
Cat,Medium,2,Semi-Urban,296151,7521,4228,354085,HIGH
Dog,Large,7,Semi-Urban,405915,8606,6016,483617,HIGH
Dog,Large,10,Semi-Urban,409796,10582,6498,490907,HIGH
Dog,Medium,2,Urban,302875,10725,5465,366924,HIGH
Dog,Large,12,Urban,407910,12596,5936,490408,HIGH
Dog,Small,11,Semi-Urban,212640,9693,4162,260469,HIGH
Dog,Large,1,Urban,406113,12987,7037,490057,HIGH
Dog,Small,10,Urban,212682,13037,3973,264145,HIGH
Dog,Medium,13,Urban,299504,15312,4661,367398,HIGH
Cat,Medium,2,Semi-Urban,301715,8139,5237,362354,HIGH
Dog,Large,6,Urban,408763,8877,6509,487771,HIGH
Dog,Medium,4,Urban,301994,9725,3951,363020,HIGH
Dog,Medium,4,Urban,302810,9267,5527,365244,HIGH
Cat,Large,8,Urban,408426,10237,6244,488643,HIGH
Cat,Medium,4,Urban,304929,9119,5219,367157,HIGH
Dog,Medium,4,Semi-Urban,300411,7620,6324,361508,HIGH
Dog,Large,1,Urban,409298,12291,6944,492812,HIGH
Cat,Extra Large,1,Urban,495452,12309,8750,593987,HIGH
Dog,Extra Large,6,Semi-Urban,497728,8795,8020,591724,HIGH
Cat,Medium,9,Urban,304414,14032,5376,372395,HIGH
Dog,Large,5,Urban,406215,10093,7561,487449,HIGH
Dog,Medium,12,Urban,301284,13033,6195,368588,HIGH
Dog,Small,1,Semi-Urban,216238,10230,4459,265566,HIGH
Cat,Large,5,Semi-Urban,407998,8100,7041,486609,HIGH
Dog,Large,7,Urban,409189,10527,7420,491206,HIGH
Dog,Extra Large,3,Semi-Urban,498144,7648,7837,590673,HIGH
Dog,Small,6,Urban,216318,8386,3839,262824,HIGH
Dog,Medium,7,Urban,303027,11044,4611,366484,HIGH
Dog,Small,2,Urban,213282,10045,4348,261826,HIGH
Dog,Large,11,Urban,409964,13860,7116,495581,HIGH
Cat,Medium,3,Semi-Urban,302633,7938,4497,362328,HIGH
Cat,Medium,12,Urban,305426,12198,4949,370958,HIGH
Dog,Large,6,Semi-Urban,407617,8859,7354,487404,HIGH
Cat,Small,3,Urban,214612,9654,2798,261123,HIGH
Dog,Small,3,Urban,213775,10183,3119,261138,HIGH
Cat,Medium,7,Semi-Urban,301398,7924,4955,361418,HIGH
Dog,Small,3,Urban,213074,9800,4186,261119,HIGH
Cat,Medium,11,Urban,300882,12097,5357,366086,HIGH
Cat,Medium,6,Urban,304753,10512,4937,368232,HIGH
Dog,Extra Large,6,Semi-Urban,499562,7513,7977,592309,HIGH
Dog,Large,2,Urban,408835,9064,7091,488738,HIGH
Dog,Small,9,Urban,217377,12785,4121,269425,HIGH
Dog,Large,5,Urban,406217,10391,6858,486985,HIGH
Dog,Medium,12,Urban,298657,11729,4165,361733,HIGH
Dog,Large,10,Urban,405272,13031,6423,488434,HIGH
Dog,Extra Large,7,Urban,494765,10103,7964,589756,HIGH
Dog,Extra Large,13,Urban,499260,14288,7200,598860,HIGH
Cat,Large,12,Urban,409841,13537,6560,494428,HIGH
Dog,Large,9,Urban,410176,12915,5398,492762,HIGH
Cat,Medium,3,Urban,300586,9999,5415,363400,HIGH
Dog,Large,13,Semi-Urban,408554,10012,6910,489297,HIGH
Dog,Large,3,Urban,403540,9347,6717,482544,HIGH
Dog,Small,10,Urban,214011,12232,3209,263869,HIGH
Cat,Medium,4,Urban,297194,9917,4651,358526,HIGH
Dog,Medium,10,Semi-Urban,303650,10232,4797,366480,HIGH
Cat,Extra Large,4,Semi-Urban,495763,7986,8502,589088,HIGH
Cat,Small,11,Urban,214885,13160,3734,266545,HIGH
Cat,Medium,2,Urban,300663,10045,6345,364610,HIGH
Dog,Medium,1,Urban,297540,12013,5173,361934,HIGH
Dog,Extra Large,1,Urban,496041,13378,7753,594747,HIGH
Dog,Large,1,Urban,410378,13925,6747,495707,HIGH
Dog,Large,8,Urban,404304,11183,7270,486170,HIGH
Dog,Large,11,Urban,411146,13819,6466,496145,HIGH
Dog,Large,9,Urban,407856,13302,6712,492050,HIGH
Dog,Large,11,Urban,408697,12452,7521,492970,HIGH
Dog,Medium,3,Urban,300079,9767,4683,361708,HIGH
Dog,Medium,10,Urban,301827,12459,5573,367837,HIGH
Dog,Medium,4,Semi-Urban,303514,7188,5505,363638,HIGH
Dog,Medium,1,Urban,303434,14181,5623,371723,HIGH
Cat,Small,12,Urban,213727,14200,3194,265789,HIGH
Dog,Large,8,Urban,408578,10039,6586,488983,HIGH
Dog,Medium,6,Semi-Urban,300937,8551,4875,361517,HIGH
Dog,Medium,7,Urban,303791,10212,5167,367045,HIGH
Cat,Large,9,Semi-Urban,410480,9958,7055,491616,HIGH
Dog,Small,2,Semi-Urban,211181,6984,3482,254894,HIGH
Dog,Small,11,Urban,216964,13674,3708,269497,HIGH
Dog,Medium,4,Urban,304834,10459,4914,368238,HIGH
Cat,Extra Large,11,Urban,495040,14326,7813,594755,HIGH
Dog,Large,10,Semi-Urban,411037,11747,6808,494030,HIGH
Dog,Medium,8,Urban,302529,10302,5552,366140,HIGH
Cat,Extra Large,9,Urban,497919,12983,8492,597303,HIGH
Dog,Large,7,Semi-Urban,407426,8485,7875,487353,HIGH
Cat,Large,5,Urban,411692,9884,6730,492551,HIGH
Dog,Extra Large,1,Semi-Urban,496575,9428,7803,590876,HIGH
Dog,Medium,2,Urban,302226,9175,5182,364070,HIGH
Dog,Large,6,Urban,411199,10684,7418,493696,HIGH
Dog,Large,4,Urban,407315,10634,7481,489244,HIGH
Dog,Small,3,Semi-Urban,216549,7310,3030,260922,HIGH
Dog,Small,10,Urban,212836,12644,3207,262990,HIGH
Dog,Medium,11,Urban,300024,12879,5307,365941,HIGH
Dog,Small,6,Urban,214074,10338,3529,262132,HIGH
Dog,Large,6,Urban,406426,9950,6659,486490,HIGH
Dog,Medium,9,Semi-Urban,303083,10001,4102,364763,HIGH
Dog,Large,8,Urban,407620,9423,7162,487835,HIGH
Dog,Large,1,Semi-Urban,409369,12972,7066,493818,HIGH
Dog,Medium,3,Urban,302263,9888,5664,365487,HIGH
Cat,Medium,10,Urban,297335,13117,4757,362490,HIGH
Dog,Medium,4,Urban,302342,9357,4273,363367,HIGH
Dog,Large,4,Urban,407225,9512,7231,487563,HIGH
Dog,Large,10,Semi-Urban,407564,9771,6366,487256,HIGH
Dog,Medium,4,Urban,300365,10195,5199,363122,HIGH
Dog,Medium,4,Semi-Urban,301759,8136,5228,362391,HIGH
Dog,Large,1,Urban,408474,11920,7230,491767,HIGH
Dog,Small,7,Urban,211059,9619,4132,258531,HIGH
Dog,Small,4,Semi-Urban,212896,8612,4351,259737,HIGH
Dog,Small,11,Semi-Urban,211321,9632,3171,257742,HIGH
Dog,Extra Large,5,Urban,495520,9646,6854,588823,HIGH
Dog,Large,1,Urban,411848,14144,7124,498083,HIGH
Dog,Small,5,Semi-Urban,213987,6170,3055,256693,HIGH
Dog,Medium,3,Urban,301671,10152,5025,364375,HIGH
Cat,Large,2,Urban,407527,9029,6674,486714,HIGH
Cat,Small,11,Urban,210387,15072,4467,264414,HIGH
Dog,Extra Large,6,Urban,496342,9303,8358,591103,HIGH
Dog,Medium,12,Semi-Urban,297415,10014,4820,359086,HIGH
Dog,Medium,1,Urban,302634,11877,4558,366929,HIGH
Cat,Large,1,Semi-Urban,409112,11264,7810,492413,HIGH
Dog,Medium,9,Urban,303114,13114,3944,368197,HIGH
Cat,Extra Large,2,Urban,495683,9033,8968,590736,HIGH
Dog,Medium,1,Urban,303632,13294,5399,370673,HIGH
Dog,Medium,11,Urban,299327,14068,5756,367023,HIGH
Cat,Medium,7,Urban,303192,9389,4630,364792,HIGH
Cat,Medium,2,Semi-Urban,298508,7073,5190,357386,HIGH
Dog,Medium,3,Urban,299010,8967,4913,359823,HIGH
Cat,Medium,13,Semi-Urban,305642,10947,6095,371086,HIGH
Dog,Small,13,Urban,213986,11716,3218,263258,HIGH
Dog,Small,5,Urban,212705,9633,3702,259946,HIGH
Dog,Large,4,Urban,409813,9107,7654,490560,HIGH
Dog,Large,6,Urban,409206,9688,6478,489177,HIGH
Dog,Medium,10,Semi-Urban,299087,10053,4565,360760,HIGH
Cat,Medium,7,Urban,303401,9689,4988,365789,HIGH
Dog,Small,2,Urban,213425,10539,3795,261922,HIGH
Dog,Large,1,Urban,409874,13700,6827,494961,HIGH
Cat,Small,12,Urban,211720,11525,4193,261553,HIGH
Dog,Medium,1,Semi-Urban,301820,8850,6082,364264,HIGH
Cat,Medium,6,Urban,300210,10909,4954,363483,HIGH
Cat,Medium,10,Semi-Urban,299873,10702,5168,363104,HIGH
Dog,Medium,10,Urban,300498,11179,4637,363761,HIGH
Dog,Small,11,Urban,210134,12107,4219,260429,HIGH
Dog,Medium,10,Urban,302247,13208,4744,368228,HIGH
Dog,Extra Large,10,Urban,496229,13896,8268,596151,HIGH
Dog,Extra Large,6,Urban,495565,11822,8678,593474,HIGH
Dog,Medium,5,Semi-Urban,298753,8119,4517,358097,HIGH
Dog,Large,9,Urban,409996,14081,6924,495651,HIGH
Dog,Large,12,Semi-Urban,410242,9262,6527,489935,HIGH
Dog,Large,3,Semi-Urban,405354,7713,7402,483539,HIGH
Dog,Medium,3,Urban,302108,8736,4498,362643,HIGH
Cat,Small,3,Urban,212545,9799,4194,260518,HIGH
Cat,Medium,4,Urban,303396,9691,4733,365493,HIGH
Dog,Small,1,Semi-Urban,210927,9377,3136,256956,HIGH
Cat,Large,5,Urban,408588,10389,6797,489640,HIGH
Dog,Small,1,Urban,212575,12056,3123,261917,HIGH
Dog,Small,1,Urban,213977,11988,4211,264702,HIGH
Dog,Medium,3,Urban,305566,10064,4593,368256,HIGH
Dog,Medium,2,Urban,301586,10110,4451,363569,HIGH
Dog,Small,5,Urban,211774,9635,4101,259336,HIGH
Dog,Medium,11,Urban,301575,12954,4538,366927,HIGH
Cat,Large,12,Semi-Urban,410879,10445,6900,492457,HIGH
Dog,Large,2,Semi-Urban,409577,6443,6896,486353,HIGH
Cat,Large,5,Urban,409157,8837,7209,488983,HIGH
Dog,Small,8,Semi-Urban,214521,7979,3777,260218,HIGH
Dog,Large,3,Semi-Urban,409698,8100,7450,489035,HIGH
Dog,Medium,1,Urban,306967,12586,5002,373238,HIGH
Cat,Large,2,Urban,410460,8893,7603,490999,HIGH
Dog,Small,10,Urban,216610,12973,3840,268436,HIGH
Dog,Large,2,Urban,406277,9833,6367,485848,HIGH
Dog,Medium,13,Urban,303062,13675,5187,370212,HIGH
Dog,Medium,3,Urban,302348,9321,5052,364229,HIGH
Dog,Large,6,Semi-Urban,409980,7826,6988,488513,HIGH
Dog,Extra Large,12,Urban,494625,13460,8781,594395,HIGH
Cat,Medium,6,Semi-Urban,299248,8332,4757,359187,HIGH
Dog,Large,4,Semi-Urban,406197,8151,6549,484031,HIGH
Dog,Medium,9,Semi-Urban,300274,10547,5695,363993,HIGH
Dog,Medium,1,Urban,301490,12954,5244,367641,HIGH
Dog,Large,7,Urban,410642,9872,5937,490418,HIGH
Dog,Medium,2,Semi-Urban,302577,8759,5009,363796,HIGH
Dog,Large,11,Urban,410348,13159,6913,494983,HIGH
Cat,Large,9,Urban,410221,13198,6791,494741,HIGH
Cat,Large,1,Urban,411830,12934,6382,495817,HIGH
Dog,Extra Large,4,Semi-Urban,496920,8792,8344,591164,HIGH
Cat,Large,10,Urban,408447,12575,6918,492131,HIGH
Cat,Small,12,Urban,212664,11998,3311,262168,HIGH
Dog,Small,11,Semi-Urban,212332,9681,3664,259528,HIGH
Dog,Large,11,Semi-Urban,408351,9130,7190,488371,HIGH
Cat,Small,12,Semi-Urban,211967,11775,3072,260836,HIGH
Dog,Large,12,Urban,409302,14511,6996,495430,HIGH
Dog,Medium,10,Semi-Urban,301575,11160,5241,365672,HIGH
Dog,Medium,6,Urban,297862,10703,4987,360584,HIGH
Dog,Medium,8,Urban,303301,10725,4362,366146,HIGH
Dog,Medium,10,Urban,300225,12285,5066,365212,HIGH
Dog,Extra Large,7,Semi-Urban,494617,8443,8489,588281,HIGH
Cat,Large,4,Urban,406936,11076,6968,488727,HIGH
Dog,Medium,4,Urban,302631,10324,4885,365516,HIGH
Cat,Large,5,Urban,409114,9905,7065,489996,HIGH
Dog,Extra Large,8,Urban,496719,10483,8120,592620,HIGH
Dog,Small,11,Urban,209623,14152,4063,262013,HIGH
Cat,Large,2,Urban,410716,10067,7330,492329,HIGH
Dog,Medium,2,Urban,304450,10291,4777,367445,HIGH
Dog,Medium,13,Urban,299952,12213,4928,364656,HIGH
Dog,Medium,5,Urban,302047,11167,5900,366981,HIGH
Dog,Extra Large,6,Urban,501069,10512,7994,597511,HIGH
Dog,Medium,9,Semi-Urban,300148,11154,4607,363295,HIGH
Dog,Large,10,Semi-Urban,410392,10399,6201,491040,HIGH
Cat,Large,5,Urban,408339,10498,6748,489422,HIGH
Dog,Large,4,Urban,406255,9916,7305,486997,HIGH
Cat,Medium,1,Urban,302699,14025,4999,369981,HIGH
Dog,Medium,2,Urban,303683,10532,5204,367331,HIGH
Dog,Large,7,Semi-Urban,408128,7904,6591,486016,HIGH
Cat,Small,6,Urban,212432,10275,3604,260257,HIGH
Cat,Medium,10,Urban,297980,13247,5015,363678,HIGH
Dog,Small,10,Urban,214284,12980,4018,265974,HIGH
Dog,Medium,3,Urban,299978,10865,6178,364574,HIGH
Dog,Large,4,Urban,407981,10380,6261,488315,HIGH
Dog,Small,6,Urban,213327,8829,3905,259970,HIGH
Dog,Extra Large,5,Urban,497846,10337,9258,595057,HIGH
Dog,Large,7,Urban,407061,10671,6566,487942,HIGH
Dog,Extra Large,4,Semi-Urban,496627,7682,8971,590272,HIGH
Dog,Medium,13,Urban,303724,13794,4705,370556,HIGH
Dog,Large,8,Urban,409371,8791,6355,488194,HIGH
Dog,Medium,8,Urban,303877,9620,4330,365501,HIGH
Dog,Extra Large,6,Semi-Urban,497534,8516,7822,590952,HIGH
Dog,Large,8,Urban,412140,10193,6015,492600,HIGH
Cat,Large,5,Semi-Urban,408766,8286,6520,487107,HIGH
Dog,Medium,1,Urban,303445,13335,4724,369729,HIGH
Dog,Medium,5,Urban,305361,11237,5612,370541,HIGH
Dog,Small,10,Semi-Urban,212239,10856,3434,260508,HIGH
Dog,Small,9,Semi-Urban,213705,10092,3623,261533,HIGH
Dog,Medium,13,Urban,299300,13138,4784,364805,HIGH
Dog,Medium,10,Urban,300984,12377,5228,366377,HIGH
Dog,Small,11,Urban,211539,11577,2391,259333,HIGH
Dog,Large,7,Urban,405459,10999,6871,486828,HIGH
Dog,Medium,1,Urban,300415,12684,5481,366367,HIGH
Dog,Medium,3,Semi-Urban,301758,7735,5228,361929,HIGH
Cat,Medium,8,Urban,305655,10111,4413,368205,HIGH
Dog,Small,4,Urban,213211,10240,3161,260603,HIGH
Cat,Medium,13,Semi-Urban,300492,10652,5953,364661,HIGH
Dog,Large,12,Urban,406504,12532,6706,489603,HIGH
Dog,Small,3,Semi-Urban,211378,7231,3554,255487,HIGH
Dog,Large,3,Semi-Urban,405295,8338,7988,484864,HIGH
Dog,Large,2,Urban,409911,9383,6456,489612,HIGH
Dog,Medium,12,Urban,303722,13150,5634,370881,HIGH
Cat,Small,13,Urban,216758,14418,4296,270792,HIGH
Dog,Large,4,Semi-Urban,408275,7852,7158,486777,HIGH
Dog,Medium,2,Urban,301119,10152,6288,365192,HIGH
Dog,Extra Large,10,Urban,497706,13082,7915,596508,HIGH
Dog,Small,12,Urban,215989,12678,3434,266916,HIGH
Dog,Medium,12,Urban,301401,14678,4617,368800,HIGH
Cat,Medium,6,Urban,303758,9383,5566,366513,HIGH
Cat,Large,3,Urban,407870,8651,6948,486989,HIGH
Dog,Medium,3,Semi-Urban,299403,6906,5453,358526,HIGH
Dog,Medium,10,Semi-Urban,300470,9940,5644,363462,HIGH
Dog,Medium,5,Semi-Urban,300300,8274,5544,361235,HIGH
Dog,Medium,9,Urban,303761,12424,5481,369915,HIGH
Dog,Small,9,Urban,211893,13329,4798,264523,HIGH
Dog,Medium,4,Semi-Urban,305391,7595,4830,365488,HIGH
Dog,Large,7,Semi-Urban,408645,7168,7460,486763,HIGH
Cat,Medium,10,Urban,301754,15259,5994,371458,HIGH
Cat,Medium,4,Semi-Urban,302759,7649,5529,363327,HIGH
Cat,Large,9,Urban,409549,12365,7121,493390,HIGH
Cat,Large,11,Urban,410585,12994,6918,495071,HIGH
Dog,Large,4,Urban,406569,10657,6934,487784,HIGH
Cat,Large,4,Urban,411070,10348,6671,492302,HIGH
Dog,Small,1,Urban,212357,12929,3624,263246,HIGH
Cat,Small,2,Urban,213661,10931,2736,261427,HIGH
Dog,Medium,12,Urban,300823,13390,4631,366670,HIGH
Cat,Medium,9,Semi-Urban,304496,10526,4817,367814,HIGH
Cat,Medium,4,Urban,301704,10139,5086,364468,HIGH
Dog,Medium,5,Urban,304491,9057,5005,366335,HIGH
Dog,Large,9,Urban,409833,11959,7377,493544,HIGH
Dog,Medium,1,Urban,306400,14364,5957,375729,HIGH
Cat,Extra Large,11,Semi-Urban,497931,10385,7999,593762,HIGH
Dog,Small,10,Urban,214234,13550,3945,266488,HIGH
Dog,Medium,3,Urban,300485,9577,4522,361771,HIGH
Dog,Large,5,Urban,408757,8513,7496,488480,HIGH
Dog,Large,8,Urban,410701,10298,5578,490563,HIGH
Dog,Medium,11,Urban,297897,13710,6151,365421,HIGH
Dog,Large,7,Urban,409453,9577,7703,490742,HIGH
Dog,Large,6,Urban,408815,8927,6027,487334,HIGH
Dog,Small,8,Semi-Urban,213040,8908,4456,260364,HIGH
Cat,Large,2,Semi-Urban,406131,7708,7046,484017,HIGH
Cat,Large,8,Urban,406750,9906,6978,487179,HIGH
Dog,Large,12,Urban,407540,12942,7231,491869,HIGH
Dog,Extra Large,5,Urban,493443,9439,7980,587491,HIGH
Dog,Medium,8,Urban,305319,8750,4947,366868,HIGH
Dog,Small,4,Urban,213139,8864,3318,259119,HIGH
Cat,Small,9,Urban,215967,13200,3848,267967,HIGH
Dog,Large,10,Semi-Urban,410272,9192,7170,490629,HIGH
Cat,Medium,10,Semi-Urban,302133,11405,5637,367051,HIGH
Dog,Large,12,Urban,405943,14059,7172,491250,HIGH
Dog,Small,11,Semi-Urban,214837,9984,4141,263306,HIGH
Dog,Large,12,Semi-Urban,407070,11691,6417,488954,HIGH
Cat,Medium,7,Urban,298369,10163,4411,359884,HIGH
Dog,Extra Large,8,Urban,495144,10356,8158,590706,HIGH
Dog,Small,6,Urban,211269,9527,4169,258709,HIGH
Dog,Large,5,Urban,405304,9853,6782,485229,HIGH
Dog,Medium,5,Urban,300981,11114,4758,364380,HIGH
Dog,Large,7,Urban,408118,9108,6923,487771,HIGH
Dog,Small,1,Urban,213270,13544,3537,264903,HIGH
Dog,Small,9,Urban,212665,13032,2463,262384,HIGH
Dog,Medium,13,Urban,301609,12551,5554,367671,HIGH
Dog,Small,11,Semi-Urban,213045,9753,4166,261008,HIGH
Cat,Large,2,Urban,406333,10190,6979,487027,HIGH
Dog,Large,12,Semi-Urban,405639,11313,6910,487441,HIGH
Cat,Large,3,Urban,403990,10707,7128,485098,HIGH
Dog,Medium,2,Semi-Urban,301326,8552,5289,362442,HIGH
Dog,Medium,5,Semi-Urban,299962,7098,4582,358388,HIGH
Cat,Small,12,Semi-Urban,214138,11003,3858,263348,HIGH
Dog,Extra Large,3,Semi-Urban,493786,7729,8087,586042,HIGH
Cat,Medium,13,Semi-Urban,302710,10962,5200,366702,HIGH
Dog,Extra Large,3,Urban,498524,9882,8355,594275,HIGH
Dog,Small,3,Urban,211420,10975,2925,259118,HIGH
Cat,Small,10,Urban,216722,12231,3796,267661,HIGH
Dog,Large,3,Semi-Urban,411960,7237,6659,489734,HIGH
Dog,Medium,12,Urban,299735,13772,4386,365576,HIGH
Cat,Small,13,Urban,212942,13383,3799,264642,HIGH
Dog,Extra Large,4,Semi-Urban,494211,7600,8448,586797,HIGH
Dog,Extra Large,7,Semi-Urban,492717,7237,8070,584227,HIGH
Cat,Small,9,Urban,216987,13924,3788,269903,HIGH
Dog,Medium,9,Semi-Urban,301661,10155,5893,365365,HIGH
Cat,Large,4,Urban,405390,9780,6681,485128,HIGH
Dog,Large,1,Semi-Urban,407345,11982,7374,490706,HIGH
Dog,Medium,11,Urban,302599,12661,4861,368139,HIGH
Dog,Medium,3,Urban,299934,9950,5116,362250,HIGH
Dog,Large,10,Urban,407969,12825,6860,491802,HIGH
Dog,Medium,2,Urban,298443,9374,5643,360479,HIGH
Dog,Medium,8,Urban,304774,10413,5029,368248,HIGH
Cat,Medium,5,Semi-Urban,297659,8117,5268,357700,HIGH
Dog,Small,3,Urban,214712,9879,3250,262017,HIGH
Dog,Medium,4,Urban,301023,10572,4786,363838,HIGH
Dog,Medium,1,Urban,301651,12802,4640,366956,HIGH
Dog,Large,13,Urban,409916,14084,6952,495594,HIGH
Dog,Large,5,Urban,407829,11002,6614,489261,HIGH
Dog,Medium,1,Urban,300810,11816,5069,365349,HIGH
Dog,Small,1,Urban,210822,12990,2627,260404,HIGH
Dog,Large,13,Urban,404516,12664,6489,487219,HIGH
Dog,Medium,11,Urban,299803,13656,5095,366337,HIGH
Dog,Small,10,Urban,212254,13129,3830,263594,HIGH
Dog,Large,2,Urban,405395,9940,7409,486155,HIGH
Dog,Small,2,Urban,216657,10686,3709,265709,HIGH
Cat,Small,1,Urban,215084,13395,4115,267483,HIGH
Dog,Medium,6,Semi-Urban,300556,8758,4580,360978,HIGH
Dog,Medium,6,Urban,300889,10879,5379,364719,HIGH
Dog,Medium,10,Semi-Urban,299792,10267,4462,361699,HIGH
Dog,Medium,11,Urban,301186,12482,6176,367820,HIGH
Dog,Large,7,Urban,407253,10551,6817,488314,HIGH
Cat,Medium,4,Urban,299915,8080,6124,361236,HIGH
Dog,Large,8,Semi-Urban,406369,7572,6496,483502,HIGH
Dog,Small,2,Semi-Urban,211657,7492,3699,256275,HIGH
Dog,Medium,8,Urban,305557,11163,5412,370451,HIGH
Cat,Medium,12,Urban,304291,13314,4518,370441,HIGH
Dog,Medium,13,Semi-Urban,305126,10991,4390,368583,HIGH
Dog,Medium,9,Urban,299881,13705,5315,366736,HIGH
Cat,Small,12,Urban,214597,12835,3386,265440,HIGH
Cat,Large,13,Semi-Urban,408166,10420,7639,490158,HIGH
Dog,Large,4,Urban,407827,9834,6705,488020,HIGH
Dog,Medium,7,Urban,304225,10961,5466,368749,HIGH
Cat,Medium,2,Urban,303300,9772,5400,366242,HIGH
Dog,Medium,4,Semi-Urban,301823,8802,5785,363871,HIGH
Dog,Large,3,Semi-Urban,408248,8064,6696,486459,HIGH
Dog,Large,11,Urban,404649,13754,6746,488921,HIGH
Dog,Small,8,Urban,213707,10932,4175,263136,HIGH
Dog,Large,8,Semi-Urban,407217,7404,7027,484895,HIGH
Dog,Medium,11,Semi-Urban,303406,9611,4592,365250,HIGH
Cat,Large,10,Urban,406212,13553,6725,490463,HIGH
Dog,Large,2,Urban,408543,10284,7286,490029,HIGH
Dog,Medium,6,Urban,300990,11988,5176,365877,HIGH
Dog,Large,10,Urban,409654,13492,7470,495208,HIGH
Dog,Medium,9,Urban,302054,12604,4739,367306,HIGH
Cat,Large,7,Urban,408872,10284,6193,489151,HIGH
Dog,Medium,10,Urban,304123,13864,5415,371912,HIGH
Dog,Small,7,Semi-Urban,211809,8747,3499,257663,HIGH
Dog,Large,1,Urban,408985,13255,6285,492803,HIGH
Dog,Medium,13,Urban,300837,13866,4814,367444,HIGH
Dog,Medium,1,Urban,302281,13148,5492,369059,HIGH
Dog,Medium,10,Urban,301704,12005,4607,366063,HIGH
Dog,Medium,11,Semi-Urban,302579,10867,5718,367038,HIGH
Dog,Medium,6,Urban,303155,10175,5142,366242,HIGH
Dog,Extra Large,13,Semi-Urban,496207,9543,7983,590792,HIGH
Dog,Medium,3,Urban,300897,11103,5366,364970,HIGH
Dog,Small,9,Semi-Urban,213419,10564,4616,262888,HIGH
Cat,Small,5,Urban,214339,9907,3837,262295,HIGH
Cat,Large,13,Urban,407881,13505,6335,491879,HIGH
Cat,Extra Large,11,Urban,497915,12513,9315,597704,HIGH
Cat,Medium,5,Semi-Urban,304341,6198,6026,364049,HIGH
Dog,Large,10,Urban,410193,11249,7568,493361,HIGH
Dog,Small,3,Urban,213996,10330,3671,262196,HIGH
Dog,Large,10,Urban,411781,13450,6489,496478,HIGH
Dog,Small,12,Urban,211962,13473,3855,263683,HIGH
Dog,Medium,7,Urban,300764,9408,6027,363628,HIGH
Dog,Large,4,Semi-Urban,401498,9363,6230,479654,HIGH
Dog,Small,12,Semi-Urban,210085,9901,4216,257832,HIGH
Cat,Medium,2,Urban,301151,9921,4890,363356,HIGH
Dog,Large,5,Urban,406604,10149,7216,487564,HIGH
Cat,Medium,4,Urban,304921,9538,4517,366822,HIGH
Dog,Medium,5,Urban,303786,11359,5826,369116,HIGH
Dog,Small,3,Urban,216841,9747,3945,265112,HIGH
Dog,Small,11,Urban,208504,13028,3791,259121,HIGH
Dog,Extra Large,7,Semi-Urban,496723,7858,7629,589041,HIGH
Dog,Extra Large,9,Urban,497795,13180,7875,596677,HIGH
Dog,Medium,7,Urban,300921,10252,5366,364019,HIGH
Dog,Large,11,Urban,408856,14684,7091,495225,HIGH
Dog,Large,4,Semi-Urban,407384,6884,6439,483813,HIGH
Dog,Small,6,Urban,211439,8835,4117,258049,HIGH
Dog,Small,11,Semi-Urban,211490,11240,3423,260075,HIGH
Dog,Medium,13,Semi-Urban,298710,11059,4984,361965,HIGH
Dog,Small,13,Urban,212399,12638,5166,264733,HIGH
Dog,Small,4,Urban,210872,10340,3568,258497,HIGH
Dog,Large,8,Urban,411179,8835,6929,490984,HIGH
Cat,Small,12,Urban,208597,13385,3895,259758,HIGH
Dog,Large,7,Semi-Urban,410471,7975,6465,488647,HIGH
Dog,Medium,2,Urban,300324,9639,5875,363213,HIGH
Dog,Large,1,Urban,407933,14060,7302,493689,HIGH
Cat,Large,4,Semi-Urban,408895,8665,7076,488331,HIGH
Cat,Medium,5,Urban,302100,10996,5687,366600,HIGH
Dog,Small,11,Urban,213992,11212,4361,263999,HIGH
Dog,Small,11,Semi-Urban,213112,9568,3455,260055,HIGH
Cat,Small,7,Urban,212165,9530,3527,259005,HIGH
Dog,Medium,9,Semi-Urban,303002,11656,4549,367088,HIGH
Dog,Medium,7,Semi-Urban,302437,6903,5913,362540,HIGH
Dog,Medium,1,Urban,300080,14201,5407,367641,HIGH
Cat,Small,8,Urban,213498,9257,3550,260250,HIGH
Dog,Medium,5,Urban,298811,10691,5193,361899,HIGH
Dog,Extra Large,11,Urban,499516,12386,8586,598561,HIGH
Dog,Large,13,Urban,409251,12610,7590,493868,HIGH
Dog,Medium,9,Urban,303465,13951,5577,371441,HIGH
Dog,Large,8,Urban,407530,10008,7785,489121,HIGH
Dog,Large,6,Urban,405686,11368,6802,487434,HIGH
Dog,Medium,9,Urban,303285,12726,4721,368841,HIGH
Dog,Extra Large,7,Semi-Urban,496233,8671,8798,590757,HIGH
Cat,Extra Large,1,Urban,501162,12595,8626,600740,HIGH
Dog,Medium,8,Urban,302465,10581,4631,365328,HIGH
Dog,Medium,10,Semi-Urban,302128,9288,5001,363879,HIGH
Dog,Large,12,Urban,412423,12665,6109,495876,HIGH
Dog,Medium,12,Urban,301713,12860,5636,368240,HIGH
Dog,Large,5,Urban,409576,11868,6388,492006,HIGH
Dog,Extra Large,1,Urban,500317,12851,7926,599258,HIGH
Dog,Medium,12,Semi-Urban,300508,11943,3929,363837,HIGH
Dog,Small,12,Urban,208924,14008,3574,260481,HIGH
Dog,Large,1,Urban,405478,14398,6715,490579,HIGH
Cat,Large,3,Urban,409495,9890,6862,490184,HIGH
Dog,Small,7,Urban,214807,10432,3261,262775,HIGH
Dog,Small,9,Semi-Urban,212929,11632,3013,261710,HIGH
Dog,Medium,8,Urban,303357,8703,4942,364552,HIGH
Dog,Small,10,Urban,214778,11961,3909,265245,HIGH
Cat,Small,11,Urban,211180,13825,2953,262151,HIGH
Dog,Large,13,Urban,408016,14329,7325,494120,HIGH
Dog,Medium,5,Urban,303010,10223,4497,365389,HIGH
Dog,Medium,3,Semi-Urban,302104,7994,5437,362865,HIGH
Dog,Medium,5,Urban,302704,10553,5567,366647,HIGH
Dog,Medium,7,Urban,300486,9975,5322,363150,HIGH
Dog,Medium,7,Urban,305677,9006,4946,367573,HIGH
Dog,Medium,11,Urban,304337,12838,4643,370090,HIGH
Cat,Large,8,Urban,406169,11734,7559,489281,HIGH
Cat,Medium,6,Semi-Urban,302813,8636,4476,363313,HIGH
Cat,Large,6,Semi-Urban,409589,8251,6449,487932,HIGH
Cat,Medium,6,Urban,300963,10438,6143,365175,HIGH
Cat,Small,7,Urban,211092,10832,3572,259320,HIGH
Cat,Small,7,Urban,214129,9687,2975,260809,HIGH
Dog,Large,13,Urban,409481,11885,7402,493083,HIGH
Dog,Medium,8,Urban,300109,9448,4914,361641,HIGH
Dog,Large,8,Semi-Urban,407246,8141,6797,485511,HIGH
Cat,Medium,3,Urban,301417,11725,4882,365727,HIGH
Dog,Large,13,Urban,411335,13090,7275,496455,HIGH
Dog,Medium,11,Urban,303100,12855,5597,369784,HIGH
Cat,Medium,3,Urban,304812,10287,5157,368294,HIGH
Dog,Extra Large,8,Semi-Urban,494770,8333,8679,588549,HIGH
Dog,Medium,10,Urban,303959,12632,4657,369435,HIGH
Cat,Medium,11,Urban,304217,14146,4861,371707,HIGH
Dog,Extra Large,2,Urban,496283,9298,7993,590610,HIGH
Dog,Medium,5,Semi-Urban,304364,9423,4249,365741,HIGH
Dog,Medium,13,Semi-Urban,301852,11908,4630,366148,HIGH
Dog,Large,9,Urban,410553,13214,6382,494671,HIGH
Dog,Small,9,Urban,214257,12644,2933,264309,HIGH
Dog,Small,8,Urban,212069,9025,3779,258603,HIGH
Dog,Extra Large,4,Urban,496114,9163,9747,592277,HIGH
Dog,Small,1,Urban,212938,12896,4023,264335,HIGH
Dog,Large,11,Urban,406935,14092,6101,491197,HIGH
Cat,Medium,6,Urban,301304,10264,4985,364035,HIGH
Dog,Extra Large,8,Semi-Urban,497876,8467,7808,591273,HIGH
Dog,Medium,5,Urban,302985,10592,5379,366799,HIGH
Dog,Large,13,Urban,408646,12006,7119,491936,HIGH
Dog,Large,11,Urban,408554,12040,7371,492159,HIGH
Dog,Medium,6,Urban,301490,9987,5727,364784,HIGH
Dog,Small,10,Urban,211342,13495,3086,262111,HIGH
Dog,Medium,9,Semi-Urban,301666,8206,6175,363454,HIGH
Cat,Medium,6,Urban,301332,10011,6327,365320,HIGH
Cat,Large,6,Semi-Urban,406139,7483,6616,483273,HIGH
Cat,Medium,13,Urban,297171,12604,5385,362434,HIGH
Dog,Small,8,Urban,214114,11009,2933,262264,HIGH
Dog,Large,10,Urban,410066,12384,6967,493829,HIGH
Dog,Medium,6,Urban,299987,9132,6364,362805,HIGH
Dog,Medium,4,Urban,302831,9932,5193,365649,HIGH
Cat,Extra Large,6,Semi-Urban,495436,7055,8721,587893,HIGH
Dog,Extra Large,7,Urban,498491,9470,8774,594245,HIGH
Dog,Large,5,Urban,406022,8586,7370,485274,HIGH
Dog,Medium,7,Urban,298991,10782,5303,362337,HIGH
Cat,Medium,8,Urban,302577,10352,4869,365467,HIGH
Dog,Medium,3,Urban,301173,9735,4635,362874,HIGH
Cat,Small,6,Urban,213893,10269,3920,262294,HIGH
Dog,Medium,10,Urban,305282,13044,4754,371542,HIGH
Dog,Medium,5,Semi-Urban,302965,8778,5978,365379,HIGH
Dog,Medium,3,Urban,299001,10113,4643,360820,HIGH
Dog,Medium,10,Urban,302481,14334,5339,370477,HIGH
Cat,Medium,4,Urban,302535,9674,5162,364976,HIGH
Dog,Extra Large,13,Urban,501735,12564,8031,600679,HIGH
Dog,Medium,11,Urban,305840,13538,5738,373883,HIGH
Cat,Medium,11,Urban,300678,14803,5716,369376,HIGH
Dog,Large,2,Urban,406625,10758,6892,487916,HIGH
Cat,Medium,11,Urban,300482,12858,5374,366521,HIGH
Cat,Large,10,Semi-Urban,407638,9282,6867,487355,HIGH
Dog,Small,3,Urban,213700,8076,3484,259049,HIGH
Dog,Small,5,Semi-Urban,213531,8706,2347,258271,HIGH
Cat,Small,5,Urban,216044,8759,3182,262182,HIGH
Dog,Medium,2,Urban,301916,10597,5148,365310,HIGH
Dog,Medium,11,Urban,301566,12567,4722,366683,HIGH
Dog,Large,2,Urban,406297,10015,6421,486142,HIGH
Dog,Medium,6,Semi-Urban,299414,8014,5528,359899,HIGH
Dog,Medium,13,Semi-Urban,301258,10041,5368,364167,HIGH
Dog,Small,2,Urban,213247,9828,3811,260918,HIGH
Dog,Large,7,Semi-Urban,410607,9189,6287,489995,HIGH
Dog,Large,10,Urban,410083,11084,6969,492356,HIGH
Dog,Small,10,Urban,212560,13634,3528,264180,HIGH
Dog,Large,2,Semi-Urban,408321,6987,6741,485356,HIGH
Cat,Extra Large,9,Urban,498306,13890,9460,599904,HIGH
Cat,Large,7,Semi-Urban,405359,8794,6315,483538,HIGH
Dog,Large,10,Semi-Urban,404260,10869,7630,486172,HIGH
Dog,Medium,8,Urban,303111,10322,4505,365628,HIGH
Dog,Large,3,Urban,407725,9962,7354,488797,HIGH
Cat,Extra Large,12,Semi-Urban,497648,10209,8287,593565,HIGH
Dog,Large,5,Semi-Urban,407286,7711,7014,485312,HIGH
Dog,Small,1,Urban,212470,12412,3340,262455,HIGH
Dog,Medium,2,Urban,298444,9339,5008,359709,HIGH
Dog,Medium,12,Urban,301844,14350,5429,369866,HIGH
Cat,Medium,12,Urban,306215,13822,5147,373961,HIGH
Dog,Large,1,Urban,409705,12780,6630,493482,HIGH
Cat,Medium,8,Urban,301624,9152,4556,362631,HIGH
Dog,Medium,8,Urban,304702,8460,4674,365511,HIGH
Dog,Small,11,Urban,212362,11841,3708,262097,HIGH
Dog,Medium,2,Urban,300949,9838,5273,363469,HIGH
Dog,Small,6,Urban,210820,9297,3515,257176,HIGH
Cat,Small,7,Urban,212737,9973,3048,259621,HIGH
Dog,Medium,2,Urban,300951,11839,5046,365511,HIGH
Dog,Large,10,Urban,409325,13417,6242,493331,HIGH
Dog,Small,7,Semi-Urban,214939,8443,3874,261344,HIGH
Dog,Large,8,Urban,407643,10114,6931,488391,HIGH
Dog,Large,9,Urban,410848,13297,7211,496059,HIGH
Dog,Large,9,Urban,407796,13127,6449,491477,HIGH
Dog,Small,12,Urban,211320,12076,4226,261765,HIGH
Cat,Extra Large,1,Semi-Urban,495351,11280,7611,591378,HIGH
Dog,Extra Large,10,Urban,498257,14005,8767,599183,HIGH
Dog,Large,5,Semi-Urban,406633,8212,6665,484736,HIGH
Dog,Medium,7,Urban,300596,11431,5535,365196,HIGH
Cat,Small,7,Urban,212771,11319,3530,261763,HIGH
Dog,Small,10,Urban,211268,14583,3056,263243,HIGH
Dog,Medium,1,Urban,301253,13075,5932,368299,HIGH
Dog,Medium,1,Semi-Urban,302437,10460,4884,365448,HIGH
Dog,Large,3,Urban,409543,11059,7040,491788,HIGH
Dog,Small,1,Urban,211765,12432,3305,261627,HIGH
Dog,Extra Large,8,Urban,496924,8817,7935,590727,HIGH
Cat,Large,10,Urban,409359,13592,7369,494868,HIGH
Dog,Large,7,Urban,406650,9838,6567,486513,HIGH
Dog,Small,4,Urban,213339,9198,3095,259476,HIGH
Dog,Medium,7,Semi-Urban,301075,8564,5094,361942,HIGH
Dog,Medium,5,Urban,301328,10218,4809,363808,HIGH
Dog,Extra Large,6,Urban,496933,11324,8484,594252,HIGH
Dog,Large,1,Urban,408241,13425,7326,493340,HIGH
Cat,Extra Large,8,Semi-Urban,496726,8127,7912,589679,HIGH
Cat,Medium,10,Semi-Urban,303600,10007,5787,367303,HIGH
Cat,Medium,9,Urban,302118,12109,4473,366505,HIGH
Cat,Small,6,Urban,211393,9090,3157,257186,HIGH
Cat,Medium,3,Semi-Urban,300727,9272,4117,361233,HIGH
Cat,Medium,10,Urban,302106,14572,4504,369359,HIGH
Cat,Extra Large,9,Urban,495155,12492,8300,593339,HIGH
Cat,Medium,4,Semi-Urban,302192,8734,4681,362948,HIGH
Dog,Large,5,Urban,411058,10636,6940,492929,HIGH
Dog,Large,10,Semi-Urban,410944,9257,6724,490963,HIGH
Dog,Small,13,Urban,213651,13212,3026,264372,HIGH
Dog,Medium,8,Urban,298153,9600,4929,359584,HIGH
Dog,Small,7,Urban,212993,10284,3545,260845,HIGH
Dog,Large,3,Semi-Urban,411617,8833,6659,491175,HIGH
Dog,Medium,2,Urban,301338,10126,5105,364054,HIGH
Dog,Medium,9,Semi-Urban,300511,10148,4727,362693,HIGH
Dog,Extra Large,5,Urban,493876,10120,8259,589093,HIGH
Dog,Large,7,Urban,406906,10983,6430,487966,HIGH
Cat,Extra Large,13,Urban,495865,13577,8440,595564,HIGH
Cat,Medium,8,Urban,306844,10302,5058,370534,HIGH
Cat,Medium,2,Urban,300903,10557,5582,364598,HIGH
Dog,Small,7,Urban,213208,8766,2867,258567,HIGH
Cat,Large,13,Urban,408123,12483,7162,491933,HIGH
Dog,Small,9,Urban,210393,12619,3651,260662,HIGH
Dog,Medium,2,Urban,301740,10342,4560,364138,HIGH
Cat,Large,3,Urban,412142,10189,7170,493926,HIGH
Cat,Large,3,Semi-Urban,410428,8096,6963,489310,HIGH
Dog,Medium,5,Semi-Urban,300473,7031,5289,359711,HIGH
Cat,Medium,12,Urban,304957,13223,5748,372517,HIGH
Cat,Extra Large,1,Urban,497340,12897,8495,596541,HIGH
Cat,Small,13,Urban,212939,13134,3975,264555,HIGH
Dog,Small,12,Urban,213230,12203,3285,263025,HIGH
Dog,Medium,10,Semi-Urban,304537,9339,5744,367563,HIGH
Cat,Extra Large,2,Semi-Urban,495483,8683,8490,589554,HIGH
Cat,Large,5,Semi-Urban,405983,8581,6435,484148,HIGH
Dog,Large,3,Semi-Urban,408721,8945,6782,488115,HIGH
Cat,Large,10,Semi-Urban,404249,10062,7186,484721,HIGH
Dog,Large,7,Urban,407827,9715,6871,488074,HIGH
Dog,Small,3,Urban,214362,11239,4521,264640,HIGH
Dog,Medium,10,Urban,301373,12487,5850,367666,HIGH
Dog,Medium,13,Urban,301516,12116,5239,366701,HIGH
Dog,Extra Large,12,Urban,499614,12037,8787,598503,HIGH
Dog,Medium,7,Urban,303199,10159,5288,366442,HIGH
Dog,Large,9,Urban,410839,12959,7109,495543,HIGH
Dog,Small,1,Urban,213865,12989,3788,265238,HIGH
Dog,Medium,2,Urban,301670,9952,5930,365184,HIGH
Dog,Large,2,Urban,408554,9216,7015,488502,HIGH
Dog,Large,8,Urban,404167,10022,6486,483776,HIGH
Dog,Small,4,Urban,212791,9237,4466,260468,HIGH
Dog,Medium,13,Semi-Urban,305412,9152,5060,367567,HIGH
Cat,Large,4,Urban,407329,10713,6267,487955,HIGH
Dog,Large,2,Semi-Urban,408870,6804,6910,485971,HIGH
Dog,Medium,13,Urban,298445,11739,4998,362459,HIGH
Dog,Medium,3,Urban,304749,10249,4756,367717,HIGH
Dog,Extra Large,1,Urban,495133,13695,8692,595148,HIGH
Dog,Small,13,Urban,212532,12115,4091,263048,HIGH
Dog,Small,8,Semi-Urban,210893,7014,4280,255515,HIGH
Dog,Extra Large,7,Semi-Urban,499904,8532,8714,594722,HIGH
Cat,Large,1,Semi-Urban,410559,11682,7074,493712,HIGH
Dog,Small,11,Urban,215197,11634,3695,265104,HIGH
Dog,Medium,8,Urban,303306,10145,5565,366868,HIGH
Cat,Medium,11,Urban,296540,11703,4985,360212,HIGH
Dog,Medium,13,Urban,301076,13215,5639,367919,HIGH
Dog,Medium,1,Semi-Urban,303770,8978,4998,365407,HIGH
Dog,Medium,4,Urban,302766,10754,4845,366119,HIGH
Dog,Medium,10,Urban,303158,13248,5876,370624,HIGH
Dog,Medium,5,Semi-Urban,297759,7728,5174,357260,HIGH
Dog,Extra Large,2,Urban,494809,10461,8903,591298,HIGH
Dog,Medium,10,Urban,304346,12083,4730,369332,HIGH
Cat,Medium,1,Urban,296310,13139,5489,362178,HIGH
Dog,Medium,6,Urban,297379,10514,3773,358415,HIGH
Dog,Small,12,Semi-Urban,214353,10309,4181,263169,HIGH
Dog,Medium,5,Urban,304348,10342,5398,368101,HIGH
Dog,Medium,3,Urban,302630,9987,4070,364190,HIGH
Dog,Medium,1,Urban,302606,12681,4542,367803,HIGH
Dog,Small,11,Urban,216190,13755,2839,267701,HIGH
Dog,Medium,8,Urban,303697,9145,4410,364839,HIGH
Dog,Extra Large,2,Urban,498538,10928,8728,595923,HIGH
Dog,Medium,12,Semi-Urban,300129,10225,4462,362038,HIGH
Dog,Medium,12,Semi-Urban,303870,9346,5210,366189,HIGH
Dog,Extra Large,2,Urban,496576,10706,7996,592569,HIGH
Dog,Large,1,Semi-Urban,406358,11313,7189,488589,HIGH
Cat,Large,4,Urban,412356,9873,7627,494334,HIGH
Dog,Large,11,Urban,407707,12430,7127,491353,HIGH
Dog,Small,6,Urban,211937,9207,4175,259116,HIGH
Dog,Medium,7,Urban,302563,10387,4859,365480,HIGH
Dog,Large,1,Urban,408310,12663,6857,492004,HIGH
Dog,Medium,12,Urban,303770,13593,4278,369887,HIGH
Dog,Small,4,Urban,214025,10481,3633,262359,HIGH
Cat,Large,9,Semi-Urban,408666,12848,6875,492647,HIGH
Dog,Small,8,Urban,212848,11292,3888,262232,HIGH
Dog,Large,8,Urban,407547,9710,7401,488356,HIGH
Dog,Medium,2,Urban,297986,9760,4880,359519,HIGH
Dog,Large,1,Urban,409280,11802,6688,491935,HIGH
Dog,Extra Large,10,Semi-Urban,497571,9624,8291,592808,HIGH
Dog,Medium,12,Urban,307008,13827,5585,375383,HIGH
Dog,Large,6,Urban,407875,8996,7049,487508,HIGH
Dog,Large,10,Semi-Urban,407805,10291,6789,488617,HIGH
Cat,Small,4,Urban,214722,10578,3926,263609,HIGH
Dog,Small,12,Urban,214479,12711,3215,264965,HIGH
Dog,Large,10,Urban,405735,11389,6298,486935,HIGH
Dog,Small,8,Urban,211014,9557,4073,258340,HIGH
Dog,Large,10,Semi-Urban,406554,9975,7278,487378,HIGH
Dog,Small,3,Semi-Urban,211331,7926,2581,255113,HIGH
Cat,Extra Large,8,Urban,498493,10814,8464,595436,HIGH
Dog,Medium,6,Urban,302281,9590,4403,363715,HIGH
Dog,Medium,10,Urban,301666,12933,5085,367636,HIGH
Dog,Small,12,Semi-Urban,212789,11080,3315,261261,HIGH
Dog,Small,11,Urban,210149,12471,3380,259900,HIGH
Dog,Large,12,Urban,411483,12533,6332,494900,HIGH
Dog,Large,1,Urban,409700,12365,6633,493002,HIGH
Dog,Small,6,Semi-Urban,209033,8154,3944,254300,HIGH
Cat,Medium,1,Urban,302363,12306,4992,367610,HIGH
Cat,Medium,11,Urban,300124,12906,4692,365380,HIGH
Cat,Medium,9,Urban,301305,12185,5217,366513,HIGH
Dog,Medium,6,Urban,301789,9114,5443,363797,HIGH
Cat,Small,9,Urban,211781,13657,3662,263465,HIGH
Cat,Large,2,Urban,406982,9164,6143,485632,HIGH
Dog,Large,2,Urban,407967,10819,7239,489928,HIGH
Dog,Medium,5,Semi-Urban,301448,7115,4847,360421,HIGH
Dog,Large,13,Semi-Urban,407855,11622,7009,490458,HIGH
Dog,Large,11,Semi-Urban,406172,9652,6883,486113,HIGH
Cat,Medium,5,Urban,301777,8507,4839,362391,HIGH
Dog,Medium,2,Urban,303105,9731,5213,365756,HIGH
Cat,Medium,1,Urban,304980,11782,5604,370720,HIGH
Dog,Extra Large,7,Urban,499193,9213,8000,593866,HIGH
Dog,Medium,5,Semi-Urban,300890,8053,5232,361301,HIGH
Dog,Small,12,Urban,212152,12632,3485,262509,HIGH
Dog,Medium,2,Urban,302485,9666,4432,364070,HIGH
Dog,Medium,1,Urban,302605,12767,6299,369921,HIGH
Cat,Extra Large,2,Urban,498729,10372,9850,596793,HIGH
Dog,Large,4,Urban,409548,12189,6235,492167,HIGH
Dog,Large,13,Urban,409481,13505,6373,493762,HIGH
Dog,Large,10,Urban,406920,12303,7600,490846,HIGH
Cat,Small,11,Urban,214389,12803,3844,265691,HIGH
Dog,Medium,2,Urban,300630,8537,5347,361691,HIGH
Cat,Medium,1,Urban,299164,12377,4226,363132,HIGH
Dog,Small,10,Urban,211408,12779,3561,261910,HIGH
Cat,Medium,13,Urban,299237,11925,4301,362782,HIGH
Dog,Small,5,Semi-Urban,212545,8246,3019,257381,HIGH
Dog,Large,4,Semi-Urban,406035,8634,6328,484146,HIGH
Cat,Medium,8,Urban,302825,10903,5907,367580,HIGH
Cat,Large,6,Urban,409460,9670,7107,490172,HIGH
Dog,Large,12,Urban,408137,14298,6413,493175,HIGH
Cat,Large,6,Urban,408585,10736,6499,489693,HIGH
Dog,Small,3,Semi-Urban,214589,5614,3502,257260,HIGH
Dog,Extra Large,8,Urban,495660,8968,8799,590441,HIGH
Cat,Extra Large,7,Urban,497374,9594,8196,592438,HIGH
Dog,Medium,12,Urban,294556,12603,4918,358888,HIGH
Cat,Small,8,Urban,215268,10895,2414,262863,HIGH
Dog,Medium,3,Semi-Urban,300612,8387,5233,361366,HIGH
Cat,Medium,13,Semi-Urban,300252,9286,5123,361860,HIGH
Dog,Medium,5,Urban,303629,10761,5063,367370,HIGH
Dog,Extra Large,2,Semi-Urban,497518,8800,7766,591196,HIGH
Cat,Medium,12,Urban,298806,13491,5459,365419,HIGH
Cat,Extra Large,7,Urban,499737,9743,8478,595651,HIGH
Dog,Extra Large,4,Urban,497058,10121,8071,592537,HIGH
Cat,Medium,1,Urban,301994,12510,4711,367097,HIGH
Cat,Medium,1,Semi-Urban,299598,10244,4452,361438,HIGH
Cat,Medium,6,Urban,302638,8860,5123,364114,HIGH
Dog,Large,10,Semi-Urban,411002,9452,6232,490688,HIGH
Cat,Large,7,Semi-Urban,409106,7502,7364,487567,HIGH
Dog,Large,10,Urban,408472,13115,6275,492041,HIGH
Dog,Medium,8,Urban,304312,9962,4768,366898,HIGH
Dog,Extra Large,10,Urban,501338,11392,9087,600089,HIGH
Dog,Medium,10,Semi-Urban,299576,10084,5316,362222,HIGH
Dog,Extra Large,6,Urban,496610,10805,7714,592398,HIGH
Dog,Extra Large,10,Urban,499338,12969,7909,598248,HIGH
Dog,Medium,12,Urban,302673,12243,3520,366201,HIGH
Dog,Large,7,Urban,407067,9730,6755,487084,HIGH
Dog,Extra Large,2,Urban,498694,10423,8307,595037,HIGH
Dog,Medium,13,Urban,301458,12938,5115,367437,HIGH
Cat,Medium,2,Urban,304031,10687,5245,367957,HIGH
Dog,Large,5,Semi-Urban,406132,8064,7196,484600,HIGH
Cat,Medium,8,Semi-Urban,303672,7727,5113,363988,HIGH
Dog,Small,3,Urban,211020,10075,3775,258600,HIGH
Dog,Large,2,Semi-Urban,407564,8578,6696,486263,HIGH
Dog,Large,3,Urban,408962,9514,6344,488543,HIGH
Dog,Medium,6,Urban,304048,10662,5565,368316,HIGH
Dog,Large,11,Urban,409470,13169,7544,494710,HIGH
Cat,Large,6,Urban,409166,10983,6868,491069,HIGH
Cat,Large,6,Urban,404066,10321,7068,484673,HIGH
Dog,Large,5,Semi-Urban,407517,7250,6846,484854,HIGH
Dog,Large,10,Urban,408035,12864,6767,491815,HIGH
Dog,Small,1,Urban,213247,14653,3172,265732,HIGH
Dog,Medium,2,Urban,300564,10443,4005,362263,HIGH
Cat,Small,12,Urban,213189,11749,4172,263476,HIGH
Dog,Medium,4,Urban,301100,10998,4864,364506,HIGH
Cat,Medium,4,Urban,301936,9120,4960,363418,HIGH
Cat,Large,12,Urban,410125,12906,7149,494707,HIGH
Dog,Extra Large,7,Urban,496044,10544,7737,591473,HIGH
Dog,Small,10,Urban,211157,10770,3282,258990,HIGH
Cat,Extra Large,12,Semi-Urban,500632,10977,7476,596947,HIGH
Dog,Large,4,Urban,408707,10971,6637,490262,HIGH
Cat,Large,10,Urban,410736,12852,7147,495345,HIGH
Cat,Medium,2,Urban,301551,9636,4795,363379,HIGH
Cat,Extra Large,5,Urban,498900,9230,8192,593770,HIGH
Dog,Small,4,Urban,216167,10913,3995,265736,HIGH
Dog,Large,11,Urban,410665,13999,6271,495575,HIGH
Cat,Medium,11,Urban,301981,13314,5144,368504,HIGH
Dog,Medium,1,Urban,300472,12983,4175,365274,HIGH
Dog,Medium,12,Urban,301365,13378,4201,366785,HIGH
Dog,Extra Large,5,Semi-Urban,498582,6607,8091,590272,HIGH
Dog,Large,9,Semi-Urban,408238,11545,6942,490733,HIGH
Dog,Large,4,Urban,406460,8961,6263,484936,HIGH
Cat,Medium,8,Urban,303808,9663,5348,366641,HIGH
Cat,Extra Large,9,Urban,497919,14344,8759,599175,HIGH
Dog,Large,13,Urban,407502,12846,7788,492356,HIGH
Dog,Medium,12,Urban,299119,13094,4734,364489,HIGH
Dog,Small,13,Semi-Urban,209473,10401,3752,257169,HIGH
Cat,Small,6,Urban,213862,10234,3584,261832,HIGH
Dog,Large,4,Semi-Urban,410956,8389,6491,489711,HIGH
Cat,Medium,12,Urban,301407,12680,5161,367135,HIGH
Cat,Large,12,Urban,409237,13422,6709,493773,HIGH
Cat,Medium,12,Urban,300091,12001,4652,364255,HIGH
Dog,Small,12,Urban,214443,12585,3742,265385,HIGH
Dog,Medium,7,Urban,301733,9034,4830,362936,HIGH
Dog,Medium,7,Urban,301137,10708,4373,363650,HIGH
Dog,Medium,4,Urban,301111,10897,6009,365719,HIGH
Dog,Medium,4,Semi-Urban,299194,8069,4901,358988,HIGH
Dog,Medium,1,Semi-Urban,301358,11700,5009,365777,HIGH
Dog,Small,1,Semi-Urban,214053,11348,3163,262848,HIGH
Dog,Large,13,Urban,408716,13060,7229,493355,HIGH
Dog,Small,4,Urban,214341,10074,3661,262287,HIGH
Dog,Medium,3,Semi-Urban,302244,7527,5086,362085,HIGH
Dog,Large,10,Semi-Urban,409624,9908,7671,491283,HIGH
Cat,Large,4,Urban,408556,10923,6403,489764,HIGH
Dog,Extra Large,6,Urban,496564,10009,7907,591652,HIGH
Dog,Medium,7,Semi-Urban,303005,6906,6250,363585,HIGH
Cat,Medium,2,Urban,302408,10407,5045,365539,HIGH
Cat,Large,2,Urban,405729,11122,6826,487228,HIGH
Cat,Small,1,Urban,210481,12157,3561,260128,HIGH
Dog,Medium,11,Semi-Urban,300752,11505,4997,364842,HIGH
Dog,Large,1,Urban,408170,13653,7055,493209,HIGH
Dog,Large,8,Urban,406426,10282,6738,486962,HIGH
Dog,Large,1,Semi-Urban,407895,10397,6600,488625,HIGH
Dog,Medium,11,Semi-Urban,298723,10958,5547,362512,HIGH
Cat,Large,12,Semi-Urban,406080,10357,6242,486080,HIGH
Dog,Medium,11,Urban,300289,11144,4826,363697,HIGH
Cat,Large,8,Urban,407502,9441,6889,487406,HIGH
Dog,Small,8,Urban,213154,10584,4048,261953,HIGH
Cat,Medium,12,Urban,300967,12988,4750,366510,HIGH
Cat,Small,2,Semi-Urban,214253,8630,3102,259882,HIGH
Dog,Large,4,Urban,411250,10166,6829,492481,HIGH
Dog,Extra Large,4,Urban,495662,9209,7542,589274,HIGH
Dog,Medium,5,Semi-Urban,302699,8877,4212,363156,HIGH
Dog,Medium,9,Urban,302535,12550,5667,368864,HIGH
Dog,Small,7,Urban,210741,8848,3715,256799,HIGH
Dog,Small,11,Urban,211673,12721,3922,262563,HIGH
Dog,Small,5,Urban,215351,11251,3236,264313,HIGH
Dog,Medium,13,Urban,301341,12478,5168,366835,HIGH
Dog,Large,2,Urban,406963,10582,6610,487778,HIGH
Dog,Large,2,Urban,408629,8782,7735,488917,HIGH
Dog,Medium,1,Urban,301251,12186,4832,366009,HIGH
Dog,Medium,10,Urban,301577,13546,4313,367351,HIGH
Cat,Extra Large,7,Urban,499879,9752,8297,595617,HIGH
Dog,Large,6,Urban,410176,10645,7466,492530,HIGH
Dog,Medium,11,Urban,298097,13525,5344,364510,HIGH
Dog,Medium,11,Urban,300443,13732,4225,366160,HIGH
Dog,Large,13,Urban,408541,12768,7720,493383,HIGH
Cat,Large,12,Urban,407505,13412,7502,492681,HIGH
Dog,Large,1,Urban,407925,12150,7228,491398,HIGH
Dog,Medium,11,Urban,301881,13112,5526,368596,HIGH
Dog,Large,6,Urban,404554,8126,7758,483503,HIGH
Dog,Small,1,Urban,210347,13331,3547,261308,HIGH
Dog,Medium,6,Urban,303047,10582,5251,366712,HIGH
Dog,Large,3,Urban,406875,8834,7121,486254,HIGH
Dog,Extra Large,5,Semi-Urban,493284,7816,7409,584785,HIGH
Dog,Small,7,Semi-Urban,210919,7989,3326,255569,HIGH
Dog,Large,3,Urban,406001,9677,5353,484185,HIGH
Dog,Medium,8,Urban,303073,10743,5545,367265,HIGH
Dog,Medium,12,Urban,301554,12495,4321,366125,HIGH
Dog,Large,8,Urban,408733,8797,7134,488363,HIGH
Dog,Medium,4,Urban,299843,10782,5064,363042,HIGH
Dog,Extra Large,9,Urban,497313,12496,8802,596402,HIGH
Cat,Extra Large,6,Urban,497271,11620,8449,594941,HIGH
Dog,Medium,9,Urban,298736,12263,4788,363155,HIGH
Dog,Large,12,Urban,408608,13496,7108,493593,HIGH
Dog,Large,13,Urban,408816,12214,7192,492455,HIGH
Dog,Medium,2,Semi-Urban,303290,9034,4587,364447,HIGH
Dog,Small,6,Semi-Urban,212086,8706,2746,257068,HIGH
Cat,Medium,3,Urban,300107,9008,4965,361192,HIGH
Cat,Large,9,Semi-Urban,409635,10415,6883,490972,HIGH
Dog,Medium,3,Urban,300293,8957,5394,361840,HIGH
Dog,Medium,7,Semi-Urban,299769,7993,5060,359745,HIGH
Cat,Medium,6,Urban,300450,10752,5448,364147,HIGH
Dog,Large,4,Urban,406175,10169,6465,486230,HIGH
Dog,Extra Large,4,Semi-Urban,498339,6918,8473,590789,HIGH
Dog,Medium,4,Urban,303765,10251,4603,366411,HIGH
Dog,Medium,5,Urban,302146,10470,5499,365832,HIGH
Dog,Extra Large,5,Urban,499472,8750,8856,594639,HIGH
Dog,Large,1,Urban,409020,12996,6785,493121,HIGH
Dog,Extra Large,5,Urban,494249,11126,8089,590483,HIGH
Dog,Extra Large,10,Urban,499490,13276,7877,598739,HIGH
Cat,Large,6,Urban,406583,10160,7469,487843,HIGH
Dog,Large,2,Urban,407083,10716,7066,488594,HIGH
Dog,Medium,3,Semi-Urban,303930,7704,5274,364444,HIGH
Cat,Medium,7,Urban,304581,9204,4951,366546,HIGH
Dog,Medium,5,Urban,303225,10152,6453,367804,HIGH
Dog,Small,5,Semi-Urban,215598,8690,2098,260343,HIGH
Dog,Small,13,Urban,211377,13160,3974,262787,HIGH
Dog,Medium,3,Urban,296606,9406,5173,357862,HIGH
Dog,Medium,10,Urban,302369,12019,5633,368024,HIGH
Dog,Extra Large,7,Urban,497056,12014,8413,595105,HIGH
Dog,Medium,7,Semi-Urban,300245,8585,5549,361535,HIGH
Dog,Small,10,Urban,216627,10836,3483,265587,HIGH
Cat,Small,5,Semi-Urban,210464,8059,3288,255082,HIGH
Dog,Large,2,Urban,406374,9188,6541,485418,HIGH
Dog,Large,13,Urban,407357,13223,7565,492366,HIGH
Cat,Medium,9,Semi-Urban,303586,10339,5550,367396,HIGH
Cat,Medium,6,Urban,301542,10175,5489,364786,HIGH
Dog,Small,9,Urban,212166,13757,3937,264339,HIGH
Cat,Large,10,Urban,407840,13323,7246,492670,HIGH
Dog,Extra Large,12,Urban,495517,12984,8446,594489,HIGH
Dog,Medium,11,Urban,302945,12995,3743,367635,HIGH
Dog,Small,4,Urban,208752,9976,4282,256461,HIGH
Dog,Medium,10,Urban,301750,14249,4826,368948,HIGH
Dog,Medium,12,Urban,303459,13909,5190,370941,HIGH
Dog,Small,3,Urban,211870,11310,4364,261675,HIGH
Dog,Large,13,Semi-Urban,407270,11165,6044,488150,HIGH
Dog,Small,9,Urban,212807,11954,3250,262212,HIGH
Dog,Large,7,Urban,409619,10218,7479,491413,HIGH
Dog,Large,8,Urban,407683,9387,6852,487510,HIGH
Dog,Medium,11,Urban,301797,14307,4647,368863,HIGH
Dog,Large,8,Semi-Urban,410073,7248,7380,488406,HIGH
Cat,Medium,5,Urban,302434,9881,4631,364487,HIGH
Dog,Large,12,Semi-Urban,407522,9147,6837,487031,HIGH
Dog,Medium,10,Urban,299585,13602,4878,365774,HIGH
Dog,Extra Large,4,Urban,496571,10218,7702,591664,HIGH
Dog,Large,5,Urban,407960,10760,7618,490288,HIGH
Cat,Medium,3,Semi-Urban,303780,9240,6404,367337,HIGH
Cat,Large,7,Semi-Urban,404764,7680,7570,483016,HIGH
Dog,Medium,1,Urban,299275,11938,5255,363938,HIGH
Dog,Large,5,Urban,406380,9833,6120,485682,HIGH
Dog,Medium,4,Semi-Urban,301146,8442,5495,362345,HIGH
Dog,Large,13,Urban,412826,12676,5510,495663,HIGH
Cat,Extra Large,1,Urban,499277,13712,7761,598862,HIGH
Dog,Medium,4,Semi-Urban,302529,8322,5095,363337,HIGH
Dog,Large,9,Urban,409167,12879,6733,493095,HIGH
Dog,Medium,8,Urban,302511,9393,5924,365502,HIGH
Dog,Large,9,Semi-Urban,408275,9518,6981,488490,HIGH
Dog,Small,4,Urban,212386,9882,4587,260883,HIGH
Dog,Large,2,Semi-Urban,406852,8390,6578,485093,HIGH
Cat,Large,12,Urban,405734,12819,7625,490104,HIGH
Dog,Medium,11,Urban,299607,12961,5462,365734,HIGH
Dog,Large,11,Urban,405743,14128,6836,490713,HIGH
Dog,Extra Large,9,Urban,496514,10434,8308,592544,HIGH
Cat,Medium,11,Urban,302773,12911,4799,368555,HIGH
Dog,Small,10,Urban,211221,12677,3093,261039,HIGH
Dog,Large,4,Semi-Urban,408965,8955,6068,487586,HIGH
Cat,Small,9,Urban,214099,13001,3939,265694,HIGH
Cat,Small,8,Urban,213219,9446,3958,260616,HIGH
Dog,Medium,13,Urban,302224,12707,4688,367561,HIGH
Dog,Medium,9,Urban,304307,12992,4332,369875,HIGH
Dog,Medium,4,Semi-Urban,302231,8569,4836,362981,HIGH
Cat,Small,3,Semi-Urban,213307,8013,4534,259732,HIGH
Dog,Large,9,Urban,410054,11889,7758,494156,HIGH
Cat,Small,1,Semi-Urban,210202,11252,4234,259541,HIGH
Dog,Medium,6,Urban,303058,10442,4958,366226,HIGH
Cat,Large,8,Urban,408985,9355,7294,489479,HIGH
Dog,Small,13,Urban,213304,13453,4975,266491,HIGH
Dog,Medium,5,Urban,303258,10074,4148,365102,HIGH
Dog,Large,7,Urban,408923,9920,6863,489561,HIGH
Dog,Large,8,Urban,407468,11297,6370,488905,HIGH
Dog,Medium,10,Urban,305251,11967,5871,371552,HIGH
Dog,Large,8,Semi-Urban,407460,8315,7309,486546,HIGH
Dog,Small,13,Urban,215647,12140,2508,264839,HIGH
Cat,Medium,8,Semi-Urban,301835,8219,4863,362154,HIGH
Dog,Large,8,Urban,411768,10525,6841,493504,HIGH
Dog,Large,6,Urban,408440,10193,7533,490090,HIGH
Dog,Medium,12,Urban,301398,12754,5072,367107,HIGH
Dog,Large,7,Urban,408370,10344,7980,490698,HIGH
Cat,Large,8,Urban,405606,10380,6679,486064,HIGH
Dog,Large,2,Urban,407160,10288,6510,487551,HIGH
Cat,Large,8,Urban,407071,10070,7800,488682,HIGH
Cat,Large,10,Urban,411016,12701,5422,493509,HIGH
Dog,Medium,8,Urban,296468,11148,4649,359104,HIGH
Dog,Medium,7,Semi-Urban,299777,7678,4538,358791,HIGH
Dog,Medium,10,Semi-Urban,299379,10907,5088,362680,HIGH
Cat,Medium,10,Semi-Urban,302709,11488,5201,367307,HIGH
Dog,Medium,13,Urban,303431,13004,4817,369439,HIGH
Dog,Large,5,Urban,409571,9655,7353,490565,HIGH
Dog,Large,1,Urban,409104,12140,6940,492411,HIGH
Dog,Medium,6,Urban,299632,10337,4542,361687,HIGH
Dog,Medium,11,Urban,304301,13422,5027,371162,HIGH
Dog,Large,11,Urban,406310,11571,6022,487488,HIGH
Dog,Small,8,Semi-Urban,214100,9616,2869,260572,HIGH
Dog,Small,1,Urban,217011,13400,3713,269242,HIGH
Dog,Extra Large,6,Urban,493688,9418,8393,588223,HIGH
Dog,Medium,2,Semi-Urban,302410,8316,5157,363265,HIGH
Cat,Medium,10,Semi-Urban,301808,12325,5024,367030,HIGH
Dog,Large,7,Urban,408161,10943,6972,489987,HIGH
Dog,Medium,5,Urban,300749,9601,4602,362194,HIGH
Dog,Medium,3,Semi-Urban,297082,7835,4593,355936,HIGH
Dog,Medium,5,Urban,300804,10694,4604,363517,HIGH
Dog,Medium,8,Urban,302835,10067,5072,365670,HIGH
Dog,Medium,2,Urban,305146,10732,5413,369484,HIGH
Cat,Medium,13,Urban,301902,12454,4603,366802,HIGH
Dog,Extra Large,8,Urban,495090,9623,7968,589583,HIGH
Cat,Medium,10,Urban,298056,13004,5697,364270,HIGH
Cat,Large,11,Urban,404345,13047,6380,487337,HIGH
Dog,Large,6,Semi-Urban,406886,8432,7599,486354,HIGH
Cat,Extra Large,5,Urban,495897,9262,8193,590354,HIGH
Dog,Extra Large,9,Urban,497957,12841,7884,596484,HIGH
Dog,Large,5,Urban,406857,11382,6424,488362,HIGH
Cat,Medium,7,Urban,306209,9790,4393,368450,HIGH
Dog,Large,1,Semi-Urban,412007,8266,6585,490886,HIGH
Dog,Medium,9,Semi-Urban,303560,10224,4890,366475,HIGH
Cat,Medium,5,Semi-Urban,302567,8083,4869,362846,HIGH
Dog,Medium,5,Urban,299177,10451,5284,362148,HIGH
Dog,Medium,10,Urban,300452,13630,5476,367491,HIGH
Dog,Extra Large,7,Urban,497513,10453,8200,593590,HIGH
Dog,Extra Large,7,Urban,496955,11407,8474,594361,HIGH
Dog,Large,7,Urban,411634,9395,6398,491541,HIGH
Dog,Small,13,Semi-Urban,213123,10327,3251,260706,HIGH
Dog,Small,1,Semi-Urban,217374,11063,2678,265782,HIGH
Dog,Medium,5,Urban,300977,9708,5410,363509,HIGH
Dog,Medium,7,Semi-Urban,302772,8162,5509,363909,HIGH
Dog,Extra Large,12,Semi-Urban,497947,10080,8367,593853,HIGH
Dog,Extra Large,6,Urban,498635,9918,9029,595219,HIGH
Cat,Small,4,Semi-Urban,214761,8332,3338,260395,HIGH
Dog,Extra Large,10,Urban,500191,12822,8735,600010,HIGH
Dog,Medium,6,Semi-Urban,304952,6509,4541,363402,HIGH
Dog,Medium,8,Urban,303979,11774,5888,369887,HIGH
Dog,Medium,6,Urban,304668,8847,5462,366823,HIGH
Cat,Small,13,Urban,211631,13017,3482,262349,HIGH
Dog,Large,4,Urban,407367,10123,6551,487647,HIGH
Dog,Medium,7,Urban,298688,10637,4341,360715,HIGH
Dog,Large,6,Semi-Urban,404851,7134,6540,481303,HIGH
Cat,Medium,7,Urban,299956,10817,4676,362766,HIGH
Dog,Large,12,Urban,407474,12831,7509,491986,HIGH
Dog,Medium,11,Urban,298609,12919,5437,364509,HIGH
Cat,Medium,10,Urban,301400,12404,5339,367014,HIGH
Dog,Small,1,Urban,211487,12298,4105,262073,HIGH
Dog,Medium,5,Urban,300526,9179,5220,362163,HIGH
Dog,Small,9,Urban,212404,12620,4135,263532,HIGH
Dog,Small,13,Urban,211342,12369,3402,261179,HIGH
Cat,Large,12,Urban,406843,13479,7048,491475,HIGH
Dog,Medium,1,Urban,298472,12958,5920,364952,HIGH
Cat,Large,9,Urban,404376,12610,6902,487471,HIGH
Cat,Medium,12,Semi-Urban,304411,9754,5081,367132,HIGH
Cat,Small,7,Urban,215692,10612,3549,264330,HIGH
Dog,Large,13,Urban,407501,12925,7173,491738,HIGH
Dog,Large,10,Semi-Urban,411317,10182,6636,492355,HIGH
Dog,Small,5,Urban,212004,10319,2872,258974,HIGH
Cat,Extra Large,12,Semi-Urban,494741,10885,8194,590893,HIGH
Dog,Medium,2,Urban,299637,10622,4496,361968,HIGH
Dog,Small,3,Urban,212951,8077,4341,259174,HIGH
Dog,Large,6,Urban,411870,9906,5922,491852,HIGH
Dog,Large,8,Urban,408703,11740,6823,491355,HIGH
Dog,Extra Large,5,Semi-Urban,500996,7424,8980,595010,HIGH
Dog,Large,11,Urban,409606,12813,5794,492444,HIGH
Dog,Medium,7,Urban,303520,8862,4485,364397,HIGH
Cat,Medium,9,Urban,303413,13143,5355,370197,HIGH
Cat,Extra Large,1,Semi-Urban,497929,11083,7717,594238,HIGH
Dog,Large,6,Urban,410481,10463,7136,492292,HIGH
Dog,Large,8,Urban,408754,10617,6328,489553,HIGH
Dog,Medium,3,Urban,301876,10313,5436,365268,HIGH
Dog,Large,9,Semi-Urban,408355,11737,7610,491857,HIGH
Dog,Medium,7,Urban,306034,11232,5251,370894,HIGH
Cat,Large,2,Semi-Urban,409491,6767,7315,487108,HIGH
Dog,Medium,4,Urban,299584,11099,4800,362805,HIGH
Dog,Small,12,Urban,211842,12555,3781,262404,HIGH
Dog,Medium,13,Semi-Urban,300146,9911,5459,362843,HIGH
Cat,Small,12,Urban,211101,13368,4235,263009,HIGH
Cat,Medium,4,Semi-Urban,302097,8711,4945,363115,HIGH
Cat,Medium,3,Urban,300003,9140,5342,361657,HIGH
Dog,Small,9,Urban,213912,12461,3089,263881,HIGH
Cat,Medium,3,Semi-Urban,300028,8291,4450,359684,HIGH
Dog,Medium,8,Urban,304382,9736,5343,367380,HIGH
Dog,Medium,13,Urban,297437,12944,5261,362988,HIGH
Cat,Large,1,Urban,408479,11689,7063,491315,HIGH
Cat,Medium,1,Semi-Urban,300615,10418,5058,363504,HIGH
Dog,Medium,2,Urban,304194,10088,5074,367259,HIGH
Dog,Large,11,Urban,408022,14322,6880,493607,HIGH
Dog,Medium,12,Urban,301284,12968,5184,367351,HIGH
Cat,Large,2,Urban,407204,9816,6744,487328,HIGH
Cat,Medium,6,Semi-Urban,305438,7913,5343,366498,HIGH
Cat,Small,4,Urban,216299,9180,2880,262612,HIGH
Dog,Large,9,Urban,409327,11619,6576,491650,HIGH
Dog,Medium,5,Urban,301599,8879,4340,362040,HIGH
Cat,Large,6,Urban,411420,9785,6855,492269,HIGH
Dog,Large,6,Semi-Urban,409310,7961,5904,486651,HIGH
Cat,Small,2,Urban,211900,9468,3631,258748,HIGH
Dog,Medium,2,Urban,303978,9259,5809,366902,HIGH
Dog,Medium,5,Urban,303619,10152,4375,365867,HIGH
Cat,Small,10,Semi-Urban,210086,9463,4102,257198,HIGH
Dog,Extra Large,9,Urban,496408,14390,8700,597422,HIGH
Dog,Medium,8,Urban,300283,10563,4489,362635,HIGH
Dog,Medium,7,Urban,304469,10474,5667,368701,HIGH
Dog,Large,9,Urban,411279,12968,6932,495855,HIGH
Dog,Large,1,Semi-Urban,405423,10129,7006,485941,HIGH
Cat,Small,8,Urban,212738,9648,4574,261004,HIGH
Dog,Medium,6,Semi-Urban,301398,6451,4881,359639,HIGH
Cat,Small,6,Urban,213432,9620,3715,260782,HIGH
Cat,Small,7,Urban,214961,9738,3646,262596,HIGH
Cat,Small,4,Semi-Urban,211578,7528,3269,255731,HIGH
Dog,Small,9,Urban,212832,14424,3899,265828,HIGH
Dog,Large,8,Semi-Urban,406516,7960,7624,485415,HIGH
Dog,Small,2,Urban,213032,11303,3908,262479,HIGH
Dog,Medium,1,Urban,300696,13266,4970,366771,HIGH
Cat,Medium,12,Semi-Urban,300241,10167,4671,362340,HIGH
Dog,Extra Large,7,Urban,495922,9906,8543,591526,HIGH
Cat,Medium,1,Urban,299692,13726,4833,365988,HIGH
Cat,Large,11,Urban,406748,11912,7153,489684,HIGH
Dog,Large,2,Semi-Urban,406202,8233,6980,484627,HIGH
Dog,Large,9,Urban,406870,12204,7238,490258,HIGH
Cat,Small,10,Semi-Urban,208589,10028,4132,256161,HIGH
Dog,Large,2,Urban,404875,10479,7465,486241,HIGH
Dog,Extra Large,5,Urban,500042,8993,8462,595121,HIGH
Cat,Extra Large,1,Semi-Urban,498256,10669,7963,594421,HIGH
Dog,Large,10,Semi-Urban,409724,11391,7151,492505,HIGH
Dog,Medium,5,Urban,303274,9727,4029,364584,HIGH
Dog,Large,6,Semi-Urban,406566,8008,7433,485308,HIGH
Dog,Small,12,Semi-Urban,216940,10099,2954,264491,HIGH
Dog,Large,3,Urban,409912,9403,6219,489364,HIGH
Dog,Medium,2,Urban,304930,10474,5088,368565,HIGH
Cat,Large,9,Urban,407956,14536,6998,493913,HIGH
Dog,Large,1,Urban,410771,12662,6894,494876,HIGH
Cat,Medium,1,Semi-Urban,303272,10103,6099,367395,HIGH
Dog,Medium,6,Urban,300651,10844,5432,364466,HIGH
Dog,Medium,4,Urban,300635,10163,4722,362848,HIGH
Dog,Medium,6,Urban,298909,9647,5455,361112,HIGH
Dog,Large,4,Semi-Urban,404744,7147,6927,481640,HIGH
Cat,Medium,4,Urban,304884,9692,4481,366915,HIGH
Dog,Small,11,Semi-Urban,213909,9767,3452,261197,HIGH
Dog,Medium,8,Urban,300222,9799,5029,362307,HIGH
Dog,Medium,2,Urban,302545,11191,5523,367147,HIGH
Dog,Medium,3,Semi-Urban,304362,7481,5655,365122,HIGH
Dog,Small,3,Semi-Urban,214267,7086,2779,257751,HIGH
Cat,Large,6,Urban,410794,9204,6537,490515,HIGH
Dog,Small,3,Semi-Urban,213721,8717,3174,259453,HIGH
Dog,Medium,2,Urban,300196,9563,5313,362332,HIGH
Dog,Large,3,Urban,409058,10664,6624,490297,HIGH
Dog,Large,1,Semi-Urban,406279,10973,8017,489059,HIGH
Dog,Medium,13,Urban,303977,13235,5001,370544,HIGH
Cat,Small,6,Urban,209698,8993,3657,255700,HIGH
Cat,Extra Large,9,Urban,499406,11947,8099,597369,HIGH
Dog,Large,7,Semi-Urban,407907,10092,6847,488572,HIGH
Dog,Medium,7,Urban,302039,9957,6027,365726,HIGH
Dog,Extra Large,4,Urban,500890,10840,7789,597446,HIGH
Dog,Medium,5,Urban,301452,9840,4777,363479,HIGH
Dog,Medium,9,Semi-Urban,300309,9639,5149,362361,HIGH
Cat,Small,6,Urban,209563,8502,3028,254256,HIGH
Dog,Medium,3,Semi-Urban,302321,8388,4783,362815,HIGH
Cat,Large,4,Urban,410746,9778,6873,491506,HIGH
Dog,Medium,5,Urban,303163,10857,5326,367247,HIGH
Dog,Large,11,Semi-Urban,408119,9865,7625,489450,HIGH
Dog,Medium,7,Semi-Urban,302160,9173,4600,363322,HIGH
Dog,Medium,1,Semi-Urban,298823,11304,5322,362766,HIGH
Cat,Medium,11,Urban,301654,13368,5162,368211,HIGH
Dog,Small,9,Urban,212882,13164,4304,264902,HIGH
Dog,Large,4,Semi-Urban,407726,7583,6242,484783,HIGH
Dog,Large,5,Urban,409687,9432,6973,490005,HIGH
Dog,Small,3,Semi-Urban,212399,7328,2544,255611,HIGH
Dog,Small,2,Semi-Urban,212914,8183,3524,258314,HIGH
Dog,Small,10,Semi-Urban,214994,10270,3203,262737,HIGH
Dog,Extra Large,2,Urban,498081,9976,8708,594279,HIGH
Dog,Extra Large,4,Urban,496523,9949,8125,591786,HIGH
Cat,Extra Large,9,Urban,497282,12870,8719,596701,HIGH
Cat,Extra Large,12,Urban,500422,13555,7850,600101,HIGH
Cat,Medium,4,Urban,300005,10435,4614,362312,HIGH
Dog,Medium,9,Semi-Urban,300539,9385,5476,362710,HIGH
Dog,Small,8,Urban,211794,9281,3176,257888,HIGH
Cat,Medium,6,Urban,305230,8996,4917,367014,HIGH
Cat,Medium,2,Urban,304383,9718,4155,365994,HIGH
Dog,Medium,3,Semi-Urban,304934,7655,4669,364846,HIGH
Dog,Small,7,Semi-Urban,212529,7360,4189,257689,HIGH
Dog,Large,3,Urban,405539,10843,5747,485448,HIGH
Dog,Medium,7,Urban,298507,9582,5132,360204,HIGH
Dog,Medium,2,Urban,301911,9432,4992,363785,HIGH
Dog,Extra Large,11,Urban,498009,13181,8418,597549,HIGH
Dog,Extra Large,13,Urban,498630,12877,9023,598609,HIGH
Dog,Extra Large,5,Urban,495540,9308,8827,590726,HIGH
Dog,Small,4,Urban,214297,11621,4158,264587,HIGH
Cat,Large,2,Urban,407750,9211,6805,487330,HIGH
Dog,Medium,2,Urban,303736,10217,4792,366556,HIGH
Dog,Large,13,Urban,407895,12192,7061,491220,HIGH
Dog,Medium,11,Urban,300723,13545,4930,367077,HIGH
Dog,Medium,11,Urban,305828,11500,5157,370857,HIGH
Dog,Large,9,Urban,407624,14239,7368,493615,HIGH
Dog,Extra Large,12,Semi-Urban,495870,10959,8377,592486,HIGH
Dog,Medium,12,Urban,300363,13328,5675,367270,HIGH
Cat,Large,8,Urban,406025,9117,6464,484846,HIGH
Dog,Extra Large,2,Urban,495446,8858,8644,589890,HIGH
Dog,Large,12,Urban,408656,13266,6420,492593,HIGH
Cat,Large,6,Semi-Urban,406857,7685,6506,484205,HIGH
Dog,Large,4,Urban,409696,9976,7246,490955,HIGH
Dog,Medium,8,Semi-Urban,302424,7725,4143,361435,HIGH
Dog,Extra Large,1,Semi-Urban,496927,10406,9672,594555,HIGH
Dog,Medium,9,Urban,301871,14002,5764,369882,HIGH
Dog,Small,11,Semi-Urban,208281,10494,3444,255551,HIGH
Cat,Medium,10,Urban,303572,12402,4872,368972,HIGH
Dog,Medium,5,Semi-Urban,300949,8530,4514,361091,HIGH
Dog,Large,7,Urban,409705,10846,7272,491996,HIGH
Cat,Large,9,Semi-Urban,406967,11375,6112,488122,HIGH
Cat,Extra Large,7,Urban,499268,10735,7813,595488,HIGH
Cat,Medium,6,Semi-Urban,304746,7316,4643,364210,HIGH
Dog,Small,7,Semi-Urban,212574,7736,2988,256792,HIGH
Dog,Large,12,Urban,411223,12561,8003,496555,HIGH
Cat,Large,3,Semi-Urban,407086,6068,7120,483315,HIGH
Cat,Large,10,Semi-Urban,405272,10794,6879,486386,HIGH
Dog,Small,11,Urban,212175,13623,3169,263312,HIGH
Dog,Medium,7,Urban,302272,8933,4639,363220,HIGH
Dog,Extra Large,4,Urban,499117,10592,8691,596160,HIGH
Cat,Extra Large,9,Urban,497123,12854,8676,596450,HIGH
Cat,Large,11,Semi-Urban,408242,10855,7453,490532,HIGH
Dog,Medium,9,Semi-Urban,299528,9453,5248,361363,HIGH
Dog,Large,7,Urban,409594,11061,6790,491561,HIGH
Cat,Medium,13,Urban,304095,12434,5154,369935,HIGH
Dog,Medium,2,Semi-Urban,299193,7987,5494,359575,HIGH
Cat,Large,8,Semi-Urban,407804,6469,7403,484927,HIGH
Dog,Medium,9,Urban,303079,12732,4959,368885,HIGH
Dog,Large,9,Urban,405894,12916,6629,489254,HIGH
Dog,Medium,1,Urban,301154,12986,4462,366392,HIGH
Dog,Medium,8,Urban,301001,10496,5391,364421,HIGH
Dog,Small,1,Urban,212976,13138,3219,263732,HIGH
Dog,Small,13,Urban,213168,12906,4168,264778,HIGH
Cat,Medium,7,Urban,302982,8851,6193,365729,HIGH
Dog,Medium,12,Urban,300102,13632,5332,366925,HIGH
Dog,Medium,11,Urban,303123,12458,4415,367995,HIGH
Dog,Medium,5,Semi-Urban,305554,7418,5037,365710,HIGH
Dog,Small,9,Urban,210067,12667,2882,259458,HIGH
Dog,Medium,13,Urban,300472,13953,4589,366866,HIGH
Dog,Extra Large,2,Semi-Urban,498222,7739,8032,591091,HIGH
Cat,Medium,13,Semi-Urban,301938,11077,5396,366172,HIGH
Cat,Extra Large,4,Urban,491631,9789,7941,585765,HIGH
Cat,Small,12,Semi-Urban,217411,10051,3688,265822,HIGH
Dog,Medium,3,Semi-Urban,301235,8324,3972,360560,HIGH
Dog,Large,2,Urban,403724,10744,7114,484819,HIGH
Cat,Medium,9,Urban,305006,12592,4757,370708,HIGH
Dog,Medium,9,Urban,302408,12885,4830,368141,HIGH
Cat,Large,1,Urban,405309,13723,6546,489414,HIGH
Dog,Medium,5,Urban,299718,10350,5482,362882,HIGH
Dog,Medium,6,Urban,300169,11171,5191,364010,HIGH
Dog,Extra Large,5,Urban,499012,10386,8460,595536,HIGH
Dog,Small,11,Semi-Urban,213932,9437,3294,260662,HIGH
Dog,Small,12,Urban,208322,13168,3337,258551,HIGH
Dog,Medium,12,Urban,301753,10976,5150,365560,HIGH
Dog,Large,6,Urban,409587,10443,7870,492085,HIGH
Dog,Large,4,Semi-Urban,408310,7881,5812,485303,HIGH
Dog,Large,1,Urban,409458,13563,6528,493981,HIGH
Cat,Small,4,Urban,214974,10452,3879,263700,HIGH
Dog,Medium,5,Semi-Urban,299081,6437,4453,356466,HIGH
Dog,Extra Large,1,Urban,494419,12107,8516,592298,HIGH
Cat,Medium,7,Semi-Urban,301155,8834,5817,363176,HIGH
Dog,Medium,6,Urban,300439,10099,5183,363079,HIGH
Dog,Large,8,Semi-Urban,407302,8323,6340,485259,HIGH
Dog,Large,10,Urban,407023,12379,6695,490011,HIGH
Cat,Small,8,Urban,215177,8487,2938,260592,HIGH
Dog,Medium,6,Urban,301464,9586,4739,363157,HIGH
Dog,Extra Large,8,Urban,500244,11342,8090,597627,HIGH
Dog,Large,11,Urban,406485,12097,8036,490610,HIGH
Dog,Extra Large,9,Urban,497827,12759,8011,596386,HIGH
Cat,Large,6,Urban,410793,9729,6741,491352,HIGH
Dog,Large,11,Urban,407483,13400,7385,492508,HIGH
Dog,Extra Large,8,Urban,497048,8669,8770,591660,HIGH
Cat,Small,11,Urban,210356,12588,4356,261395,HIGH
Dog,Medium,3,Urban,301729,11692,4804,365958,HIGH
Dog,Large,2,Semi-Urban,405864,7810,6760,483499,HIGH
Dog,Small,2,Urban,213127,8207,3074,258069,HIGH
Cat,Medium,7,Semi-Urban,298405,7674,5279,358061,HIGH
Cat,Small,8,Urban,211455,10306,3122,258615,HIGH
Dog,Small,1,Semi-Urban,210246,9814,3786,257422,HIGH
Dog,Large,11,Semi-Urban,406011,12005,6942,488701,HIGH
Cat,Large,6,Semi-Urban,406346,7985,6866,484376,HIGH
Dog,Small,7,Urban,214386,11706,3061,263525,HIGH
Dog,Extra Large,8,Semi-Urban,498039,8832,9145,593418,HIGH
Dog,Large,10,Urban,411900,13811,6281,496790,HIGH
Dog,Extra Large,3,Urban,497398,8899,9017,592611,HIGH
Dog,Small,13,Urban,212223,11689,3764,261827,HIGH
Cat,Extra Large,5,Urban,497238,8613,8541,591550,HIGH
Cat,Medium,6,Urban,302163,10163,4953,364870,HIGH
Cat,Extra Large,11,Urban,498064,12795,8119,596824,HIGH
Dog,Medium,2,Urban,303427,10058,5172,366455,HIGH
Dog,Extra Large,2,Urban,497616,9999,8496,593527,HIGH
Dog,Small,13,Urban,212186,13229,3581,263345,HIGH
Dog,Medium,8,Urban,302644,10051,5006,365356,HIGH
Dog,Large,3,Urban,410656,10098,7096,492027,HIGH
Cat,Medium,5,Urban,300567,12081,5010,365306,HIGH
Cat,Small,10,Semi-Urban,215327,9218,2979,261652,HIGH
Cat,Medium,4,Urban,301181,10022,5193,363855,HIGH
Dog,Extra Large,9,Urban,496530,12690,8299,595146,HIGH
Dog,Small,9,Urban,214454,12308,3670,264996,HIGH
Dog,Large,12,Semi-Urban,408116,9520,7590,489009,HIGH
Dog,Large,8,Semi-Urban,407333,8702,6704,486149,HIGH
Dog,Extra Large,12,Urban,494895,13336,8159,593848,HIGH
Dog,Large,4,Urban,406712,10195,6589,487020,HIGH
Dog,Large,1,Urban,412225,12455,7336,496818,HIGH
Dog,Small,3,Urban,214160,10947,3346,262720,HIGH
Dog,Extra Large,5,Urban,497603,8960,8127,591893,HIGH
Dog,Large,4,Semi-Urban,411324,8440,5993,489620,HIGH
Dog,Large,5,Urban,404684,10607,6839,485449,HIGH
Dog,Medium,6,Urban,301581,10717,4955,364840,HIGH
Dog,Medium,7,Urban,299833,10281,4285,361558,HIGH
Dog,Medium,5,Urban,301237,9601,5174,363413,HIGH
Dog,Small,3,Urban,215232,11201,3630,264572,HIGH
Dog,Medium,11,Semi-Urban,305042,10706,5309,369215,HIGH
Dog,Extra Large,12,Urban,497791,12409,8809,596860,HIGH
Dog,Medium,5,Urban,299433,9796,4126,360358,HIGH
Dog,Large,7,Semi-Urban,412417,7720,6357,490468,HIGH
Dog,Small,5,Semi-Urban,212244,8727,3020,257589,HIGH
Dog,Large,13,Urban,408242,12018,5987,490184,HIGH
Dog,Large,12,Semi-Urban,407706,9283,7109,487712,HIGH
Cat,Large,7,Urban,405958,10879,7581,488080,HIGH
Dog,Large,8,Semi-Urban,405681,7695,6827,483233,HIGH
Dog,Large,6,Urban,409443,10256,6392,490004,HIGH
Dog,Medium,5,Urban,303107,8397,5269,364288,HIGH
Dog,Medium,11,Semi-Urban,299129,9841,5373,361494,HIGH
Dog,Large,6,Semi-Urban,405636,9526,7544,486111,HIGH
Cat,Large,4,Semi-Urban,408406,8413,6636,486973,HIGH
Cat,Large,12,Urban,410450,14918,6973,497192,HIGH
Dog,Small,8,Semi-Urban,213697,8473,3408,259414,HIGH
Dog,Large,2,Urban,410511,11159,6916,492873,HIGH
Dog,Small,2,Semi-Urban,204098,8760,3749,249098,HIGH
Dog,Small,3,Semi-Urban,211334,8245,3112,256094,HIGH
Dog,Large,1,Semi-Urban,408506,9735,7705,489837,HIGH
Dog,Medium,4,Urban,302164,10026,5189,364985,HIGH
Dog,Medium,11,Semi-Urban,299232,9225,4663,360088,HIGH
Dog,Large,12,Urban,409142,13596,6432,493545,HIGH
Cat,Medium,8,Urban,300536,9742,5832,363526,HIGH
Dog,Medium,2,Semi-Urban,300089,7824,5231,360115,HIGH
Cat,Large,1,Urban,411151,13622,6879,496399,HIGH
Dog,Medium,2,Urban,301223,9152,5626,363401,HIGH
Dog,Large,11,Urban,410501,13234,6765,495075,HIGH
Dog,Small,8,Urban,213773,10287,3600,261809,HIGH
Cat,Extra Large,3,Semi-Urban,497527,8650,7582,590822,HIGH
Dog,Small,2,Urban,213576,8790,3101,259287,HIGH
Dog,Small,1,Urban,214334,13497,3637,266188,HIGH
Dog,Large,9,Urban,408079,12312,6499,490923,HIGH
Dog,Large,13,Semi-Urban,405473,10583,8229,487927,HIGH
Dog,Large,8,Semi-Urban,405624,6862,7126,482553,HIGH
Dog,Medium,12,Urban,303187,12756,5199,369313,HIGH
Dog,Large,2,Urban,407310,10080,8061,489268,HIGH
Dog,Large,8,Urban,405110,10473,6811,485753,HIGH
Dog,Medium,4,Semi-Urban,307307,8544,4987,368963,HIGH
Dog,Medium,7,Urban,300397,10631,5206,363669,HIGH
Dog,Large,4,Semi-Urban,409028,7197,6356,485968,HIGH
Dog,Large,13,Urban,412869,13022,6423,497161,HIGH
Dog,Medium,11,Urban,302098,12791,4378,367157,HIGH
Dog,Medium,1,Semi-Urban,302008,9849,4921,364294,HIGH
Cat,Large,9,Semi-Urban,409709,10419,6388,490493,HIGH
Dog,Medium,8,Urban,302549,11121,5146,366638,HIGH
Dog,Medium,6,Semi-Urban,304509,7757,5379,365291,HIGH
Dog,Medium,11,Urban,301110,12019,5774,366738,HIGH
Dog,Medium,8,Urban,299502,8169,4739,359271,HIGH
Dog,Small,9,Semi-Urban,214653,10803,4168,264067,HIGH
Dog,Extra Large,13,Urban,501395,13061,8911,601872,HIGH
Dog,Small,9,Urban,211424,12961,3488,262053,HIGH
Dog,Medium,12,Urban,304986,13371,5035,371900,HIGH
Dog,Large,7,Urban,405479,9752,6052,484475,HIGH
Cat,Large,10,Urban,411257,11970,7237,495033,HIGH
Dog,Extra Large,1,Semi-Urban,499470,10077,9015,596346,HIGH
Dog,Medium,5,Urban,299733,10094,4562,361547,HIGH
Dog,Large,4,Semi-Urban,407253,8808,6986,486504,HIGH
Cat,Large,1,Urban,406784,12303,6920,489908,HIGH
Dog,Large,12,Semi-Urban,404904,11159,6238,485646,HIGH
Dog,Small,10,Semi-Urban,213151,11917,3407,262746,HIGH
Dog,Large,5,Urban,404533,8695,6970,483227,HIGH
Cat,Small,13,Semi-Urban,214157,10207,4192,262839,HIGH
Cat,Medium,4,Semi-Urban,304659,8458,5693,366631,HIGH
Dog,Medium,6,Urban,299316,10735,4881,362171,HIGH
Cat,Large,1,Semi-Urban,409318,10935,7090,491444,HIGH
Dog,Medium,3,Semi-Urban,301493,8370,5112,362221,HIGH
Cat,Small,10,Urban,212550,12980,3818,263750,HIGH
Dog,Large,8,Urban,407184,10406,7365,488698,HIGH
Cat,Large,5,Urban,407162,11965,6664,489659,HIGH
Cat,Small,2,Urban,213308,9453,3539,260245,HIGH
Dog,Medium,11,Semi-Urban,300404,8682,5860,362187,HIGH
Dog,Large,12,Urban,409657,13796,6679,494651,HIGH
Dog,Extra Large,5,Urban,497733,10776,9431,595631,HIGH
Dog,Small,3,Urban,209138,9600,4521,256747,HIGH
Dog,Large,8,Urban,409265,9633,7383,490223,HIGH
Dog,Extra Large,12,Urban,497517,12508,8268,596036,HIGH
Dog,Large,3,Semi-Urban,409322,8669,6463,488122,HIGH
Dog,Medium,7,Urban,301949,10579,4552,364642,HIGH
Dog,Medium,3,Urban,304193,10592,5745,368609,HIGH
Cat,Small,3,Urban,213139,10165,3676,261027,HIGH
Dog,Extra Large,5,Urban,495568,9900,9126,591783,HIGH
Dog,Medium,1,Urban,303941,13001,4411,369555,HIGH
Cat,Medium,1,Urban,301961,13139,5214,368361,HIGH
Cat,Medium,9,Urban,304243,12582,5424,370586,HIGH
Dog,Extra Large,2,Urban,496631,9418,8335,591541,HIGH
Dog,Medium,5,Urban,304673,10285,5135,368106,HIGH
Cat,Medium,12,Urban,301627,14090,4794,368587,HIGH
Dog,Medium,4,Urban,304051,10280,5082,367324,HIGH
Cat,Medium,10,Semi-Urban,300107,9937,5140,362461,HIGH
Cat,Small,9,Urban,216093,14548,2814,268473,HIGH
Dog,Medium,11,Semi-Urban,300451,10814,5688,364495,HIGH
Dog,Large,1,Semi-Urban,407358,11526,6688,489407,HIGH
Dog,Large,12,Urban,409340,13152,6710,493582,HIGH
Dog,Medium,8,Urban,296309,10133,5336,358544,HIGH
Dog,Small,8,Urban,212569,10626,3863,261116,HIGH
Dog,Small,9,Urban,214280,12684,3125,264602,HIGH
Dog,Large,9,Urban,409153,14198,6810,494685,HIGH
Cat,Large,11,Urban,410213,11346,7590,493521,HIGH
Dog,Extra Large,3,Urban,500784,8295,8453,595161,HIGH
Dog,Medium,13,Urban,299106,13309,5612,365731,HIGH
Cat,Large,9,Urban,408339,12211,6848,491507,HIGH
Cat,Medium,6,Semi-Urban,301543,7289,4107,359879,HIGH
Dog,Large,12,Urban,406008,13411,6514,489822,HIGH
Dog,Extra Large,9,Urban,494839,13749,8448,594591,HIGH
Dog,Small,5,Urban,213878,11224,4063,263539,HIGH
Dog,Medium,7,Urban,302073,10027,4192,363735,HIGH
Dog,Extra Large,4,Urban,497545,10107,8603,593693,HIGH
Dog,Medium,9,Semi-Urban,302305,9742,5789,365511,HIGH
Dog,Medium,9,Urban,301023,12827,4723,366358,HIGH
Dog,Medium,7,Semi-Urban,302607,7302,5164,362333,HIGH
Dog,Large,12,Semi-Urban,406614,9699,6677,486438,HIGH
Dog,Large,7,Semi-Urban,408234,8073,6490,486216,HIGH
Dog,Small,4,Urban,212626,12549,2650,261998,HIGH
Dog,Large,3,Semi-Urban,404664,9236,6536,483501,HIGH
Dog,Large,12,Urban,407075,12849,6771,490699,HIGH
Dog,Medium,6,Urban,299479,10728,4796,362253,HIGH
Cat,Large,3,Urban,406587,10247,7041,487456,HIGH
Dog,Extra Large,7,Semi-Urban,496819,7797,8681,590291,HIGH
Cat,Medium,11,Semi-Urban,300072,10179,5655,363291,HIGH
Dog,Small,13,Semi-Urban,213753,12236,3247,263621,HIGH
Dog,Small,4,Semi-Urban,212654,8522,4022,258977,HIGH
Dog,Small,1,Urban,215360,12576,2967,265538,HIGH
Dog,Extra Large,1,Urban,498745,12152,8739,597581,HIGH
Dog,Small,7,Urban,215765,10720,4064,265131,HIGH
Cat,Medium,13,Urban,303582,13174,5867,371016,HIGH
Dog,Small,6,Semi-Urban,212220,7339,3267,256249,HIGH
Dog,Large,1,Urban,405666,11919,7474,488817,HIGH
Cat,Medium,12,Semi-Urban,302704,10085,5652,366207,HIGH
Cat,Extra Large,12,Urban,495279,13901,8580,595424,HIGH
Dog,Large,1,Urban,407513,13430,7043,492183,HIGH
Cat,Medium,7,Urban,303751,12120,4692,368647,HIGH
Dog,Large,10,Semi-Urban,405621,10077,6742,485806,HIGH
Dog,Medium,2,Semi-Urban,301224,7990,4673,360970,HIGH
Dog,Small,10,Urban,212957,12436,3719,263478,HIGH
Cat,Small,11,Urban,216097,14238,3917,269389,HIGH
Cat,Large,6,Urban,408286,9018,7213,488194,HIGH
Dog,Large,3,Urban,404699,8635,7342,483777,HIGH
Dog,Large,8,Semi-Urban,406355,8546,7953,486282,HIGH
Dog,Large,8,Urban,405347,9195,5867,483470,HIGH
Dog,Large,10,Semi-Urban,410232,10768,7225,492458,HIGH
Dog,Extra Large,9,Urban,499591,13076,8018,598787,HIGH
Dog,Small,13,Urban,209462,12985,3344,259659,HIGH
Cat,Medium,9,Semi-Urban,301300,11111,4767,364754,HIGH
Cat,Small,3,Urban,209591,8601,4209,255761,HIGH
Dog,Medium,1,Urban,306555,13784,4024,373017,HIGH
Dog,Medium,7,Urban,304295,11625,4720,368736,HIGH
Dog,Medium,3,Urban,303995,10705,6214,369051,HIGH
Dog,Large,4,Urban,408310,11374,6373,489965,HIGH
Dog,Small,11,Urban,213971,14091,3370,266146,HIGH
Dog,Medium,13,Urban,300241,12487,5536,366003,HIGH
Dog,Large,11,Urban,409439,11879,6575,492076,HIGH
Dog,Medium,8,Urban,304300,10038,6011,368401,HIGH
Dog,Medium,5,Urban,303210,8793,4897,364435,HIGH
Dog,Medium,8,Semi-Urban,300507,8798,3716,359974,HIGH
Dog,Large,7,Semi-Urban,409231,7098,7273,487142,HIGH
Cat,Large,8,Urban,405894,10231,6267,485750,HIGH
Dog,Extra Large,6,Semi-Urban,501606,7936,8134,595327,HIGH
Dog,Small,6,Urban,221060,8767,3409,268221,HIGH
Dog,Medium,4,Semi-Urban,302368,8774,5174,363763,HIGH
Cat,Medium,3,Urban,304092,8841,4875,365479,HIGH
Cat,Medium,13,Urban,301855,13107,5096,368066,HIGH
Dog,Medium,4,Semi-Urban,303586,7039,4742,362672,HIGH
Dog,Medium,3,Semi-Urban,302735,7325,5193,362540,HIGH
Dog,Large,2,Semi-Urban,409076,7984,7269,487978,HIGH
Cat,Medium,11,Urban,301634,12513,5049,367075,HIGH
Dog,Small,9,Urban,212705,12266,3772,263054,HIGH
Cat,Small,10,Urban,215406,12823,2802,265685,HIGH
Cat,Extra Large,2,Urban,495890,9927,8333,591272,HIGH
Cat,Large,1,Semi-Urban,411980,9290,6490,491924,HIGH
Dog,Medium,2,Urban,301892,9529,4724,363566,HIGH
Cat,Medium,5,Urban,300693,11046,4522,363700,HIGH
Dog,Small,1,Semi-Urban,211958,10715,3745,260380,HIGH
Dog,Small,3,Urban,206655,9497,3579,252690,HIGH
Dog,Small,6,Urban,214158,10272,4824,263642,HIGH
Cat,Small,10,Semi-Urban,213418,10149,4242,261980,HIGH
Dog,Medium,1,Urban,301094,13408,4218,366528,HIGH
Cat,Large,11,Urban,408476,13860,7318,494102,HIGH
Dog,Extra Large,5,Urban,496091,8487,8269,589774,HIGH
Dog,Medium,7,Urban,302274,8653,5141,363478,HIGH
Dog,Medium,7,Semi-Urban,302452,7718,5981,363573,HIGH
Dog,Small,12,Urban,212447,14511,3115,264583,HIGH
Dog,Large,1,Semi-Urban,409091,10264,6849,490134,HIGH
Dog,Large,11,Urban,413181,12456,7171,497729,HIGH
Dog,Small,1,Semi-Urban,212234,10618,3337,260117,HIGH
Dog,Medium,13,Urban,303199,12152,4717,368078,HIGH
Dog,Medium,9,Semi-Urban,303959,8661,5465,365797,HIGH
Dog,Extra Large,12,Urban,497181,12749,7744,595325,HIGH
Dog,Medium,8,Semi-Urban,299300,7936,5122,359211,HIGH
Dog,Medium,5,Urban,299882,10091,4313,361428,HIGH
Dog,Extra Large,5,Urban,502241,10985,8573,600068,HIGH
Dog,Extra Large,12,Urban,497969,12815,9121,597890,HIGH
Dog,Medium,4,Semi-Urban,302313,7366,5408,362350,HIGH
Cat,Large,13,Semi-Urban,412082,10707,5995,493101,HIGH
Dog,Medium,2,Urban,299254,10401,5392,362304,HIGH
Cat,Small,1,Semi-Urban,212330,11093,3158,260568,HIGH
Dog,Small,11,Urban,212893,11701,3790,262641,HIGH
Cat,Large,4,Urban,405787,11515,6711,487614,HIGH
Cat,Large,12,Urban,406642,13395,5634,489521,HIGH
Cat,Medium,2,Urban,300861,10986,5099,364487,HIGH
Dog,Medium,11,Urban,296326,12999,5511,362061,HIGH
Dog,Large,3,Semi-Urban,407519,7554,6491,484798,HIGH
Cat,Medium,7,Urban,301596,10896,5841,366082,HIGH
Dog,Small,7,Semi-Urban,215382,6945,2936,259052,HIGH
Dog,Large,10,Urban,410265,13622,7130,495669,HIGH
Dog,Large,3,Urban,410622,10776,6971,492624,HIGH
Dog,Small,4,Semi-Urban,210158,9223,3714,256559,HIGH
Dog,Small,5,Urban,212988,11264,3455,261863,HIGH
Cat,Large,1,Urban,406092,12779,6902,489638,HIGH
Dog,Large,1,Urban,408479,12593,6689,491925,HIGH
Dog,Medium,2,Urban,302774,10820,4857,366218,HIGH
Cat,Medium,11,Urban,304746,13165,5162,371533,HIGH
Dog,Medium,4,Urban,299276,9022,7149,362764,HIGH
Dog,Medium,5,Urban,299485,10165,6143,363161,HIGH
Cat,Medium,8,Urban,300877,8978,4696,361733,HIGH
Cat,Large,7,Urban,411711,10019,6937,492967,HIGH
Dog,Medium,11,Urban,300237,13041,5305,366370,HIGH
Cat,Large,10,Urban,407908,12681,7441,492234,HIGH
Dog,Large,7,Semi-Urban,405328,9599,7948,486306,HIGH
Dog,Small,13,Urban,213988,12499,3362,264326,HIGH
Dog,Medium,6,Urban,302044,8471,4750,362554,HIGH
Dog,Large,4,Urban,404693,9368,7236,484491,HIGH
Dog,Small,8,Semi-Urban,214403,9476,3088,261012,HIGH
Dog,Large,5,Urban,407876,10374,6575,488548,HIGH
Dog,Extra Large,11,Semi-Urban,495141,11400,8295,592061,HIGH
Dog,Large,6,Urban,407281,8846,7105,486716,HIGH
Dog,Small,4,Urban,215205,8453,3431,261152,HIGH
Dog,Medium,12,Semi-Urban,297260,9548,6132,359881,HIGH
Dog,Large,10,Semi-Urban,405858,10495,7679,487636,HIGH
Dog,Medium,3,Urban,303777,9940,4751,366238,HIGH
Dog,Large,12,Semi-Urban,410296,11552,7304,493524,HIGH
Cat,Medium,4,Urban,302677,10027,4413,364684,HIGH
Dog,Medium,10,Urban,301912,13268,4292,367392,HIGH
Dog,Medium,11,Urban,306297,12364,5809,373140,HIGH
Dog,Extra Large,3,Semi-Urban,494672,8852,7829,588055,HIGH
Cat,Extra Large,10,Semi-Urban,496803,11113,8608,594002,HIGH
Dog,Medium,8,Urban,305668,10636,4535,368964,HIGH
Cat,Small,2,Urban,211641,10637,3536,259686,HIGH
Dog,Medium,4,Urban,299775,8553,5380,360764,HIGH
Dog,Medium,2,Urban,301072,8276,4839,361315,HIGH
Dog,Medium,2,Urban,299498,10287,5564,362651,HIGH
Cat,Small,8,Urban,213828,12028,4067,264411,HIGH
Dog,Large,11,Semi-Urban,409406,8121,6848,488031,HIGH
Dog,Extra Large,1,Urban,493503,13117,8137,591970,HIGH
Dog,Medium,6,Urban,303861,10269,4620,366562,HIGH
Cat,Medium,5,Urban,303253,10238,5606,366961,HIGH
Dog,Medium,7,Urban,301385,10314,4702,363861,HIGH
Dog,Extra Large,5,Urban,502792,9785,8069,598742,HIGH
Dog,Medium,12,Urban,299926,13472,4753,365873,HIGH
Cat,Medium,5,Semi-Urban,301004,9221,4620,362071,HIGH
Dog,Small,4,Urban,214759,8871,3027,260655,HIGH
Dog,Extra Large,12,Semi-Urban,498248,9634,7920,593172,HIGH
Dog,Small,1,Urban,212102,13470,3512,263446,HIGH
Dog,Extra Large,8,Urban,499423,9745,8799,595662,HIGH
Dog,Medium,6,Urban,302158,10941,5684,366600,HIGH
Dog,Extra Large,10,Urban,497853,12543,7874,596010,HIGH
Cat,Large,3,Urban,412429,9036,6572,492242,HIGH
Cat,Medium,11,Urban,301604,13196,4827,367571,HIGH
Dog,Large,11,Urban,403637,12056,7814,487033,HIGH
Cat,Medium,10,Urban,303080,11817,4719,367558,HIGH
Dog,Medium,1,Urban,301892,14000,4716,368699,HIGH
Dog,Large,3,Urban,408188,10070,7843,490016,HIGH
Dog,Small,9,Urban,212128,12424,3148,261855,HIGH
Dog,Medium,3,Urban,302509,9758,4569,364361,HIGH
Dog,Medium,12,Semi-Urban,303268,10708,4705,366483,HIGH
Dog,Large,9,Urban,409010,13387,6715,493478,HIGH
Dog,Medium,6,Urban,302491,11552,4329,366127,HIGH
Cat,Large,1,Urban,404248,11616,6957,486244,HIGH
Dog,Medium,1,Semi-Urban,300381,10281,4530,362470,HIGH
Cat,Small,10,Urban,216046,12856,4403,268300,HIGH
Dog,Medium,11,Urban,300342,15384,4227,367945,HIGH
Cat,Large,5,Urban,408494,8841,6648,487580,HIGH
Dog,Large,1,Urban,409028,13378,7491,494381,HIGH
Dog,Large,10,Urban,408761,12696,7133,492878,HIGH
Cat,Medium,3,Urban,300952,8268,4503,360781,HIGH
Cat,Medium,5,Urban,302151,10113,4702,364510,HIGH
Dog,Medium,2,Urban,304825,10745,5197,368882,HIGH
Dog,Extra Large,11,Urban,499160,13097,8458,598822,HIGH
Dog,Medium,7,Urban,304074,10802,5507,368440,HIGH
Dog,Small,10,Semi-Urban,215833,9872,3344,263406,HIGH
Dog,Small,10,Urban,214617,12299,4387,265998,HIGH
Dog,Small,12,Urban,214643,13004,3583,265914,HIGH
Dog,Large,7,Semi-Urban,408847,9051,6441,487989,HIGH
Dog,Small,11,Urban,213045,14724,3828,266336,HIGH
Cat,Large,9,Semi-Urban,409167,8939,8048,490077,HIGH
Dog,Large,11,Urban,405378,13090,7392,489739,HIGH
Dog,Small,6,Urban,211168,10543,3277,258736,HIGH
Dog,Large,7,Urban,410317,9994,6366,490678,HIGH
Cat,Small,4,Semi-Urban,210934,6590,4317,255117,HIGH
Dog,Extra Large,9,Urban,497321,13762,7720,596623,HIGH
Cat,Medium,3,Urban,299832,9897,4803,361711,HIGH
Dog,Small,7,Urban,213807,9137,4216,261234,HIGH
Dog,Large,12,Urban,408131,11159,7527,490839,HIGH
Dog,Large,11,Urban,407742,12439,7475,491804,HIGH
Cat,Medium,13,Urban,304600,12567,5661,371252,HIGH
Dog,Medium,1,Urban,299972,12786,5446,365934,HIGH
Cat,Medium,3,Urban,303176,8808,4644,364122,HIGH
Dog,Small,8,Urban,214521,8428,3637,260573,HIGH
Cat,Small,4,Semi-Urban,210552,9431,4114,257711,HIGH
Dog,Small,7,Urban,212422,9450,3917,259657,HIGH
Dog,Medium,11,Urban,299330,11536,4667,362862,HIGH
Cat,Large,9,Urban,409713,13538,6882,494652,HIGH
Dog,Small,1,Urban,213280,13372,3437,264602,HIGH
Dog,Medium,1,Semi-Urban,301587,9579,5011,363603,HIGH
Dog,Medium,4,Urban,298915,9471,5935,361469,HIGH
Cat,Medium,7,Urban,302487,9947,5278,365368,HIGH
Dog,Small,7,Urban,213992,9718,3915,261768,HIGH
Dog,Small,1,Urban,211109,13644,3277,262234,HIGH
Dog,Small,4,Urban,215262,10809,4104,264701,HIGH
Dog,Medium,1,Semi-Urban,299197,10245,5618,362319,HIGH
Dog,Medium,8,Urban,300836,10379,4621,363211,HIGH
Dog,Medium,13,Semi-Urban,297129,10596,4935,359559,HIGH
Dog,Medium,3,Urban,300401,11664,4955,364573,HIGH
Dog,Large,7,Urban,408677,9804,6939,489233,HIGH
Dog,Large,7,Urban,409927,10650,6273,490877,HIGH
Cat,Medium,11,Urban,302821,13833,4981,369880,HIGH
Dog,Medium,5,Urban,302679,9310,4959,364490,HIGH
Cat,Extra Large,12,Urban,498200,11778,9119,596961,HIGH
Dog,Large,1,Urban,410287,12466,7064,494289,HIGH
Dog,Large,2,Urban,408303,10200,7434,489827,HIGH
Dog,Large,10,Semi-Urban,408829,8757,7111,488401,HIGH
Dog,Medium,12,Semi-Urban,300368,10164,4775,362603,HIGH
Dog,Medium,8,Urban,302177,9270,5162,364100,HIGH
Cat,Extra Large,8,Urban,498129,9492,9053,594175,HIGH
Dog,Medium,13,Semi-Urban,301339,10568,4854,364275,HIGH
Dog,Medium,13,Urban,300621,14556,5269,368512,HIGH
Dog,Medium,12,Urban,301749,14288,4840,369008,HIGH
Cat,Large,13,Semi-Urban,410431,9315,6848,490583,HIGH
Dog,Small,2,Urban,211758,10190,3881,259703,HIGH
Dog,Small,1,Urban,214026,12663,4739,266142,HIGH
Dog,Medium,7,Urban,302403,10213,4522,364708,HIGH
Dog,Small,2,Urban,215082,10296,3244,262915,HIGH
Dog,Large,5,Urban,407268,9346,6579,486671,HIGH
Dog,Medium,4,Urban,306842,10745,5551,371608,HIGH
Dog,Large,9,Semi-Urban,405500,11151,6744,486904,HIGH
Cat,Small,2,Urban,210516,9333,3958,257378,HIGH
Dog,Medium,12,Semi-Urban,301801,11212,5906,366756,HIGH
Cat,Medium,3,Urban,303790,10608,5416,367786,HIGH
Dog,Large,6,Urban,408207,9183,7050,488106,HIGH
Dog,Medium,9,Semi-Urban,299079,10194,5308,361768,HIGH
Cat,Extra Large,2,Urban,497958,9770,8567,593739,HIGH
Dog,Medium,9,Semi-Urban,298960,9630,4988,360614,HIGH
Dog,Large,6,Urban,406815,10034,6398,486734,HIGH
Dog,Small,8,Semi-Urban,212391,7414,3848,257200,HIGH
Dog,Large,10,Urban,411373,12595,6612,495167,HIGH
Dog,Medium,5,Semi-Urban,303832,7264,5680,364292,HIGH
Cat,Small,6,Urban,212124,8437,3049,257151,HIGH
Dog,Small,2,Urban,213519,9739,2779,259942,HIGH
Dog,Medium,5,Semi-Urban,301414,8173,4624,361342,HIGH
Dog,Extra Large,12,Urban,496712,13659,7312,595335,HIGH
Dog,Large,11,Semi-Urban,412580,9782,7412,494240,HIGH
Dog,Small,5,Urban,215541,8699,4766,263356,HIGH
Cat,Large,9,Urban,410307,12294,7414,494517,HIGH
Dog,Medium,9,Semi-Urban,304121,10149,4320,366378,HIGH
Dog,Medium,3,Urban,300012,10612,6074,364202,HIGH
Cat,Medium,3,Urban,299924,9743,5286,362195,HIGH
Dog,Small,13,Semi-Urban,214189,10732,4056,263323,HIGH
Dog,Small,10,Semi-Urban,211753,9658,3050,258130,HIGH
Dog,Large,12,Urban,410964,11927,7214,494620,HIGH
Dog,Large,1,Semi-Urban,405112,10170,6034,484513,HIGH
Cat,Extra Large,6,Urban,499729,10590,9589,597894,HIGH
Dog,Medium,10,Urban,300275,13583,5157,366867,HIGH
Cat,Medium,13,Urban,301689,12377,5162,367112,HIGH
Dog,Medium,8,Urban,301654,10364,4716,364244,HIGH
Dog,Large,11,Urban,407412,12542,5811,489629,HIGH
Dog,Medium,4,Urban,303743,10741,4822,367201,HIGH
Dog,Large,3,Urban,409231,10577,6876,490686,HIGH
Dog,Medium,10,Urban,305944,13214,5426,373271,HIGH
Dog,Extra Large,11,Urban,499010,14375,7834,599401,HIGH
Dog,Medium,5,Urban,303582,10312,6122,368018,HIGH
Dog,Medium,7,Urban,300769,10373,5234,363832,HIGH
Dog,Small,2,Semi-Urban,214547,7445,3533,259353,HIGH
Dog,Medium,8,Urban,298245,9924,5765,361024,HIGH
Dog,Medium,5,Semi-Urban,300997,5810,5025,358606,HIGH
Dog,Medium,3,Urban,302366,10338,4523,364811,HIGH
Dog,Medium,13,Urban,299479,13158,4325,364506,HIGH
Dog,Small,1,Urban,212413,12948,3981,263743,HIGH
Dog,Extra Large,9,Urban,496579,12590,7911,594642,HIGH
Cat,Large,6,Semi-Urban,406631,8086,6546,484452,HIGH
Dog,Medium,2,Urban,301328,9105,5295,363087,HIGH
Cat,Medium,4,Urban,299881,9841,4428,361272,HIGH
Dog,Medium,7,Urban,301517,10190,5920,365271,HIGH
Dog,Medium,10,Urban,302875,13573,5319,370032,HIGH
Dog,Small,8,Semi-Urban,213432,9015,3781,260162,HIGH
Dog,Medium,6,Urban,303442,9611,4912,365659,HIGH
Dog,Large,6,Urban,410605,8973,6528,490021,HIGH
Dog,Medium,3,Semi-Urban,298361,7708,4493,357146,HIGH
Cat,Large,9,Urban,409509,10483,7471,491582,HIGH
Dog,Medium,12,Semi-Urban,305660,9704,4789,368175,HIGH
Cat,Medium,8,Urban,303245,10663,4921,366653,HIGH
Dog,Medium,12,Semi-Urban,298969,11057,5754,363147,HIGH
Dog,Medium,9,Urban,303860,13542,5098,370875,HIGH
Dog,Small,7,Semi-Urban,211144,7949,3520,256004,HIGH
Dog,Large,13,Semi-Urban,407426,9246,7896,488253,HIGH
Dog,Medium,11,Urban,302151,13448,5293,369025,HIGH
Dog,Large,2,Semi-Urban,410481,6131,6635,486734,HIGH
Dog,Small,1,Semi-Urban,212715,10703,3166,260571,HIGH
Dog,Medium,5,Urban,302323,9753,4597,364173,HIGH
Dog,Small,13,Semi-Urban,214486,11288,3268,263398,HIGH
Dog,Medium,8,Urban,303011,9213,4835,364617,HIGH
Cat,Large,10,Urban,407360,12658,6593,490602,HIGH
Cat,Small,9,Urban,213404,12144,3893,263857,HIGH
Dog,Medium,12,Urban,301521,12119,5692,367231,HIGH
Dog,Large,9,Urban,407928,11912,6475,490262,HIGH
Cat,Small,2,Urban,213978,10971,4003,263294,HIGH
Dog,Large,5,Urban,408616,9622,7067,489100,HIGH
Dog,Small,6,Urban,210875,9700,3363,257528,HIGH
Dog,Medium,6,Urban,298775,11375,5150,362595,HIGH
Dog,Large,6,Semi-Urban,409138,7728,6728,487133,HIGH
Dog,Large,4,Semi-Urban,408247,7264,6256,485032,HIGH
Cat,Extra Large,2,Urban,496777,8095,8440,590308,HIGH
Dog,Medium,11,Urban,300977,14194,5796,369112,HIGH
Dog,Large,13,Semi-Urban,409681,10460,6665,490826,HIGH
Dog,Medium,6,Urban,305669,9378,5893,369081,HIGH
Dog,Extra Large,6,Urban,498509,8406,8968,593265,HIGH
Dog,Medium,7,Semi-Urban,301768,7784,5389,362182,HIGH
Dog,Small,4,Urban,215311,10764,3644,264176,HIGH
Cat,Small,6,Semi-Urban,211851,7158,3515,255902,HIGH
Dog,Small,1,Urban,212104,12409,3824,262587,HIGH
Dog,Small,9,Urban,213789,13595,4118,266227,HIGH
Dog,Large,11,Urban,409203,12635,7092,493269,HIGH
Dog,Extra Large,1,Urban,500233,11827,9192,599439,HIGH
Dog,Medium,10,Urban,303407,13623,5380,370771,HIGH
Dog,Large,7,Semi-Urban,405624,6889,6605,481985,HIGH
Dog,Medium,13,Urban,299441,14446,5064,366793,HIGH
Dog,Small,5,Urban,216931,10125,4663,266476,HIGH
Cat,Medium,3,Urban,298138,10217,5272,360671,HIGH
Dog,Medium,11,Urban,302036,13414,4782,368266,HIGH
Dog,Large,1,Semi-Urban,406689,10830,7184,488408,HIGH
Dog,Medium,12,Semi-Urban,300730,10103,5224,363465,HIGH
Cat,Large,5,Semi-Urban,408347,6877,6696,485208,HIGH
Dog,Small,1,Urban,216141,13000,3640,267698,HIGH
Dog,Small,1,Urban,214499,13635,2898,265686,HIGH
Cat,Medium,11,Urban,302410,12383,6187,369127,HIGH
Dog,Small,6,Urban,212657,10427,4254,261438,HIGH
Dog,Medium,13,Urban,300207,10575,5238,363423,HIGH
Dog,Large,9,Urban,407909,11635,6186,489589,HIGH
Cat,Large,1,Urban,407781,12698,7837,492563,HIGH
Dog,Small,8,Urban,214643,10190,3475,262554,HIGH
Dog,Large,11,Urban,407025,13888,6752,491814,HIGH
Dog,Large,8,Semi-Urban,408447,7184,7603,486719,HIGH
Dog,Extra Large,8,Urban,499965,9795,8184,595635,HIGH
Dog,Medium,8,Urban,297934,10770,5362,361175,HIGH
Dog,Small,13,Semi-Urban,214445,9804,3216,261584,HIGH
Dog,Medium,2,Urban,300797,11932,5573,366047,HIGH
Dog,Medium,8,Semi-Urban,301330,9023,5030,362690,HIGH
Dog,Small,12,Urban,211997,13567,3841,263815,HIGH
Cat,Large,3,Urban,406879,10276,6772,487516,HIGH
Dog,Small,8,Urban,213234,9581,2927,259603,HIGH
Dog,Extra Large,13,Semi-Urban,494564,9815,8192,589456,HIGH
Dog,Extra Large,9,Urban,497276,13155,9073,597429,HIGH
Cat,Medium,11,Urban,301744,13991,4893,368722,HIGH
Dog,Small,12,Semi-Urban,210883,11519,3193,259434,HIGH
Dog,Large,6,Urban,408806,9224,6249,487920,HIGH
Dog,Medium,4,Semi-Urban,302246,6367,5421,361139,HIGH
Dog,Medium,6,Urban,303809,10081,5218,366974,HIGH
Dog,Small,13,Semi-Urban,213199,10621,3823,261789,HIGH
Dog,Large,9,Urban,410758,13535,6326,495211,HIGH
Dog,Large,12,Urban,406657,13921,7342,492108,HIGH
Dog,Medium,13,Semi-Urban,299716,10637,5823,363602,HIGH
Dog,Medium,3,Urban,301981,8775,5860,364108,HIGH
Dog,Medium,1,Semi-Urban,303635,11064,5373,368082,HIGH
Dog,Small,11,Urban,213884,12382,3229,263919,HIGH
Dog,Medium,12,Urban,302572,11705,4683,366804,HIGH
Dog,Large,2,Semi-Urban,408178,7176,7242,485985,HIGH
Dog,Medium,2,Urban,302400,9808,5095,364898,HIGH
Cat,Small,13,Semi-Urban,210159,9597,3865,257164,HIGH
Cat,Large,7,Urban,409164,10212,7035,490372,HIGH
Cat,Large,1,Semi-Urban,405880,10248,6623,486163,HIGH
Dog,Medium,13,Semi-Urban,304097,10494,5643,368269,HIGH
Cat,Small,6,Semi-Urban,215756,6987,4248,261039,HIGH
Dog,Extra Large,4,Urban,494349,10178,8198,589633,HIGH
Dog,Large,8,Urban,409960,11146,7430,492816,HIGH
Dog,Medium,4,Semi-Urban,299173,8514,4137,358597,HIGH
Dog,Small,11,Semi-Urban,214415,10200,2600,261297,HIGH
Dog,Extra Large,12,Urban,496746,12616,8625,595685,HIGH
Dog,Medium,4,Urban,300277,10173,6080,364009,HIGH
Dog,Large,6,Urban,409260,8153,7445,488586,HIGH
Dog,Medium,1,Urban,299891,13458,5961,367206,HIGH
Dog,Large,10,Urban,408236,14483,6324,493399,HIGH
Dog,Large,1,Semi-Urban,406306,10715,6551,487107,HIGH
Dog,Medium,2,Urban,301721,8960,5027,363064,HIGH
Cat,Large,3,Semi-Urban,405482,8280,6974,483846,HIGH
Dog,Medium,4,Semi-Urban,302041,8242,3933,361348,HIGH
Cat,Medium,5,Urban,303188,8871,5821,365562,HIGH
Cat,Small,5,Urban,210951,9093,3269,256809,HIGH
Cat,Medium,6,Urban,302692,7535,4790,362269,HIGH
Dog,Medium,9,Urban,302122,13918,4539,368665,HIGH
Dog,Large,12,Urban,409001,13228,7166,493804,HIGH
Dog,Medium,8,Semi-Urban,301714,8563,5559,363211,HIGH
Dog,Medium,13,Semi-Urban,301070,9402,5165,362982,HIGH
Dog,Medium,5,Urban,301869,10295,5257,365034,HIGH
Dog,Medium,11,Urban,302893,10654,4736,366025,HIGH
Dog,Medium,2,Urban,305738,8789,6237,368878,HIGH
Cat,Medium,10,Semi-Urban,301967,10076,4758,364321,HIGH
Dog,Medium,8,Semi-Urban,301916,7985,4315,361348,HIGH
Dog,Medium,6,Urban,300920,8036,5107,361172,HIGH
Dog,Medium,11,Semi-Urban,299617,11348,4842,363178,HIGH
Dog,Small,4,Urban,213426,9562,3051,259944,HIGH
Cat,Small,7,Semi-Urban,209608,8297,3535,254656,HIGH
Dog,Small,4,Semi-Urban,211251,7421,3673,255696,HIGH
Dog,Large,7,Urban,406923,10705,7108,488446,HIGH
Cat,Medium,8,Urban,299085,9315,6097,361671,HIGH
Dog,Extra Large,6,Urban,498372,9941,8510,594346,HIGH
Dog,Medium,5,Semi-Urban,300685,7759,4830,360265,HIGH
Dog,Medium,5,Urban,300808,9970,5578,363809,HIGH
Dog,Medium,1,Urban,301216,12409,5243,366698,HIGH
Dog,Large,9,Urban,412703,12174,7199,496887,HIGH
Dog,Extra Large,1,Urban,497577,11959,8654,595918,HIGH
Dog,Extra Large,9,Urban,500340,12117,7720,598203,HIGH
Dog,Large,10,Semi-Urban,406159,10147,6890,486675,HIGH
Dog,Medium,5,Semi-Urban,302483,7550,5567,362940,HIGH
Dog,Extra Large,6,Urban,497172,8751,7903,590899,HIGH
Cat,Large,6,Urban,409081,9498,5456,487640,HIGH
Cat,Small,2,Semi-Urban,214926,9525,3600,262258,HIGH
Dog,Large,1,Urban,410930,12105,7328,494917,HIGH
Cat,Large,1,Urban,405779,12856,6560,488974,HIGH
Dog,Small,7,Semi-Urban,211727,7613,3480,256243,HIGH
Dog,Medium,5,Semi-Urban,301196,8916,5680,363160,HIGH
Cat,Medium,4,Urban,302539,9405,5554,365122,HIGH
Dog,Extra Large,3,Urban,495064,10266,8455,590852,HIGH
Cat,Medium,5,Semi-Urban,304436,7751,5481,365318,HIGH
Dog,Small,13,Urban,215914,12779,3719,267273,HIGH
Cat,Small,8,Semi-Urban,213862,8475,4315,260649,HIGH
Dog,Large,11,Semi-Urban,407754,11931,7666,491453,HIGH
Dog,Large,12,Urban,407345,13093,7027,491584,HIGH
Dog,Large,12,Semi-Urban,407467,11889,6947,490248,HIGH
Dog,Medium,1,Urban,305319,12909,5262,372013,HIGH
Dog,Large,9,Urban,408040,14203,7194,493852,HIGH
Dog,Medium,12,Semi-Urban,299866,10205,5594,363014,HIGH
Cat,Large,9,Semi-Urban,405288,11146,6492,486364,HIGH
Dog,Extra Large,6,Semi-Urban,493915,9749,8324,588786,HIGH
Dog,Medium,4,Semi-Urban,297322,9281,4803,358116,HIGH
Cat,Medium,10,Semi-Urban,303227,10057,5535,366641,HIGH
Dog,Small,8,Urban,212669,10548,4397,261756,HIGH
Dog,Small,1,Semi-Urban,213965,10951,4704,264063,HIGH
Dog,Large,13,Semi-Urban,409687,9243,6309,489024,HIGH
Dog,Medium,6,Semi-Urban,302152,7482,4442,361187,HIGH
Cat,Small,8,Urban,209789,10816,3514,257736,HIGH
Dog,Medium,3,Semi-Urban,302426,8110,5998,364014,HIGH
Cat,Medium,6,Urban,300520,10341,5352,363644,HIGH
Dog,Medium,7,Urban,303645,11284,4711,367586,HIGH
Dog,Large,2,Urban,409174,9274,5990,488103,HIGH
Dog,Medium,6,Urban,301042,9838,5617,363971,HIGH
Cat,Medium,3,Urban,306792,9150,4451,368451,HIGH
Dog,Medium,12,Semi-Urban,301997,10511,5448,365649,HIGH
Dog,Small,8,Semi-Urban,215286,8413,3796,261619,HIGH
Cat,Medium,8,Urban,300204,9472,5121,362016,HIGH
Dog,Extra Large,1,Semi-Urban,495578,11111,8134,592046,HIGH
Dog,Large,13,Urban,410480,14779,7224,497355,HIGH
Cat,Medium,9,Urban,303436,12995,4894,369523,HIGH
Dog,Large,4,Urban,406353,10155,7558,487675,HIGH
Dog,Medium,12,Urban,298556,13007,4935,363972,HIGH
Dog,Large,8,Semi-Urban,407455,6837,7581,485153,HIGH
Dog,Medium,13,Urban,302656,13327,5137,369288,HIGH
Dog,Small,10,Urban,215075,13093,4096,267103,HIGH
Cat,Medium,13,Urban,302585,11941,5580,368121,HIGH
Dog,Extra Large,9,Urban,502315,14517,8493,604123,HIGH
Dog,Large,9,Semi-Urban,405896,10666,6715,486768,HIGH
Dog,Medium,10,Urban,304315,12919,4601,370110,HIGH
Dog,Large,12,Urban,410124,13417,6841,494939,HIGH
Dog,Large,4,Urban,406640,9729,6859,486712,HIGH
Cat,Extra Large,1,Urban,493985,13347,8318,592997,HIGH
Dog,Medium,1,Urban,302104,13844,4031,367975,HIGH
Cat,Large,3,Semi-Urban,411727,6923,6263,488649,HIGH
Dog,Medium,10,Urban,303710,12103,4627,368506,HIGH
Dog,Small,3,Urban,213125,9260,3576,259855,HIGH
Cat,Extra Large,5,Urban,495826,9851,7628,590300,HIGH
Dog,Extra Large,11,Urban,497048,11585,7840,593943,HIGH
Dog,Medium,12,Urban,296574,12320,5584,361649,HIGH
Dog,Extra Large,1,Urban,496898,13239,8625,596576,HIGH
Dog,Small,11,Urban,211080,12835,3837,261914,HIGH
Dog,Small,2,Urban,215252,8967,3063,261374,HIGH
Dog,Small,5,Semi-Urban,211620,7475,3119,255546,HIGH
Cat,Large,8,Semi-Urban,409907,8482,6404,488511,HIGH
Dog,Medium,1,Semi-Urban,301190,9426,6054,364170,HIGH
Dog,Large,2,Urban,411118,10352,6781,492488,HIGH
Dog,Medium,9,Semi-Urban,300695,10685,5454,364359,HIGH
Dog,Medium,11,Semi-Urban,302649,10088,5686,366186,HIGH
Dog,Large,3,Urban,409124,10947,7194,491354,HIGH
Dog,Large,8,Urban,409500,8852,6052,488064,HIGH
Dog,Large,11,Urban,404957,13021,6562,488221,HIGH
Dog,Medium,5,Urban,300140,9878,4943,362205,HIGH
Dog,Medium,11,Semi-Urban,302121,10187,4939,364834,HIGH
Dog,Medium,13,Urban,302308,12694,4592,367533,HIGH
Dog,Large,11,Semi-Urban,409132,9859,6342,489132,HIGH
Dog,Medium,7,Semi-Urban,300439,7812,4421,359572,HIGH
Dog,Extra Large,4,Urban,498444,11684,9748,597857,HIGH
Dog,Medium,7,Urban,302593,10460,5592,366441,HIGH
Dog,Medium,13,Urban,302591,12984,5408,369130,HIGH
Cat,Large,4,Urban,409029,10616,7331,491022,HIGH
Dog,Medium,6,Semi-Urban,303893,8304,4803,364550,HIGH
Dog,Medium,10,Semi-Urban,301235,9758,5237,363664,HIGH
Dog,Large,12,Semi-Urban,404915,10005,6016,484076,HIGH
Cat,Medium,2,Urban,302639,11024,4594,365995,HIGH
Dog,Extra Large,8,Urban,496638,10270,8532,592756,HIGH
Dog,Medium,2,Semi-Urban,304370,7890,5062,364920,HIGH
Dog,Extra Large,9,Urban,496117,12846,8541,595129,HIGH
Dog,Large,5,Urban,409309,10001,6913,490156,HIGH
Dog,Small,1,Urban,210938,13458,4355,263063,HIGH
Cat,Large,3,Semi-Urban,410485,8662,7138,490227,HIGH
Dog,Small,5,Semi-Urban,216719,7967,4268,263297,HIGH
Dog,Medium,10,Urban,298890,12959,4567,363878,HIGH
Cat,Medium,3,Semi-Urban,298335,6668,5161,356688,HIGH
Dog,Medium,3,Urban,304396,10849,4720,367959,HIGH
Cat,Small,11,Urban,212780,12039,4472,263684,HIGH
Cat,Medium,2,Semi-Urban,302026,7061,5164,361388,HIGH
Dog,Large,11,Urban,407326,13040,5715,489993,HIGH
Dog,Extra Large,5,Urban,497407,10085,7888,592687,HIGH
Dog,Extra Large,1,Urban,499651,14205,8790,601042,HIGH
Dog,Small,4,Urban,213094,9102,3014,258991,HIGH
Dog,Extra Large,4,Urban,497993,9126,8052,592446,HIGH
Dog,Large,12,Semi-Urban,406188,9372,7198,486171,HIGH
Dog,Small,2,Semi-Urban,211120,7341,3521,255279,HIGH
Dog,Medium,13,Semi-Urban,303075,9643,4652,364975,HIGH
Dog,Large,10,Urban,408188,13277,7617,493444,HIGH
Dog,Medium,11,Urban,303242,13324,5843,370770,HIGH
Dog,Small,9,Semi-Urban,213468,12815,3341,264067,HIGH
Dog,Large,6,Urban,408631,9313,6565,488185,HIGH
Cat,Small,5,Urban,216270,9866,3930,264575,HIGH
Cat,Large,5,Urban,410186,9962,7566,491871,HIGH
Dog,Medium,1,Urban,304155,12624,5275,370362,HIGH
Cat,Small,5,Semi-Urban,214162,7871,3802,259710,HIGH
Cat,Extra Large,10,Semi-Urban,497773,9122,8625,592848,HIGH
Dog,Large,8,Urban,408033,9659,7209,488636,HIGH
Cat,Large,11,Urban,406570,12725,7161,490424,HIGH
Dog,Medium,5,Semi-Urban,300567,7111,5196,359805,HIGH
Cat,Large,4,Urban,409553,9627,7174,490307,HIGH
Dog,Small,6,Urban,213047,11324,4262,262927,HIGH
Dog,Medium,7,Urban,299861,10461,4986,362604,HIGH
Cat,Large,7,Urban,405492,9804,6888,485511,HIGH
Dog,Medium,5,Urban,299577,9356,5724,361855,HIGH
Dog,Medium,11,Urban,301878,12723,4878,367400,HIGH
Dog,Extra Large,1,Semi-Urban,497956,9777,8493,593659,HIGH
Dog,Extra Large,8,Urban,494748,10449,9425,591815,HIGH
Cat,Large,2,Urban,408882,9656,7118,489504,HIGH
Dog,Medium,9,Urban,301029,12407,5714,367022,HIGH
Dog,Small,11,Urban,212044,12684,4213,263282,HIGH
Dog,Medium,10,Semi-Urban,302147,9985,4812,364485,HIGH
Dog,Medium,11,Urban,299132,13231,4952,364912,HIGH
Cat,Large,9,Urban,405756,12574,7008,489138,HIGH
Dog,Large,1,Urban,407669,13421,7267,492610,HIGH
Dog,Medium,13,Urban,297339,12937,5642,363305,HIGH
Dog,Medium,1,Urban,304664,11390,5416,369690,HIGH
Cat,Medium,11,Urban,300322,11587,5381,364883,HIGH
Dog,Small,12,Semi-Urban,213768,10550,4233,262833,HIGH
Dog,Extra Large,7,Semi-Urban,495423,7800,9468,589594,HIGH
Dog,Large,10,Urban,401292,11923,6747,482956,HIGH
Dog,Medium,1,Urban,303722,12678,4653,369210,HIGH
Cat,Large,5,Urban,407787,9468,7679,488674,HIGH
Cat,Large,2,Urban,410437,9482,7160,491140,HIGH
Dog,Large,8,Urban,408034,10880,7675,490577,HIGH
Cat,Large,1,Semi-Urban,407372,10027,7052,488118,HIGH
Cat,Medium,4,Urban,300791,9420,4772,362230,HIGH
Cat,Small,10,Urban,212619,13421,3834,264355,HIGH
Dog,Extra Large,8,Urban,497636,8922,8640,592477,HIGH
Dog,Medium,10,Urban,305192,13379,5201,372337,HIGH
Dog,Extra Large,8,Urban,498855,9767,9149,595436,HIGH
Dog,Large,7,Semi-Urban,408258,7959,7112,486828,HIGH
Dog,Medium,5,Semi-Urban,303723,7874,4792,363847,HIGH
Dog,Medium,13,Semi-Urban,300376,10756,4233,362669,HIGH
Cat,Medium,7,Urban,300760,11413,6104,366018,HIGH
Dog,Small,1,Urban,211201,11954,3341,260470,HIGH
Dog,Large,6,Urban,409812,8322,7552,489538,HIGH
Cat,Medium,4,Urban,300826,10192,4649,363017,HIGH
Cat,Medium,5,Urban,301341,11382,4836,365192,HIGH
Dog,Medium,5,Urban,302842,10971,5147,366804,HIGH
Cat,Large,2,Semi-Urban,406500,7958,6416,484005,HIGH
Cat,Small,9,Semi-Urban,212490,10762,4044,261390,HIGH
Cat,Small,5,Semi-Urban,215635,7973,2706,260261,HIGH
Dog,Medium,7,Urban,301704,10233,5122,364617,HIGH
Dog,Medium,4,Semi-Urban,302109,9496,5460,364624,HIGH
Dog,Large,4,Urban,408452,8897,7276,488318,HIGH
Dog,Medium,12,Semi-Urban,302691,9751,4956,365007,HIGH
Cat,Extra Large,4,Urban,497295,11376,7701,593827,HIGH
Dog,Medium,10,Semi-Urban,302707,10071,4967,365406,HIGH
Dog,Large,9,Urban,406541,12146,6806,489316,HIGH
Dog,Small,3,Urban,209773,10683,3423,257460,HIGH
Cat,Large,3,Urban,408104,10341,7600,489951,HIGH
Cat,Medium,3,Urban,301459,9732,4658,363226,HIGH
Dog,Large,6,Urban,408198,9720,6144,487671,HIGH
Cat,Medium,10,Urban,300677,12298,4964,365629,HIGH
Dog,Medium,3,Urban,304152,9351,5081,366371,HIGH
Dog,Medium,13,Urban,301522,13579,5071,368197,HIGH
Dog,Large,1,Urban,408318,14172,7087,494013,HIGH
Dog,Small,13,Urban,215065,13918,4310,268286,HIGH
Dog,Medium,5,Urban,302293,8826,6146,364854,HIGH
Dog,Medium,6,Urban,304069,8717,5300,365798,HIGH
Dog,Large,9,Urban,406309,13102,6628,489944,HIGH
Cat,Extra Large,3,Urban,497194,11700,7939,594357,HIGH
Dog,Large,11,Urban,405728,12495,6113,487986,HIGH
Dog,Medium,10,Urban,303793,12714,4941,369665,HIGH
Dog,Medium,2,Semi-Urban,302279,7771,5676,363084,HIGH
Cat,Medium,7,Urban,302983,9928,4450,364965,HIGH
Dog,Medium,7,Semi-Urban,297895,8921,4859,358426,HIGH
Dog,Large,11,Urban,408709,13482,6893,493446,HIGH
Cat,Medium,10,Semi-Urban,301650,9854,4937,363907,HIGH
Dog,Medium,5,Urban,302247,10141,5601,365687,HIGH
Dog,Large,6,Semi-Urban,407293,9272,5843,485769,HIGH
Dog,Large,8,Urban,411333,9589,7010,492121,HIGH
Dog,Large,10,Urban,407902,12345,6371,490610,HIGH
Cat,Medium,3,Semi-Urban,301165,7012,5432,360650,HIGH
Cat,Large,4,Urban,407125,10746,6374,487881,HIGH
Dog,Medium,3,Urban,301858,9737,4595,363618,HIGH
Dog,Large,11,Urban,410925,12123,6687,494195,HIGH
Dog,Medium,10,Urban,301375,12810,5500,367637,HIGH
Dog,Large,7,Urban,408031,9357,7010,488057,HIGH
Dog,Large,3,Urban,409352,10550,6691,490581,HIGH
Cat,Large,5,Urban,406677,9900,6079,486054,HIGH
Dog,Medium,11,Semi-Urban,302531,10013,5481,365728,HIGH
Dog,Medium,6,Urban,299996,10528,6011,364015,HIGH
Cat,Medium,11,Urban,301369,13158,5050,367513,HIGH
Dog,Large,4,Semi-Urban,406913,7685,6697,484489,HIGH
Dog,Small,4,Urban,213826,8559,4580,261009,HIGH
Dog,Medium,7,Urban,297635,11108,5365,361224,HIGH
Dog,Medium,6,Semi-Urban,304502,8767,5603,366702,HIGH
Dog,Large,3,Urban,408087,10029,7218,489134,HIGH
Cat,Medium,2,Urban,295542,8967,5088,356036,HIGH
Dog,Medium,4,Urban,298430,10256,5153,360914,HIGH
Cat,Small,8,Semi-Urban,214263,8835,4180,261369,HIGH
Dog,Large,9,Urban,409444,14616,7760,496593,HIGH
Dog,Medium,7,Semi-Urban,299570,7029,4335,357574,HIGH
Dog,Small,11,Urban,214113,11729,3948,264258,HIGH
Dog,Small,7,Urban,211297,9625,3463,258042,HIGH
Dog,Medium,7,Urban,303713,10401,5521,367580,HIGH
Dog,Large,7,Semi-Urban,406439,7558,6576,483658,HIGH
Dog,Large,8,Urban,410386,10527,6595,491634,HIGH
Cat,Medium,6,Semi-Urban,305087,7083,4943,364679,HIGH
Dog,Medium,6,Urban,303883,8834,6248,366809,HIGH
Dog,Medium,4,Semi-Urban,300062,7745,5311,360085,HIGH
Cat,Medium,2,Urban,300822,10264,4962,363455,HIGH
Dog,Small,10,Urban,210811,13648,4382,263167,HIGH
Dog,Medium,3,Urban,302464,10293,5077,365509,HIGH
Cat,Large,5,Urban,405251,10377,6763,485749,HIGH
Dog,Large,4,Urban,407999,8187,6614,486220,HIGH
Dog,Medium,4,Urban,303603,9451,4532,365223,HIGH
Dog,Large,5,Urban,406721,10749,6690,487784,HIGH
Cat,Large,7,Urban,407013,9112,6769,486328,HIGH
Dog,Medium,2,Urban,300849,9691,4512,362309,HIGH
Cat,Large,3,Urban,406802,8648,6956,485766,HIGH
Dog,Large,13,Semi-Urban,406814,11733,6642,488967,HIGH
Cat,Large,11,Urban,409476,12075,6118,491819,HIGH
Dog,Medium,1,Urban,300490,12069,5390,365641,HIGH
Dog,Small,1,Urban,213957,13961,3779,266451,HIGH
Dog,Medium,3,Semi-Urban,306427,9640,5090,369330,HIGH
Dog,Medium,12,Urban,302987,13612,5671,370610,HIGH
Dog,Large,12,Urban,410815,13339,7402,496289,HIGH
Dog,Medium,9,Urban,302936,12141,5134,368242,HIGH
Dog,Medium,7,Urban,303575,9986,4697,365996,HIGH
Dog,Small,11,Urban,216570,13212,3535,268314,HIGH
Cat,Large,3,Urban,406729,9188,7691,487149,HIGH
Cat,Small,4,Urban,212642,9716,3761,260036,HIGH
Dog,Large,2,Semi-Urban,405976,8247,6617,483966,HIGH
Dog,Small,9,Semi-Urban,212134,10951,3578,260662,HIGH
Dog,Large,13,Urban,406923,12561,6351,489710,HIGH
Cat,Large,9,Urban,408182,13585,7061,493152,HIGH
Dog,Large,8,Urban,408811,9455,7005,489061,HIGH
Dog,Small,1,Urban,215790,14637,2509,267876,HIGH
Dog,Medium,8,Urban,300976,10928,5670,365210,HIGH
Dog,Medium,7,Semi-Urban,303740,9194,5075,365710,HIGH
Dog,Large,6,Urban,407797,10300,6550,488344,HIGH
Dog,Large,12,Semi-Urban,407866,10998,7025,489772,HIGH
Dog,Large,10,Urban,408711,11845,7416,492167,HIGH
Cat,Large,4,Urban,411294,9467,7165,492114,HIGH
Dog,Small,9,Urban,213611,14478,3724,266584,HIGH
Dog,Medium,10,Semi-Urban,301805,10211,4978,364543,HIGH
Dog,Medium,3,Urban,303213,10487,5878,367514,HIGH
Dog,Medium,8,Urban,299846,11021,4848,363072,HIGH
Dog,Large,2,Urban,403074,10224,7031,483378,HIGH
Dog,Medium,12,Urban,303490,13526,5213,370563,HIGH
Dog,Large,6,Urban,409587,10671,6194,490419,HIGH
Dog,Extra Large,10,Urban,496805,14480,8635,597908,HIGH
Dog,Medium,7,Semi-Urban,303073,7482,4258,362034,HIGH
Dog,Extra Large,11,Urban,497152,12628,7805,595222,HIGH
Dog,Medium,1,Urban,301920,11555,5625,366965,HIGH
Dog,Large,7,Urban,406946,10692,7469,488873,HIGH
Dog,Extra Large,9,Urban,497366,14577,8398,598392,HIGH
Cat,Medium,1,Urban,299448,13738,5371,366340,HIGH
Cat,Small,6,Urban,213466,9453,2581,259325,HIGH
Cat,Small,11,Semi-Urban,212285,10239,2796,259118,HIGH
Dog,Large,8,Urban,408483,8426,6886,487364,HIGH
Dog,Medium,3,Urban,305189,11103,4616,369044,HIGH
Cat,Extra Large,9,Semi-Urban,494397,11277,8600,591415,HIGH
Dog,Small,3,Semi-Urban,211191,8017,3697,256340,HIGH
Cat,Small,8,Semi-Urban,211255,8713,3354,256820,HIGH
Dog,Medium,12,Urban,305244,13723,5363,372979,HIGH
Dog,Small,7,Urban,216146,9723,4340,264740,HIGH
Dog,Large,4,Urban,408171,8765,7680,488308,HIGH
Cat,Extra Large,11,Urban,493741,12789,7641,591296,HIGH
Dog,Small,13,Urban,215319,13277,3710,267151,HIGH
Cat,Medium,8,Urban,301863,8425,4364,361849,HIGH
Dog,Large,1,Urban,409749,11493,7840,493444,HIGH
Dog,Extra Large,4,Urban,498643,9041,8347,593435,HIGH
Dog,Medium,6,Urban,304723,9135,5111,366814,HIGH
Dog,Large,11,Semi-Urban,407590,11405,7164,490082,HIGH
Dog,Small,4,Urban,212802,10839,3846,261610,HIGH
Dog,Extra Large,13,Urban,498543,13699,8733,599121,HIGH
Dog,Small,13,Urban,212123,13172,3199,262768,HIGH
Dog,Small,2,Semi-Urban,210570,7915,3338,255096,HIGH
Dog,Medium,2,Urban,304074,10513,5353,367931,HIGH
Dog,Medium,1,Semi-Urban,304486,9221,5312,366871,HIGH
Dog,Large,9,Urban,407818,13141,6522,491603,HIGH
Dog,Medium,5,Urban,298838,10930,5877,362991,HIGH
Dog,Large,4,Urban,405925,11379,6532,487411,HIGH
Dog,Large,7,Urban,409159,9474,7420,489960,HIGH
Dog,Medium,5,Urban,302806,9712,4648,364740,HIGH
Dog,Large,2,Semi-Urban,409903,8458,7288,489496,HIGH
Dog,Small,1,Urban,214609,11304,4649,265146,HIGH
Dog,Small,13,Urban,214812,13651,3410,266653,HIGH
Dog,Medium,13,Urban,302025,12873,4837,367695,HIGH
Dog,Large,3,Urban,410820,9657,6869,491447,HIGH
Cat,Large,4,Urban,408550,10014,7468,489936,HIGH
Dog,Medium,11,Urban,304258,13552,5930,372301,HIGH
Dog,Extra Large,7,Semi-Urban,496727,5898,8281,587541,HIGH
Cat,Medium,12,Semi-Urban,300183,10171,4246,361790,HIGH
Dog,Medium,9,Urban,301871,12748,5642,368300,HIGH
Cat,Large,6,Urban,407058,12007,6964,489933,HIGH
Dog,Medium,2,Urban,300511,11262,4876,364146,HIGH
Dog,Medium,5,Urban,301709,9872,5042,364116,HIGH
Dog,Large,6,Urban,412069,10785,6845,494153,HIGH
Dog,Large,7,Urban,408346,10647,6512,489330,HIGH
Dog,Medium,3,Urban,298829,9611,4734,360150,HIGH
Cat,Medium,7,Semi-Urban,300955,6663,5044,359561,HIGH
Dog,Extra Large,3,Urban,498558,8444,9479,593953,HIGH
Dog,Large,1,Semi-Urban,408707,11316,6756,490795,HIGH
Dog,Medium,12,Urban,301437,12321,5898,367604,HIGH
Dog,Medium,13,Semi-Urban,299096,9281,4715,360055,HIGH
Dog,Extra Large,2,Semi-Urban,495978,9157,8015,590122,HIGH
Dog,Small,3,Urban,213228,11394,3697,262566,HIGH
Dog,Large,6,Urban,411400,9090,7428,492105,HIGH
Dog,Extra Large,5,Urban,496314,10247,8851,592723,HIGH
Dog,Large,4,Semi-Urban,411505,8388,7323,491298,HIGH
Dog,Medium,9,Urban,301741,11706,4706,365875,HIGH
Dog,Large,9,Urban,404645,13456,6306,488068,HIGH
Dog,Large,12,Urban,410354,12998,6670,494525,HIGH
Cat,Medium,2,Urban,299455,10274,5736,362784,HIGH
Dog,Large,2,Urban,409896,9839,7402,491207,HIGH
Cat,Large,4,Urban,409609,10065,7267,490982,HIGH
Cat,Large,11,Urban,404706,14685,7105,490470,HIGH
Dog,Small,10,Urban,214122,11886,3057,263424,HIGH
Cat,Large,5,Urban,407857,8862,7466,487812,HIGH
Dog,Medium,13,Urban,300700,12608,5314,366415,HIGH
Dog,Large,4,Urban,410860,9728,7126,491871,HIGH
Dog,Medium,4,Urban,301675,10725,6154,366337,HIGH
Dog,Large,2,Urban,404554,10930,6132,484858,HIGH
Dog,Large,3,Urban,409317,9368,6819,489329,HIGH
Dog,Large,9,Urban,407734,12864,6618,491298,HIGH
Cat,Medium,10,Urban,301540,13359,4550,367366,HIGH
Dog,Large,8,Urban,408378,9030,7534,488683,HIGH
Dog,Medium,10,Urban,303041,12816,4943,368920,HIGH
Dog,Small,3,Urban,213506,10213,3657,261482,HIGH
Dog,Large,11,Urban,407159,12625,7362,491217,HIGH
Cat,Medium,12,Urban,304474,12959,4347,370047,HIGH
Dog,Medium,13,Urban,302983,10697,4986,366465,HIGH
Dog,Large,5,Semi-Urban,407818,8151,6898,486297,HIGH
Cat,Small,2,Urban,211379,9753,2645,257343,HIGH
Dog,Small,9,Urban,212462,13536,2575,262858,HIGH
Cat,Extra Large,1,Urban,496972,13374,8550,596730,HIGH
Dog,Large,6,Urban,409516,9991,6555,489971,HIGH
Dog,Large,5,Urban,411613,9418,7499,492809,HIGH
Dog,Small,6,Semi-Urban,215274,6652,3647,259408,HIGH
Dog,Small,11,Urban,212795,12838,3533,263540,HIGH
Dog,Small,8,Semi-Urban,209927,8302,3672,255186,HIGH
Cat,Large,11,Urban,405219,14098,7812,491198,HIGH
Dog,Medium,11,Semi-Urban,301368,10266,5625,364847,HIGH
Dog,Small,2,Urban,212142,10749,4193,261146,HIGH
Cat,Medium,1,Semi-Urban,304271,10453,5098,367795,HIGH
Dog,Medium,1,Urban,305586,14099,5583,374058,HIGH
Dog,Medium,13,Semi-Urban,302459,10904,4898,366000,HIGH
Dog,Medium,11,Urban,304560,13425,4771,371169,HIGH
Dog,Medium,11,Semi-Urban,300911,10891,5864,365315,HIGH
Dog,Medium,5,Semi-Urban,305221,7154,5635,365711,HIGH
Dog,Large,6,Urban,410430,10643,7426,492773,HIGH
Dog,Small,9,Semi-Urban,215158,10949,3369,263897,HIGH
Dog,Large,3,Urban,408821,9696,6492,488760,HIGH
Dog,Large,1,Semi-Urban,410287,10399,6597,491375,HIGH
Dog,Large,1,Urban,407709,12476,7031,491298,HIGH
Dog,Extra Large,10,Semi-Urban,497846,11174,9083,595818,HIGH
Cat,Medium,7,Semi-Urban,302923,8808,5541,364862,HIGH
Dog,Extra Large,2,Urban,497280,9442,8527,592536,HIGH
Cat,Small,8,Urban,213298,10290,3725,261409,HIGH
Dog,Extra Large,12,Urban,496864,13076,7980,595608,HIGH
Dog,Extra Large,12,Semi-Urban,497851,9467,7725,592299,HIGH
Dog,Large,1,Urban,406989,12609,6207,489675,HIGH
Dog,Small,9,Urban,213453,12130,2705,262531,HIGH
Dog,Medium,4,Urban,302715,10446,4068,364813,HIGH
Dog,Medium,6,Urban,299276,8657,4267,359030,HIGH
Dog,Medium,6,Semi-Urban,302982,7827,5615,363887,HIGH
Cat,Large,6,Urban,410486,8623,7012,490039,HIGH
Dog,Extra Large,3,Semi-Urban,497665,7997,8557,591351,HIGH
Dog,Medium,12,Urban,302894,13805,4307,369156,HIGH
Cat,Medium,10,Urban,302327,13335,5416,369239,HIGH
Dog,Large,6,Urban,409099,10741,6474,490261,HIGH
Dog,Small,7,Semi-Urban,215347,6572,3136,258813,HIGH
Dog,Extra Large,5,Semi-Urban,496975,8132,7242,589201,HIGH
Cat,Medium,9,Semi-Urban,301224,11049,5624,365581,HIGH
Cat,Large,2,Urban,407310,9992,6632,487524,HIGH
Dog,Large,7,Semi-Urban,408810,7924,6924,487206,HIGH
Dog,Medium,11,Semi-Urban,302146,10897,4890,365622,HIGH
Dog,Extra Large,13,Semi-Urban,498740,9629,8624,594541,HIGH
Dog,Medium,1,Urban,305225,12226,4338,370057,HIGH
Dog,Extra Large,1,Urban,495502,14096,9007,596395,HIGH
Cat,Large,8,Urban,409018,9646,7088,489614,HIGH
Dog,Medium,12,Urban,298836,13083,5960,365560,HIGH
Dog,Medium,2,Semi-Urban,304795,7591,5866,365989,HIGH
Dog,Large,13,Urban,409196,13512,7264,494467,HIGH
Dog,Medium,6,Semi-Urban,298558,7537,5587,358434,HIGH
Dog,Large,12,Urban,409274,11740,7399,492674,HIGH
Dog,Medium,8,Urban,301792,9560,5296,364145,HIGH
Dog,Medium,12,Urban,301151,12436,4573,365884,HIGH
Dog,Large,3,Semi-Urban,406515,8945,7099,485942,HIGH
Dog,Large,4,Urban,409485,9708,7378,490556,HIGH
Dog,Medium,2,Urban,304774,9802,4329,366740,HIGH
Dog,Extra Large,10,Semi-Urban,498501,10541,8741,595450,HIGH
Dog,Large,8,Semi-Urban,407765,10151,7807,489581,HIGH
Dog,Large,7,Urban,407360,9099,6646,486570,HIGH
Dog,Large,10,Urban,409002,13076,7005,493445,HIGH
Dog,Medium,2,Urban,305275,9326,5491,368105,HIGH
Dog,Medium,6,Semi-Urban,301892,7866,5718,362797,HIGH
Dog,Medium,8,Urban,299976,9796,4778,361732,HIGH
Dog,Medium,5,Semi-Urban,301408,8567,4469,361610,HIGH
Cat,Extra Large,11,Urban,503266,12932,8847,603801,HIGH
Dog,Large,1,Urban,409501,13560,7214,494816,HIGH
Dog,Medium,11,Urban,302098,13247,5987,369531,HIGH
Dog,Large,11,Urban,407345,12196,7300,490867,HIGH
Cat,Large,10,Semi-Urban,408274,10918,6812,489904,HIGH
Dog,Small,8,Semi-Urban,212296,8275,3770,257992,HIGH
Dog,Medium,9,Urban,303268,13786,5273,370676,HIGH
Dog,Small,11,Urban,210874,13735,3374,262180,HIGH
Dog,Medium,13,Urban,299826,13116,5000,365633,HIGH
Dog,Small,4,Semi-Urban,209011,7961,3377,253401,HIGH
Dog,Medium,5,Urban,301180,9950,5802,364471,HIGH
Dog,Large,12,Urban,407084,12450,6363,489781,HIGH
Dog,Small,6,Urban,215325,9460,3037,261995,HIGH
Cat,Medium,11,Semi-Urban,302504,10929,4917,366102,HIGH
Dog,Large,5,Urban,406822,10366,7092,487922,HIGH
Dog,Medium,12,Urban,302085,13094,4769,367940,HIGH
Dog,Large,5,Urban,409416,9827,6865,490024,HIGH
Dog,Extra Large,10,Semi-Urban,495947,10836,7806,591777,HIGH
Dog,Small,13,Urban,211791,12268,2236,260239,HIGH
Dog,Medium,4,Semi-Urban,302695,7987,5818,363975,HIGH
Dog,Extra Large,1,Urban,499832,12678,8463,599118,HIGH
Dog,Medium,1,Semi-Urban,301341,9817,5304,363931,HIGH
Dog,Medium,9,Urban,303271,12709,4329,368355,HIGH
Dog,Small,5,Urban,216766,9874,2988,264072,HIGH
Dog,Large,4,Semi-Urban,405479,6550,7103,482001,HIGH
Dog,Large,2,Urban,409064,9383,7574,489924,HIGH
Dog,Large,8,Urban,404351,10582,8063,486445,HIGH
Cat,Large,6,Urban,405049,9585,6719,484555,HIGH
Dog,Medium,6,Urban,303641,11064,4726,367345,HIGH
Dog,Large,12,Urban,406792,14093,7560,492711,HIGH
Cat,Small,2,Urban,209215,9261,3082,254791,HIGH
Dog,Medium,10,Urban,299012,12678,4944,364129,HIGH
Dog,Medium,8,Urban,300432,9465,4803,361905,HIGH
Dog,Extra Large,3,Semi-Urban,501309,7641,8212,594736,HIGH
Cat,Large,3,Urban,409879,10972,7511,492616,HIGH
Dog,Small,8,Semi-Urban,216712,7369,3368,261566,HIGH
Dog,Medium,2,Semi-Urban,303284,8295,4935,363991,HIGH
Dog,Small,9,Semi-Urban,213713,10879,3808,262660,HIGH
Cat,Small,1,Urban,213166,13671,2925,264226,HIGH
Dog,Large,13,Urban,410856,12956,7153,495609,HIGH
Cat,Medium,2,Urban,302460,9590,4847,364431,HIGH
Dog,Small,13,Urban,211428,13107,2933,261588,HIGH
Dog,Medium,2,Urban,300533,9300,5489,362620,HIGH
Dog,Large,12,Urban,408049,12811,6056,490953,HIGH
Cat,Medium,13,Urban,300275,13680,6450,368465,HIGH
Dog,Medium,10,Semi-Urban,304034,9669,4714,366179,HIGH
Dog,Medium,9,Urban,303335,13585,4924,370120,HIGH
Dog,Small,8,Urban,215672,9891,4646,264740,HIGH
Dog,Large,4,Semi-Urban,413759,9690,7587,495691,HIGH
Dog,Large,6,Urban,407389,9219,6879,487010,HIGH
Dog,Small,6,Urban,215858,11382,3512,265364,HIGH
Dog,Extra Large,13,Semi-Urban,499709,10027,8062,595467,HIGH
Dog,Small,11,Urban,211485,13122,2838,261561,HIGH
Dog,Medium,3,Semi-Urban,303099,8552,5536,364765,HIGH
Dog,Large,5,Semi-Urban,410257,7950,6611,488540,HIGH
Dog,Medium,12,Semi-Urban,302337,11284,5690,367207,HIGH
Cat,Medium,8,Semi-Urban,301026,8394,4991,361572,HIGH
Dog,Large,6,Semi-Urban,410053,8744,6917,489571,HIGH
Dog,Small,13,Semi-Urban,209556,10747,3058,256865,HIGH
Dog,Small,13,Urban,212267,13025,3062,262607,HIGH
Dog,Extra Large,5,Urban,495318,9609,8466,590401,HIGH
Dog,Medium,9,Semi-Urban,298625,10308,5270,361333,HIGH
Dog,Large,13,Semi-Urban,407632,10891,6667,488968,HIGH
Dog,Extra Large,8,Urban,498375,10066,8669,594676,HIGH
Cat,Large,11,Urban,410225,12062,6228,492792,HIGH
Dog,Extra Large,2,Urban,498730,10278,8078,594648,HIGH
Cat,Small,12,Urban,213853,13621,3851,266023,HIGH
Cat,Medium,9,Urban,301582,11404,4863,365526,HIGH
Dog,Medium,12,Urban,304163,13744,4704,371002,HIGH
Cat,Medium,12,Urban,301118,12524,4646,366031,HIGH
Dog,Small,2,Urban,212947,9707,3579,260167,HIGH
Dog,Medium,9,Urban,302170,11314,4423,365593,HIGH
Cat,Medium,4,Urban,305739,9441,5107,368330,HIGH
Dog,Medium,7,Urban,301097,10298,4861,363694,HIGH
Dog,Small,2,Urban,213872,9153,3388,260374,HIGH
Dog,Extra Large,1,Urban,497839,12242,8423,596279,HIGH
Cat,Medium,4,Semi-Urban,302372,6780,5938,362353,HIGH
Dog,Small,11,Urban,213582,12926,3873,264938,HIGH
Dog,Medium,13,Urban,305837,12338,4891,371525,HIGH
Dog,Medium,7,Semi-Urban,302571,7023,4695,361432,HIGH
Dog,Medium,1,Semi-Urban,304438,9468,4847,366565,HIGH
Cat,Large,10,Urban,410276,12648,6863,494255,HIGH
Cat,Medium,7,Urban,303862,10671,4685,367100,HIGH
Dog,Small,13,Urban,212165,12142,2995,261397,HIGH
Cat,Medium,12,Urban,302716,13176,5752,369890,HIGH
Dog,Extra Large,10,Semi-Urban,497793,10075,8835,594208,HIGH
Dog,Medium,2,Urban,301643,12239,4577,366227,HIGH
Dog,Medium,1,Semi-Urban,303098,10708,5137,366784,HIGH
Cat,Small,13,Semi-Urban,212403,10929,3452,260801,HIGH
Dog,Small,4,Urban,212273,11110,4367,261912,HIGH
Dog,Large,13,Urban,407274,13228,5918,490383,HIGH
Cat,Large,8,Urban,408249,10150,8003,490362,HIGH
Dog,Medium,8,Urban,301961,10448,5250,365307,HIGH
Cat,Large,9,Semi-Urban,409910,9781,7015,490711,HIGH
Dog,Large,7,Urban,410729,9309,7235,491363,HIGH
Dog,Medium,7,Semi-Urban,305817,6949,4711,365098,HIGH
Dog,Medium,13,Urban,299288,13251,5911,366217,HIGH
Dog,Medium,3,Urban,304461,9795,4924,367057,HIGH
Dog,Medium,8,Semi-Urban,302479,6722,5824,362278,HIGH
Cat,Small,2,Semi-Urban,213139,8103,4188,259244,HIGH
Cat,Large,2,Semi-Urban,405874,8233,7439,484777,HIGH
Dog,Small,10,Urban,213614,13281,4348,265929,HIGH
Cat,Medium,7,Semi-Urban,301749,7666,4895,361456,HIGH
Dog,Medium,3,Urban,302143,9971,5427,365172,HIGH
Dog,Large,2,Urban,409848,10970,5642,490429,HIGH
Cat,Medium,11,Urban,302605,12336,5301,368278,HIGH
Dog,Small,13,Urban,214942,13071,3704,266474,HIGH
Dog,Medium,3,Urban,299766,10106,4927,362018,HIGH
Cat,Small,11,Semi-Urban,212823,8866,3598,259080,HIGH
Dog,Medium,8,Urban,302094,10724,4821,365284,HIGH
Dog,Medium,1,Urban,304185,11797,5998,370277,HIGH
Dog,Small,5,Urban,216653,9221,3612,263908,HIGH
Dog,Large,10,Semi-Urban,408739,10612,6715,489975,HIGH
Dog,Medium,12,Urban,299552,12350,4536,363903,HIGH
Cat,Medium,1,Semi-Urban,299427,10246,5492,362439,HIGH
Dog,Large,3,Urban,409435,9229,7519,490110,HIGH
Dog,Medium,5,Urban,300239,10894,6004,364707,HIGH
Cat,Medium,2,Urban,303586,10184,5072,366668,HIGH
Dog,Medium,4,Urban,297527,10646,5099,360262,HIGH
Dog,Small,4,Urban,211855,11093,4177,261193,HIGH
Dog,Extra Large,3,Urban,499864,9382,7654,594435,HIGH
Dog,Medium,7,Urban,298588,10512,5402,361677,HIGH
Dog,Medium,2,Urban,301333,9909,5505,364259,HIGH
Dog,Medium,4,Urban,301869,9849,4743,363930,HIGH
Dog,Medium,9,Semi-Urban,304830,11867,5742,370804,HIGH
Dog,Large,12,Semi-Urban,405021,11715,7015,487313,HIGH
Dog,Large,6,Urban,407236,8102,7049,485745,HIGH
Dog,Medium,1,Urban,299950,12378,4244,364057,HIGH
Dog,Medium,10,Urban,302059,14330,5063,369669,HIGH
Dog,Medium,10,Semi-Urban,303490,9816,4571,365558,HIGH
Dog,Extra Large,5,Semi-Urban,497121,8963,8689,591988,HIGH
Dog,Medium,11,Semi-Urban,300728,9392,4124,361380,HIGH
Dog,Medium,3,Urban,298879,9956,5520,361508,HIGH
Cat,Medium,11,Urban,303414,12004,5031,368516,HIGH
Dog,Small,3,Semi-Urban,209334,7477,3574,253442,HIGH
Dog,Medium,9,Urban,303597,12581,4632,368931,HIGH
Dog,Large,8,Urban,408674,9078,6498,487887,HIGH
Dog,Medium,3,Urban,303012,10795,5358,367039,HIGH
Dog,Small,4,Urban,213487,9761,4042,261383,HIGH
Dog,Large,7,Semi-Urban,410627,7287,6363,487918,HIGH
Dog,Small,4,Urban,214233,9544,3301,261139,HIGH
Cat,Large,9,Urban,409101,12992,7033,493494,HIGH
Dog,Large,2,Semi-Urban,409670,8504,6793,488712,HIGH
Dog,Medium,5,Urban,302415,8925,5148,363961,HIGH
Cat,Large,6,Urban,408207,11444,6718,490324,HIGH
Cat,Medium,4,Urban,300373,10977,4358,363064,HIGH
Cat,Medium,9,Urban,301869,14372,4770,369162,HIGH
Cat,Medium,2,Urban,301113,10474,5221,364329,HIGH
Dog,Medium,2,Urban,302703,9753,4565,364574,HIGH
Dog,Medium,4,Urban,302519,9759,5435,365369,HIGH
Dog,Large,12,Urban,409294,11833,8007,493504,HIGH
Dog,Large,12,Urban,409702,13424,5905,493385,HIGH
Dog,Medium,11,Semi-Urban,297513,12481,6803,364316,HIGH
Dog,Large,2,Semi-Urban,409049,8700,6598,487999,HIGH
Dog,Large,5,Urban,408833,9955,6303,488854,HIGH
Dog,Small,13,Urban,215097,12862,2373,264881,HIGH
Dog,Large,10,Urban,407126,12951,6366,490409,HIGH
Cat,Large,10,Urban,408361,12386,6453,491280,HIGH
Dog,Medium,10,Semi-Urban,301021,10810,5189,364573,HIGH
Cat,Small,12,Urban,213623,13598,3191,264973,HIGH
Dog,Large,12,Urban,405438,13105,7176,489576,HIGH
Dog,Large,3,Urban,406990,10010,5749,486161,HIGH
Dog,Medium,11,Urban,301787,11928,5590,367200,HIGH
Cat,Medium,1,Semi-Urban,301537,9604,5271,363873,HIGH
Cat,Medium,9,Urban,301000,12691,4751,366208,HIGH
Cat,Medium,3,Urban,301799,10631,4695,364693,HIGH
Cat,Medium,9,Urban,301876,12368,5259,367428,HIGH
Cat,Large,11,Semi-Urban,406147,9768,7725,487186,HIGH
Dog,Large,1,Urban,407787,11527,6854,490093,HIGH
Dog,Medium,2,Urban,303124,10271,4411,365476,HIGH
Cat,Small,2,Urban,219006,8508,3775,265982,HIGH
Dog,Extra Large,2,Urban,498886,10187,8109,594759,HIGH
Dog,Medium,3,Urban,301092,11367,4928,364995,HIGH
Dog,Large,12,Urban,407551,11982,6672,490135,HIGH
Dog,Extra Large,6,Urban,496803,9704,8265,591987,HIGH
Dog,Medium,7,Urban,300283,9046,6041,362675,HIGH
Dog,Small,6,Urban,212380,10704,3708,260810,HIGH
Dog,Extra Large,7,Urban,495684,10548,8692,592162,HIGH
Dog,Medium,11,Urban,303850,13129,5881,371289,HIGH
Dog,Extra Large,5,Semi-Urban,494602,7720,8255,587163,HIGH
Dog,Medium,6,Semi-Urban,301008,8784,4998,362008,HIGH
Dog,Medium,10,Urban,302210,12517,4392,366986,HIGH
Dog,Large,5,Urban,407324,9952,6993,487909,HIGH
Dog,Medium,7,Urban,303991,9448,5942,367288,HIGH
Cat,Medium,9,Urban,301372,11336,5048,365419,HIGH
Dog,Large,5,Urban,407701,9538,6758,487596,HIGH
Dog,Large,5,Urban,408395,10672,6189,489044,HIGH
Dog,Small,12,Urban,211200,13385,3270,262033,HIGH
Cat,Medium,9,Semi-Urban,301465,10726,5070,364850,HIGH
Dog,Medium,5,Urban,301288,9914,4089,362584,HIGH
Cat,Medium,6,Semi-Urban,302560,9599,5262,365034,HIGH
Dog,Large,13,Semi-Urban,404150,11401,6396,485239,HIGH
Dog,Small,8,Urban,214262,9580,3210,261109,HIGH
Dog,Small,11,Urban,214908,11440,3029,263783,HIGH
Cat,Medium,10,Urban,301349,15099,5045,369716,HIGH
Dog,Medium,1,Semi-Urban,300977,9818,5690,363957,HIGH
Cat,Large,1,Urban,407667,11919,7249,490860,HIGH
Dog,Medium,6,Urban,300788,10397,5310,363969,HIGH
Dog,Large,3,Semi-Urban,410516,8095,6645,489044,HIGH
Dog,Medium,3,Semi-Urban,305657,8114,5022,366611,HIGH
Dog,Large,11,Semi-Urban,406972,10339,6856,487792,HIGH
Dog,Medium,1,Semi-Urban,300832,9818,5095,363106,HIGH
Dog,Large,13,Urban,408726,12935,7978,494084,HIGH
Dog,Medium,9,Urban,298131,13366,4990,363960,HIGH
Dog,Large,2,Semi-Urban,410536,8844,7309,490692,HIGH
Cat,Large,11,Semi-Urban,407654,10619,7063,489136,HIGH
Dog,Extra Large,12,Semi-Urban,499400,9681,7839,594458,HIGH
Dog,Medium,11,Urban,301652,12109,5248,366860,HIGH
Cat,Medium,8,Urban,301525,10902,5313,365401,HIGH
Dog,Small,5,Urban,216183,8825,3827,263160,HIGH
Dog,Medium,10,Urban,300602,12390,5101,365806,HIGH
Dog,Medium,2,Semi-Urban,303543,8804,5676,365726,HIGH
Dog,Small,1,Urban,212886,12374,4094,263757,HIGH
Cat,Large,3,Urban,407904,8565,7274,487304,HIGH
Dog,Large,4,Semi-Urban,407764,7980,7067,486232,HIGH
Dog,Medium,11,Urban,301649,11981,5527,367030,HIGH
Cat,Large,13,Semi-Urban,407764,11510,6425,489553,HIGH
Dog,Large,5,Semi-Urban,409326,7507,6253,486548,HIGH
Cat,Large,7,Semi-Urban,408009,7122,6303,484649,HIGH
Dog,Medium,2,Urban,300083,10167,5333,362920,HIGH
Dog,Large,10,Urban,408933,13392,8008,494882,HIGH
Dog,Small,11,Urban,218788,13416,3729,271322,HIGH
Dog,Large,10,Urban,407353,12341,6467,490085,HIGH
Cat,Medium,7,Urban,304419,8623,5486,366307,HIGH
Dog,Large,3,Urban,409098,10299,6982,490335,HIGH
Dog,Medium,1,Urban,304790,13609,4634,371487,HIGH
Dog,Medium,8,Urban,303868,10849,4993,367666,HIGH
Dog,Large,9,Urban,407402,12261,7120,490800,HIGH
Dog,Medium,6,Urban,302516,9328,5239,364645,HIGH
Dog,Medium,12,Urban,300292,11973,4974,364824,HIGH
Dog,Large,13,Urban,403575,13297,6585,486975,HIGH
Cat,Small,9,Urban,213657,14568,3992,267049,HIGH
Dog,Small,5,Urban,213855,10589,3021,261584,HIGH
Cat,Medium,5,Urban,299045,9664,4380,360052,HIGH
Cat,Small,10,Urban,211582,12270,3671,261651,HIGH
Dog,Large,12,Urban,411826,12176,6479,495053,HIGH
Cat,Small,3,Urban,208829,10475,3514,256240,HIGH
Dog,Large,4,Urban,408162,9869,7064,488859,HIGH
Cat,Large,7,Semi-Urban,409848,7955,6379,487809,HIGH
Dog,Medium,5,Urban,297203,10448,4651,359147,HIGH
Dog,Medium,1,Semi-Urban,301931,10405,5344,365332,HIGH
Dog,Large,2,Urban,407226,10013,7571,488531,HIGH
Dog,Medium,3,Semi-Urban,298209,7347,5956,358238,HIGH
Dog,Extra Large,3,Urban,497645,8735,8213,591781,HIGH
Dog,Small,11,Semi-Urban,215203,9939,3662,263124,HIGH
Dog,Medium,7,Semi-Urban,298580,8594,4718,358675,HIGH
Dog,Medium,13,Urban,302156,11180,4639,365671,HIGH
Dog,Small,6,Semi-Urban,211794,8111,2947,256279,HIGH
Dog,Small,5,Urban,212657,8322,3880,258587,HIGH
Cat,Large,7,Urban,409914,10102,6961,491023,HIGH
Cat,Large,1,Urban,403219,13481,6551,486738,HIGH
Dog,Medium,11,Urban,304859,12752,5101,371118,HIGH
Cat,Small,6,Urban,215054,10751,4765,265155,HIGH
Dog,Large,11,Urban,407337,13904,7229,492740,HIGH
Cat,Extra Large,10,Urban,496779,14139,9516,598499,HIGH
Dog,Large,9,Urban,406524,12349,7448,490269,HIGH
Dog,Small,10,Urban,214071,12828,3804,265308,HIGH
Cat,Medium,3,Urban,302797,9964,5232,365691,HIGH
Dog,Large,13,Urban,408943,12070,7160,492398,HIGH
Cat,Medium,5,Urban,297725,10728,5733,361313,HIGH
Dog,Small,7,Urban,214331,9607,4483,262684,HIGH
Cat,Small,7,Semi-Urban,215725,7309,3347,260338,HIGH
Cat,Medium,9,Semi-Urban,303170,11143,5037,367252,HIGH
Dog,Medium,12,Urban,300473,13257,4967,366501,HIGH
Dog,Large,2,Semi-Urban,406276,8371,6219,483995,HIGH
Dog,Large,1,Urban,409117,12821,7267,493585,HIGH
Dog,Extra Large,1,Urban,500039,12192,8820,599208,HIGH
Dog,Medium,12,Urban,303723,13722,5674,371586,HIGH
Dog,Medium,8,Semi-Urban,300544,6951,6107,360642,HIGH
Cat,Small,7,Urban,212719,8689,4318,259584,HIGH
Dog,Medium,5,Urban,301912,10034,5204,364722,HIGH
Dog,Medium,5,Urban,296611,11170,5139,359858,HIGH
Dog,Medium,4,Urban,300176,9499,4856,361710,HIGH
Dog,Large,9,Urban,409783,12350,7466,494038,HIGH
Cat,Medium,10,Urban,301923,13119,5721,368877,HIGH
Dog,Extra Large,7,Semi-Urban,500743,7442,7991,593602,HIGH
Dog,Medium,13,Urban,302319,12272,4443,366889,HIGH
Dog,Small,8,Urban,213897,9586,4108,261729,HIGH
Dog,Medium,2,Semi-Urban,298743,9582,4888,360194,HIGH
Dog,Large,8,Urban,412106,9565,6881,492834,HIGH
Dog,Medium,4,Urban,304937,10584,5108,368723,HIGH
Dog,Small,1,Semi-Urban,215717,10828,2822,263772,HIGH
Dog,Medium,5,Urban,301529,10343,5035,364443,HIGH
Cat,Medium,9,Semi-Urban,301754,10472,4712,364478,HIGH
Dog,Extra Large,3,Semi-Urban,497382,8117,8301,590870,HIGH
Dog,Small,4,Urban,213604,10676,3853,262352,HIGH
Dog,Large,9,Urban,409621,12270,6520,492672,HIGH
Dog,Extra Large,8,Semi-Urban,496989,7512,8033,589414,HIGH
Dog,Large,11,Urban,410468,13205,5646,493716,HIGH
Dog,Medium,4,Semi-Urban,300895,7572,4891,360361,HIGH
Dog,Medium,4,Urban,302113,10792,4881,365453,HIGH
Cat,Medium,13,Urban,303088,14314,4844,370582,HIGH
Dog,Extra Large,11,Urban,496143,11924,8615,594184,HIGH
Cat,Large,3,Urban,405111,11202,6948,486750,HIGH
Dog,Small,2,Semi-Urban,209472,8602,3639,254969,HIGH
Cat,Large,12,Urban,403175,13688,7191,487662,HIGH
Dog,Small,8,Semi-Urban,216076,6799,3380,260193,HIGH
Dog,Medium,10,Urban,304327,13102,5019,370815,HIGH
Dog,Medium,8,Semi-Urban,303058,8807,5480,364946,HIGH
Dog,Medium,1,Urban,302930,11302,4885,366984,HIGH
Dog,Medium,1,Urban,300563,12926,5032,366299,HIGH
Dog,Small,6,Urban,215095,11344,3817,264794,HIGH
Cat,Small,8,Semi-Urban,212351,6670,3959,256427,HIGH
Dog,Medium,2,Semi-Urban,300387,7878,4717,359929,HIGH
Cat,Medium,3,Urban,302724,10346,5089,365882,HIGH
Dog,Extra Large,3,Semi-Urban,500737,9014,8300,595758,HIGH
Dog,Medium,6,Urban,301398,10324,5604,364924,HIGH
Dog,Small,4,Semi-Urban,210670,6515,3603,253906,HIGH
Dog,Medium,6,Urban,304210,11269,5260,368849,HIGH
Dog,Extra Large,9,Urban,499729,13559,8379,599917,HIGH
Dog,Extra Large,1,Semi-Urban,498938,10123,9109,595895,HIGH
Dog,Medium,3,Semi-Urban,301818,7369,4323,360536,HIGH
Dog,Medium,10,Urban,302006,13227,5582,368937,HIGH
Cat,Large,11,Urban,410725,12205,6306,493621,HIGH
Dog,Large,11,Urban,407011,13750,6459,491303,HIGH
Dog,Large,4,Urban,407071,9905,6239,486697,HIGH
Dog,Medium,2,Urban,300988,9763,5255,363406,HIGH
Dog,Large,7,Urban,407256,10074,7842,488947,HIGH
Cat,Medium,1,Semi-Urban,298761,11050,5127,362178,HIGH
Dog,Small,8,Semi-Urban,213340,8630,3712,259534,HIGH
Cat,Small,7,Urban,210476,10796,2791,257672,HIGH
Dog,Small,11,Urban,211493,13917,3492,263237,HIGH
Dog,Medium,11,Urban,301820,13030,3847,366501,HIGH
Dog,Medium,1,Urban,302778,12467,5923,369343,HIGH
Dog,Extra Large,5,Urban,497159,10962,8602,594231,HIGH
Dog,Small,3,Urban,211000,8898,3361,256747,HIGH
Cat,Large,8,Semi-Urban,409840,7055,6338,486717,HIGH
Dog,Medium,7,Urban,306100,9222,5042,368418,HIGH
Dog,Medium,13,Urban,301469,13134,4790,367301,HIGH
Dog,Medium,1,Urban,298902,11516,4329,361959,HIGH
Dog,Medium,12,Semi-Urban,303517,8938,3939,363853,HIGH
Dog,Medium,13,Urban,302594,12902,5980,369697,HIGH
Cat,Small,11,Urban,212336,11935,4151,262685,HIGH
Cat,Medium,7,Urban,300618,10330,4543,362814,HIGH
Dog,Medium,9,Urban,302405,13231,4729,368419,HIGH
Cat,Small,6,Urban,211604,10344,4306,260192,HIGH
Cat,Medium,5,Urban,304163,10251,5531,367936,HIGH
Cat,Extra Large,8,Semi-Urban,500827,7709,8509,594601,HIGH
Dog,Large,5,Urban,412429,9807,6941,493553,HIGH
Dog,Small,10,Urban,210600,12811,3442,260880,HIGH
Dog,Large,10,Urban,407664,13903,6587,492377,HIGH
Dog,Medium,9,Urban,301528,13958,5516,369152,HIGH
Dog,Medium,4,Urban,298295,9801,4861,359900,HIGH
Cat,Medium,3,Urban,303821,10651,5580,368059,HIGH
Dog,Medium,1,Semi-Urban,297379,9479,6031,359822,HIGH
Dog,Small,8,Semi-Urban,213932,7535,3752,259001,HIGH
Dog,Large,7,Semi-Urban,408193,8445,5669,485653,HIGH
Dog,Large,13,Semi-Urban,406860,12056,7052,489863,HIGH
Dog,Extra Large,4,Semi-Urban,497774,7710,8365,590926,HIGH
Dog,Large,13,Urban,408570,12427,6563,491694,HIGH
Dog,Medium,3,Urban,302221,10343,4620,364761,HIGH
Dog,Small,12,Semi-Urban,211484,11437,3271,260120,HIGH
Dog,Large,12,Urban,408408,13349,6227,492181,HIGH
Dog,Large,9,Urban,406706,11707,7274,489540,HIGH
Dog,Medium,6,Urban,300354,10028,5653,363440,HIGH
Dog,Medium,13,Semi-Urban,302602,10251,5121,365670,HIGH
Cat,Large,3,Urban,407379,9902,7195,488147,HIGH
Dog,Small,7,Semi-Urban,212145,8683,3372,257830,HIGH
Dog,Large,8,Urban,409365,8699,7126,488968,HIGH
Dog,Large,4,Semi-Urban,406928,9632,7475,487640,HIGH
Dog,Medium,8,Urban,304269,10674,4228,367046,HIGH
Dog,Large,7,Urban,406277,9980,7561,487390,HIGH
Cat,Small,7,Semi-Urban,213259,7595,3685,258219,HIGH
Dog,Medium,12,Semi-Urban,303118,11195,4495,366629,HIGH
Dog,Small,4,Semi-Urban,210602,9581,3058,256727,HIGH
Cat,Medium,9,Semi-Urban,301078,9121,4311,361686,HIGH
Dog,Large,7,Urban,410294,11071,7315,492982,HIGH
Dog,Extra Large,3,Urban,495507,10935,8392,592059,HIGH
Cat,Medium,12,Urban,300925,13291,5749,367959,HIGH
Dog,Medium,10,Urban,300523,12599,4493,365257,HIGH
Dog,Extra Large,5,Urban,496485,11101,8377,593357,HIGH
Cat,Extra Large,1,Urban,499189,12114,7108,596172,HIGH
Dog,Large,2,Semi-Urban,406817,7977,7191,485282,HIGH
Dog,Large,4,Semi-Urban,406241,8816,6808,485144,HIGH
Dog,Large,9,Semi-Urban,408582,9548,6296,488089,HIGH
Cat,Medium,1,Semi-Urban,301884,10851,5257,365690,HIGH
Dog,Extra Large,9,Urban,495288,11445,8566,592593,HIGH
Dog,Medium,5,Semi-Urban,301714,7305,5761,361997,HIGH
Dog,Large,12,Urban,407672,12412,6580,490663,HIGH
Dog,Small,2,Urban,211934,9423,3386,258454,HIGH
Cat,Medium,6,Semi-Urban,300855,9076,5150,362343,HIGH
Dog,Medium,3,Semi-Urban,300610,7340,5541,360514,HIGH
Dog,Medium,6,Urban,301570,9451,5714,364245,HIGH
Dog,Medium,5,Urban,298283,9327,5903,360539,HIGH
Dog,Medium,6,Urban,303012,8914,5820,365407,HIGH
Cat,Large,12,Semi-Urban,405237,10855,6460,485934,HIGH
Dog,Medium,12,Semi-Urban,298076,11160,5739,362221,HIGH
Cat,Large,7,Urban,406984,10138,7843,488709,HIGH
Dog,Large,4,Urban,406502,11179,7731,489223,HIGH
Dog,Small,7,Semi-Urban,211947,7353,3600,256335,HIGH
Cat,Medium,3,Urban,299795,8821,4624,360226,HIGH
Dog,Large,4,Urban,411184,10934,6496,492906,HIGH
Dog,Large,12,Semi-Urban,410690,12568,7286,495125,HIGH
Dog,Large,2,Urban,406353,10895,7032,487922,HIGH
Dog,Large,12,Urban,409540,12064,7341,493286,HIGH
Dog,Large,12,Urban,408522,12531,6268,491419,HIGH
Dog,Large,3,Urban,405266,9343,6155,483878,HIGH
Dog,Large,13,Semi-Urban,409208,10234,6946,490346,HIGH
Dog,Large,12,Urban,404951,12253,6989,487821,HIGH
Dog,Large,10,Semi-Urban,406722,11111,6394,487861,HIGH
Dog,Large,4,Urban,407657,9165,6793,487157,HIGH
Dog,Extra Large,3,Semi-Urban,494545,8809,8976,589179,HIGH
Dog,Medium,10,Semi-Urban,301220,10700,6051,365666,HIGH
Cat,Large,7,Urban,405428,10232,7633,486786,HIGH
Dog,Large,7,Urban,409237,10337,6901,490446,HIGH
Cat,Medium,5,Urban,302780,10390,4769,365629,HIGH
Dog,Medium,9,Semi-Urban,301161,9233,5106,362825,HIGH
Dog,Large,11,Urban,408622,13554,6026,492432,HIGH
Dog,Medium,3,Semi-Urban,302085,8416,4151,361849,HIGH
Dog,Medium,4,Urban,305323,12124,4285,369991,HIGH
Dog,Large,7,Urban,407985,8981,6970,487526,HIGH
Dog,Extra Large,12,Urban,495097,12457,7348,592137,HIGH
Dog,Medium,4,Urban,304798,10146,5390,368384,HIGH
Cat,Medium,5,Urban,298751,10693,4535,361075,HIGH
Dog,Large,5,Urban,410274,9211,7034,490496,HIGH
Cat,Large,2,Urban,409287,9504,7070,489740,HIGH
Dog,Medium,2,Urban,301548,10854,5971,366128,HIGH
Dog,Extra Large,12,Urban,495770,10636,8573,592225,HIGH
Dog,Medium,10,Semi-Urban,298364,9813,5177,360357,HIGH
Dog,Large,3,Urban,410069,9772,6992,490857,HIGH
Dog,Medium,13,Semi-Urban,304983,12141,5116,370576,HIGH
Dog,Medium,5,Urban,298008,9988,4150,358967,HIGH
Dog,Medium,4,Semi-Urban,300692,8017,5242,361043,HIGH
Cat,Medium,9,Urban,300445,13704,5716,367844,HIGH
Dog,Large,3,Semi-Urban,410528,8872,5820,489003,HIGH
Dog,Medium,2,Urban,298509,9645,4689,359769,HIGH
Cat,Extra Large,3,Urban,495511,9762,8878,591273,HIGH
Dog,Medium,11,Urban,304383,13768,5340,372014,HIGH
Dog,Large,8,Semi-Urban,411690,9143,7284,492334,HIGH
Dog,Extra Large,9,Urban,498198,13771,8236,598235,HIGH
Dog,Large,12,Urban,406761,13132,6219,490028,HIGH
Cat,Small,10,Urban,212104,13018,3106,262462,HIGH
Dog,Small,4,Urban,214137,9560,3730,261541,HIGH
Cat,Medium,2,Urban,300022,10160,4708,362123,HIGH
Cat,Medium,4,Urban,298477,9951,4283,359617,HIGH
Dog,Medium,11,Urban,299008,12293,4548,363226,HIGH
Cat,Extra Large,7,Urban,497608,9801,8422,593205,HIGH
Cat,Extra Large,7,Urban,498673,10254,7936,594392,HIGH
Dog,Medium,2,Semi-Urban,301227,7778,3991,359945,HIGH
Dog,Large,6,Urban,409316,9462,7019,489666,HIGH
Dog,Small,5,Urban,210439,9436,3927,257372,HIGH
Dog,Medium,2,Semi-Urban,297660,7285,4945,356373,HIGH
Dog,Medium,5,Urban,302074,10350,5049,365093,HIGH
Dog,Medium,10,Urban,301556,11999,5164,366526,HIGH
Cat,Extra Large,7,Urban,497805,9096,9161,593471,HIGH
Cat,Medium,12,Urban,306558,13926,4815,374093,HIGH
Dog,Large,5,Urban,406294,9787,6937,486470,HIGH
Dog,Medium,5,Urban,301734,8718,5265,363074,HIGH
Dog,Small,11,Semi-Urban,216123,9994,3982,264613,HIGH
Dog,Large,7,Urban,407914,9628,7676,489000,HIGH
Dog,Large,7,Urban,411364,10268,6920,492834,HIGH
Dog,Large,12,Urban,403129,13393,7285,487378,HIGH
Cat,Large,12,Urban,410157,13146,7353,495254,HIGH
Dog,Medium,11,Urban,300361,13158,5058,366363,HIGH
Dog,Medium,12,Semi-Urban,303537,10766,4513,366638,HIGH
Dog,Medium,10,Urban,299743,14298,4938,366825,HIGH
Dog,Small,1,Urban,212710,13616,3183,263935,HIGH
Dog,Large,7,Urban,408464,9859,7485,489679,HIGH
Dog,Medium,6,Urban,299215,10643,5481,362639,HIGH
Dog,Small,10,Semi-Urban,214848,10663,3121,262926,HIGH
Dog,Medium,11,Urban,299704,12065,5554,364921,HIGH
Cat,Medium,2,Urban,301440,11892,5298,366424,HIGH
Dog,Small,3,Semi-Urban,214384,8135,3691,260141,HIGH
Dog,Medium,9,Urban,304144,13940,5052,371606,HIGH
Dog,Medium,4,Urban,303381,9415,5375,365896,HIGH
Dog,Large,3,Urban,404546,11128,6854,485907,HIGH
Dog,Extra Large,7,Urban,494968,10886,8505,591512,HIGH
Dog,Small,8,Urban,213884,9950,3215,261106,HIGH
Dog,Medium,12,Urban,304031,12764,5699,370868,HIGH
Dog,Medium,11,Semi-Urban,301258,9187,5820,363704,HIGH
Cat,Medium,5,Semi-Urban,303565,7973,5118,364154,HIGH
Cat,Medium,4,Urban,299747,10695,5235,363028,HIGH
Dog,Medium,4,Urban,299361,9392,4560,360309,HIGH
Dog,Medium,13,Semi-Urban,300523,10625,5682,364354,HIGH
Dog,Medium,7,Semi-Urban,302069,7420,5613,362367,HIGH
Dog,Large,9,Urban,408467,13138,6551,492379,HIGH
Dog,Medium,12,Semi-Urban,301868,10226,5384,365099,HIGH
Dog,Large,4,Urban,408201,10301,6746,489035,HIGH
Cat,Medium,13,Semi-Urban,301823,10245,5490,365191,HIGH
Dog,Medium,11,Urban,299116,13155,5258,365158,HIGH
Dog,Large,6,Semi-Urban,411188,8162,6552,489787,HIGH
Dog,Large,9,Semi-Urban,411243,11068,7369,494132,HIGH
Dog,Medium,5,Semi-Urban,302938,10262,4660,365539,HIGH
Dog,Small,1,Urban,210793,12399,3614,260826,HIGH
Cat,Large,6,Urban,411525,10056,7260,493167,HIGH
Dog,Large,7,Urban,407628,10694,6166,488161,HIGH
Dog,Small,5,Urban,210587,8490,4166,256729,HIGH
Cat,Small,4,Semi-Urban,212670,7520,4252,258108,HIGH
Dog,Medium,8,Semi-Urban,302559,8261,5860,364182,HIGH
Dog,Extra Large,5,Urban,496970,9731,7652,591505,HIGH
Dog,Small,10,Semi-Urban,215965,10373,3844,264709,HIGH
Dog,Extra Large,11,Urban,496725,12733,8928,596143,HIGH
Dog,Small,13,Semi-Urban,215686,10741,3481,264394,HIGH
Cat,Small,7,Urban,212972,10000,3355,260276,HIGH
Dog,Large,7,Semi-Urban,405037,9519,6699,484443,HIGH
Dog,Small,6,Urban,212409,8557,3622,258276,HIGH
Dog,Medium,5,Urban,303937,10214,4767,366755,HIGH
Dog,Medium,12,Semi-Urban,301596,10362,4600,364041,HIGH
Dog,Extra Large,7,Urban,497047,10155,8406,592949,HIGH
Dog,Extra Large,6,Urban,497578,10605,8437,594113,HIGH
Cat,Medium,1,Semi-Urban,304020,10552,5625,368226,HIGH
Dog,Large,5,Urban,407204,9988,6858,487657,HIGH
Dog,Large,7,Urban,406848,9677,5968,485866,HIGH
Dog,Small,10,Urban,211559,15286,3608,265020,HIGH
Cat,Medium,6,Urban,303678,10080,5158,366753,HIGH
Dog,Large,10,Urban,407781,13878,7394,493410,HIGH
Dog,Small,11,Semi-Urban,212591,11103,4135,262003,HIGH
Dog,Large,2,Urban,410480,10729,5908,491184,HIGH
Cat,Small,12,Urban,212842,12973,3150,263309,HIGH
Dog,Medium,5,Urban,304100,9199,5368,366467,HIGH
Dog,Extra Large,13,Urban,495821,13288,8001,594676,HIGH
Cat,Medium,10,Urban,302087,12233,4836,367029,HIGH
Dog,Medium,12,Urban,301619,12118,5749,367408,HIGH
Dog,Medium,13,Urban,302076,13071,4648,367764,HIGH
Dog,Medium,12,Semi-Urban,301389,10475,4950,364336,HIGH
Dog,Medium,1,Urban,299051,11450,4901,362712,HIGH
Dog,Large,4,Semi-Urban,409566,7624,7071,487900,HIGH
Cat,Large,3,Urban,405146,9258,7199,484843,HIGH
Dog,Large,1,Semi-Urban,408366,10581,6438,489192,HIGH
Dog,Medium,2,Semi-Urban,305125,7445,4740,364906,HIGH
Dog,Medium,10,Urban,300986,11755,5352,365806,HIGH
Dog,Small,3,Urban,209470,9701,3729,256335,HIGH
Dog,Small,1,Urban,215755,12104,3162,265674,HIGH
Dog,Large,1,Urban,408208,13036,6827,492281,HIGH
Dog,Extra Large,2,Semi-Urban,495197,8084,8776,588865,HIGH
Dog,Large,11,Urban,405901,15012,7231,492365,HIGH
Dog,Large,3,Urban,403872,8966,5893,481540,HIGH
Dog,Large,4,Semi-Urban,408106,10258,6698,488821,HIGH
Cat,Medium,4,Semi-Urban,302419,9834,4670,364461,HIGH
Cat,Large,7,Urban,407554,9279,7860,488396,HIGH
Cat,Large,5,Urban,410348,10799,6891,492243,HIGH
Dog,Large,4,Semi-Urban,408166,8191,7828,487812,HIGH
Dog,Medium,10,Urban,297456,14202,4345,363403,HIGH
Cat,Extra Large,13,Urban,493984,12575,8467,592279,HIGH
Cat,Small,2,Urban,213373,9148,3549,259980,HIGH
Dog,Medium,11,Urban,302858,12008,5075,367932,HIGH
Dog,Medium,4,Urban,299809,9906,5592,362603,HIGH
Dog,Medium,1,Urban,300805,11712,5490,365708,HIGH
Cat,Medium,13,Urban,298944,12709,5949,365242,HIGH
Cat,Medium,12,Urban,302094,13340,5209,368739,HIGH
Dog,Medium,3,Urban,298516,11085,4843,361610,HIGH
Dog,Medium,12,Urban,305013,11434,3880,368376,HIGH
Cat,Large,7,Urban,411567,9950,6159,491827,HIGH
Dog,Medium,6,Urban,299623,10519,4387,361708,HIGH
Dog,Extra Large,7,Semi-Urban,496274,6653,8487,588126,HIGH
Dog,Medium,4,Urban,300272,9112,5813,362476,HIGH
Dog,Large,3,Urban,405058,9423,6036,483594,HIGH
Dog,Medium,4,Semi-Urban,304313,8502,4902,365374,HIGH
Dog,Medium,3,Semi-Urban,303337,8370,5617,364922,HIGH
Dog,Extra Large,3,Semi-Urban,497179,9356,9174,593065,HIGH
Dog,Large,12,Urban,407137,12832,6892,490890,HIGH
Dog,Large,9,Semi-Urban,406973,11252,7578,489673,HIGH
Dog,Medium,12,Urban,300032,13000,5300,366081,HIGH
Dog,Medium,3,Semi-Urban,302391,6412,5100,360988,HIGH
Dog,Large,2,Semi-Urban,407070,6724,6452,483282,HIGH
Cat,Medium,8,Urban,306066,8529,4501,366960,HIGH
Dog,Large,10,Urban,406778,13499,6668,490986,HIGH
Dog,Large,8,Urban,405088,8929,6356,483428,HIGH
Cat,Medium,4,Urban,301980,11026,5360,366120,HIGH
Dog,Extra Large,11,Urban,496706,13005,8723,596199,HIGH
Dog,Small,10,Urban,212219,13692,3352,263652,HIGH
Dog,Medium,4,Urban,303816,8656,5014,365108,HIGH
Cat,Small,5,Urban,213431,8552,4332,260262,HIGH
Dog,Medium,2,Urban,302807,10472,5480,366572,HIGH
Dog,Large,3,Urban,405341,10562,7860,487327,HIGH
Dog,Large,3,Urban,407603,9353,6722,487229,HIGH
Dog,Medium,6,Urban,302534,9472,5034,364596,HIGH
Dog,Medium,13,Urban,302424,14482,4857,370027,HIGH
Dog,Medium,3,Semi-Urban,301995,8088,5325,362719,HIGH
Cat,Medium,7,Urban,300693,11114,4802,364100,HIGH
Dog,Small,9,Urban,215921,13260,3357,267418,HIGH
Dog,Small,5,Urban,208317,8964,2756,253042,HIGH
Dog,Large,4,Semi-Urban,406707,7715,7044,484685,HIGH
Dog,Large,4,Urban,408636,8387,7471,488168,HIGH
Cat,Small,9,Urban,215731,13002,3302,266840,HIGH
Dog,Small,7,Semi-Urban,211216,8562,3967,257306,HIGH
Cat,Large,12,Urban,408721,13648,7525,494378,HIGH
Dog,Large,12,Semi-Urban,406706,11155,6557,488080,HIGH
Dog,Large,8,Semi-Urban,410832,7897,7610,490289,HIGH
Dog,Medium,5,Semi-Urban,301727,8269,5112,362374,HIGH
Dog,Medium,5,Urban,300016,9285,4891,361320,HIGH
Dog,Large,5,Urban,408563,10582,6900,489951,HIGH
Dog,Small,7,Urban,213292,9185,2905,259189,HIGH
Dog,Large,11,Urban,408104,12336,7474,492101,HIGH
Dog,Medium,10,Semi-Urban,302155,10016,5360,365160,HIGH
Dog,Small,1,Semi-Urban,211340,9879,2911,257749,HIGH
Dog,Large,12,Urban,408861,13553,6787,493581,HIGH
Dog,Small,10,Semi-Urban,211578,11207,3162,259839,HIGH
Dog,Large,7,Semi-Urban,409701,7935,6229,487444,HIGH
Cat,Medium,1,Semi-Urban,302247,10772,6233,367139,HIGH
Dog,Extra Large,1,Semi-Urban,500589,10684,8074,597249,HIGH
Cat,Medium,2,Urban,303464,8801,5606,365551,HIGH
Cat,Extra Large,8,Urban,492916,9274,9420,588351,HIGH
Dog,Medium,1,Urban,300807,12456,5019,366024,HIGH
Cat,Small,12,Semi-Urban,211256,9465,4352,258833,HIGH
Dog,Medium,8,Semi-Urban,298679,8891,5900,360490,HIGH
Dog,Medium,9,Urban,300118,13942,4138,365927,HIGH
Dog,Large,2,Urban,407309,10139,7023,488141,HIGH
Dog,Large,6,Urban,406389,11197,7014,488290,HIGH
Cat,Medium,10,Urban,302503,13067,4286,367834,HIGH
Cat,Small,4,Urban,215002,10871,3082,263298,HIGH
Dog,Large,12,Urban,412444,13528,6292,497103,HIGH
Dog,Extra Large,13,Urban,494813,14423,8955,595919,HIGH
Dog,Large,6,Urban,408116,10704,6898,489575,HIGH
Dog,Large,7,Urban,406658,10744,6114,487043,HIGH
Dog,Small,13,Urban,212744,14020,4400,265838,HIGH
Cat,Extra Large,1,Semi-Urban,500691,9475,8117,596025,HIGH
Cat,Large,2,Urban,410895,10474,5910,491370,HIGH
Dog,Extra Large,12,Urban,496327,12958,8555,595516,HIGH
Dog,Large,12,Urban,408449,12660,6549,491806,HIGH
Dog,Large,8,Urban,405937,11292,6547,487342,HIGH
Cat,Medium,4,Semi-Urban,300914,6864,4500,359119,HIGH
Dog,Small,1,Urban,216287,11947,3369,266343,HIGH
Cat,Large,9,Urban,408306,13093,6495,492078,HIGH
Cat,Medium,3,Semi-Urban,303795,7445,5001,363677,HIGH
Dog,Extra Large,5,Urban,496308,10145,8527,592227,HIGH
Cat,Medium,4,Urban,301934,10310,4581,364348,HIGH
Dog,Medium,3,Semi-Urban,299972,7208,4105,357977,HIGH
Cat,Medium,9,Semi-Urban,306199,11801,4444,370810,HIGH
Cat,Large,6,Urban,408386,10564,6302,489039,HIGH
Cat,Large,13,Urban,408091,12374,6751,491298,HIGH
Dog,Medium,5,Urban,301084,9741,4702,362856,HIGH
Dog,Medium,3,Semi-Urban,302136,7911,4949,362245,HIGH
Dog,Small,8,Urban,209483,10960,3257,257255,HIGH
Dog,Large,2,Urban,410996,8761,7322,491140,HIGH
Dog,Medium,4,Semi-Urban,305466,8577,4982,366878,HIGH
Dog,Medium,13,Urban,302639,11880,5013,367461,HIGH
Dog,Large,11,Urban,407519,12836,5814,490094,HIGH
Dog,Medium,5,Urban,303039,8876,5154,364629,HIGH
Dog,Medium,4,Urban,300822,8352,4616,360858,HIGH
Dog,Medium,8,Semi-Urban,305681,8252,5630,367497,HIGH
Cat,Large,9,Semi-Urban,408268,10460,7393,490039,HIGH
Cat,Large,10,Semi-Urban,403735,9487,6142,482268,HIGH
Dog,Medium,10,Urban,302661,13422,4332,368477,HIGH
Cat,Small,10,Urban,214028,13525,3710,265952,HIGH
Dog,Large,12,Urban,409309,14039,6377,494183,HIGH
Dog,Large,9,Semi-Urban,408721,7985,6776,487004,HIGH
Dog,Large,7,Semi-Urban,407674,7442,7990,486571,HIGH
Cat,Medium,13,Urban,302183,12757,5884,368947,HIGH
Cat,Large,9,Urban,407418,11691,6994,490018,HIGH
Dog,Medium,7,Urban,303651,10185,6016,367829,HIGH
Dog,Large,8,Urban,408028,9476,6709,487844,HIGH
Dog,Medium,7,Urban,299292,11178,6175,364141,HIGH
Dog,Small,7,Urban,211582,9722,3993,259091,HIGH
Dog,Small,13,Urban,210716,11312,3682,259566,HIGH
Dog,Small,9,Urban,213116,13287,4102,265080,HIGH
Dog,Medium,1,Urban,301444,14004,4649,368111,HIGH
Dog,Medium,1,Urban,305073,12438,6732,372879,HIGH
Dog,Medium,10,Urban,303102,12642,4540,368326,HIGH
Cat,Large,9,Urban,410400,12063,7109,494007,HIGH
Cat,Large,11,Urban,408184,12885,6555,491767,HIGH
Cat,Extra Large,11,Urban,496127,13487,8519,595852,HIGH
Dog,Large,2,Urban,411372,9888,7502,493076,HIGH
Dog,Medium,1,Urban,300988,12645,5338,366816,HIGH
Cat,Medium,2,Urban,302258,8739,4952,363341,HIGH
Dog,Small,1,Semi-Urban,213715,9843,4074,261776,HIGH
Dog,Medium,3,Urban,300302,10323,4774,362708,HIGH
Dog,Small,2,Semi-Urban,211389,7165,3206,255024,HIGH
Cat,Extra Large,10,Urban,495469,13286,7953,594214,HIGH
Cat,Small,6,Urban,211719,9394,3371,258156,HIGH
Dog,Medium,8,Urban,298833,11586,5111,362859,HIGH
Cat,Small,1,Semi-Urban,212638,9401,2870,258645,HIGH
Dog,Medium,2,Semi-Urban,301668,8357,5115,362411,HIGH
Dog,Medium,3,Urban,298845,10370,4901,361233,HIGH
Dog,Large,12,Urban,408904,14190,6633,494186,HIGH
Cat,Large,6,Urban,409038,9178,6892,488874,HIGH
Dog,Large,4,Urban,412227,10922,8058,495888,HIGH
Dog,Large,6,Urban,404943,9876,5782,483691,HIGH
Dog,Medium,2,Urban,300989,9523,4898,362721,HIGH
Dog,Small,13,Semi-Urban,209450,11121,3166,257297,HIGH
Dog,Large,3,Semi-Urban,406614,7675,6897,484363,HIGH
Dog,Extra Large,8,Urban,500157,9648,8645,596217,HIGH
Cat,Large,5,Urban,409814,11099,7587,492775,HIGH
Dog,Large,3,Urban,411679,9992,7205,493207,HIGH
Dog,Medium,8,Urban,303439,10217,4701,366110,HIGH
Dog,Medium,7,Urban,305596,10808,5413,370089,HIGH
Dog,Medium,12,Urban,301113,13209,5561,367865,HIGH
Dog,Medium,4,Urban,299860,10185,5654,363053,HIGH
Cat,Medium,1,Urban,301132,12762,5005,366733,HIGH
Dog,Medium,1,Semi-Urban,302412,7822,5101,362635,HIGH
Dog,Medium,11,Semi-Urban,303366,9923,5085,366130,HIGH
Dog,Extra Large,2,Urban,497839,8817,8485,592412,HIGH
Dog,Extra Large,7,Semi-Urban,497840,7887,8317,591150,HIGH
Dog,Large,13,Urban,412921,12869,7150,497881,HIGH
Dog,Medium,13,Urban,301626,12927,4262,366637,HIGH
Dog,Large,6,Semi-Urban,409280,8715,6790,488502,HIGH
Cat,Medium,4,Urban,299749,10015,4772,361716,HIGH
Cat,Small,9,Urban,212382,13334,2919,262930,HIGH
Dog,Large,4,Urban,408664,9886,7390,489831,HIGH
Cat,Medium,1,Urban,299623,11273,4786,363034,HIGH
Dog,Medium,10,Urban,304839,14860,5071,373485,HIGH
Dog,Large,6,Urban,408434,9989,7711,490054,HIGH
Cat,Medium,9,Urban,304683,11884,4489,369214,HIGH
Dog,Medium,2,Urban,302080,9815,5015,364446,HIGH
Dog,Large,10,Urban,408889,13650,7071,494051,HIGH
Dog,Medium,5,Urban,299963,8514,4917,360403,HIGH
Dog,Large,13,Semi-Urban,411949,11027,7038,494516,HIGH
Cat,Medium,5,Urban,302558,10345,5199,365817,HIGH
Dog,Small,4,Urban,211783,11156,3969,260944,HIGH
Cat,Medium,2,Semi-Urban,301036,7187,5802,361128,HIGH
Dog,Extra Large,9,Urban,498086,14058,8981,599293,HIGH
Dog,Small,3,Urban,213542,9237,3454,260167,HIGH
Dog,Large,2,Urban,409000,11067,6535,490592,HIGH
Dog,Medium,2,Semi-Urban,303585,7863,5536,364531,HIGH
Cat,Medium,1,Urban,306417,13647,4944,373759,HIGH
Dog,Medium,1,Urban,297986,13295,4388,363019,HIGH
Cat,Medium,6,Urban,305146,9995,4295,367351,HIGH
Dog,Medium,1,Semi-Urban,303743,10317,4128,365916,HIGH
Dog,Large,13,Semi-Urban,409313,8780,7136,489013,HIGH
Cat,Small,10,Semi-Urban,214938,10746,3599,263675,HIGH
Cat,Medium,10,Urban,301999,10595,4909,365128,HIGH
Dog,Extra Large,5,Urban,495699,10938,8073,591916,HIGH
Dog,Large,6,Urban,408309,11156,6147,489453,HIGH
Dog,Medium,11,Urban,302635,13223,4534,368450,HIGH
Dog,Medium,6,Urban,299308,9023,5814,361266,HIGH
Dog,Medium,7,Semi-Urban,301522,7090,4832,360460,HIGH
Dog,Medium,13,Urban,299722,12382,5174,364869,HIGH
Dog,Large,8,Urban,408930,9679,6255,488593,HIGH
Dog,Large,10,Semi-Urban,410174,11234,6425,492007,HIGH
Dog,Medium,6,Urban,302947,10424,4535,365591,HIGH
Cat,Extra Large,2,Urban,496236,10400,8038,591875,HIGH
Dog,Medium,4,Urban,300905,11082,5313,364895,HIGH
Cat,Large,7,Semi-Urban,407723,7674,6536,485222,HIGH
Cat,Medium,12,Urban,301547,12903,5025,367396,HIGH
Cat,Medium,2,Semi-Urban,305736,9427,5785,369090,HIGH
Dog,Small,8,Urban,211774,9282,3214,257910,HIGH
Dog,Medium,13,Semi-Urban,304945,11958,4340,369429,HIGH
Dog,Medium,6,Semi-Urban,298898,9382,4950,360214,HIGH
Dog,Large,6,Urban,408168,9097,6686,487543,HIGH
Dog,Medium,3,Urban,303471,9512,4900,365565,HIGH
Cat,Large,10,Semi-Urban,405810,11223,6649,487234,HIGH
Cat,Medium,9,Semi-Urban,299945,10416,4571,362171,HIGH
Dog,Medium,9,Urban,303626,13563,4673,370141,HIGH
Dog,Large,12,Urban,409792,12952,7772,495093,HIGH
Dog,Large,1,Semi-Urban,410266,9741,6951,491001,HIGH
Cat,Large,9,Semi-Urban,404994,11741,7493,487862,HIGH
Dog,Medium,6,Urban,299699,9522,5164,361542,HIGH
Dog,Medium,1,Semi-Urban,299945,12333,5317,365234,HIGH
Cat,Extra Large,9,Urban,500167,13846,8872,601317,HIGH
Dog,Large,1,Urban,406923,12153,6849,489813,HIGH
Dog,Large,6,Semi-Urban,409543,9285,7046,489755,HIGH
Dog,Small,1,Urban,212044,11912,4080,262241,HIGH
Dog,Extra Large,4,Urban,499394,9921,8147,595081,HIGH
Dog,Large,13,Semi-Urban,409729,10228,6384,490292,HIGH
Cat,Large,7,Semi-Urban,409031,7578,6331,486381,HIGH
Dog,Medium,10,Urban,302511,12887,5091,368562,HIGH
Cat,Large,7,Urban,411362,10452,7055,493199,HIGH
Dog,Medium,4,Urban,303669,10573,5343,367522,HIGH
Dog,Extra Large,12,Urban,498535,13787,8076,598457,HIGH
Dog,Small,5,Urban,210212,9812,3057,256543,HIGH
Cat,Extra Large,2,Urban,498374,10742,8750,595545,HIGH
Cat,Large,4,Urban,409134,9826,7487,490414,HIGH
Cat,Medium,7,Semi-Urban,301847,7833,5689,362674,HIGH
Dog,Small,10,Urban,209389,12203,3995,259425,HIGH
Dog,Small,11,Urban,209978,13876,3381,261320,HIGH
Dog,Small,8,Urban,215896,9631,3568,263459,HIGH
Dog,Large,1,Urban,410322,12753,6767,494318,HIGH
Dog,Medium,5,Urban,299103,10341,6050,362818,HIGH
Cat,Medium,6,Urban,301917,11076,4516,365135,HIGH
Cat,Medium,13,Urban,299277,11899,4997,363598,HIGH
Dog,Large,11,Urban,407612,12603,7548,491927,HIGH
Dog,Large,6,Urban,409432,10248,6730,490371,HIGH
Dog,Small,2,Urban,213831,9705,3962,261622,HIGH
Cat,Large,12,Urban,408106,12762,6591,491577,HIGH
Dog,Extra Large,8,Urban,496540,11053,8183,593142,HIGH
Dog,Large,4,Urban,409319,10433,7323,491136,HIGH
Dog,Small,5,Urban,210149,11200,2912,257900,HIGH
Dog,Medium,5,Urban,301825,11321,5049,365924,HIGH
Dog,Large,7,Urban,407415,10902,6811,488897,HIGH
Dog,Medium,8,Urban,302592,11123,6195,367896,HIGH
Cat,Medium,10,Urban,299524,13264,4835,365266,HIGH
Cat,Medium,5,Semi-Urban,305557,6342,5256,364728,HIGH
Dog,Small,3,Semi-Urban,210315,8156,3527,255297,HIGH
Dog,Medium,6,Urban,303807,9360,5350,366294,HIGH
Dog,Large,5,Semi-Urban,406383,9212,6718,485659,HIGH
Dog,Medium,9,Urban,301636,13044,5626,368351,HIGH
Cat,Large,7,Semi-Urban,406864,8019,6990,485153,HIGH
Cat,Large,9,Semi-Urban,407797,10789,6553,488909,HIGH
Dog,Medium,9,Urban,301064,12509,5236,366630,HIGH
Dog,Medium,9,Semi-Urban,303458,10598,5088,367015,HIGH
Cat,Large,12,Semi-Urban,407946,9792,6947,488387,HIGH
Dog,Large,5,Urban,409718,11470,6553,491902,HIGH
Dog,Extra Large,4,Semi-Urban,495287,7692,9195,589000,HIGH
Dog,Medium,5,Urban,299888,9884,4926,361902,HIGH
Dog,Medium,10,Urban,300744,14074,5173,367989,HIGH
Cat,Medium,12,Urban,301800,14015,4579,368453,HIGH
Dog,Extra Large,1,Urban,497784,12327,8798,596745,HIGH
Dog,Large,12,Urban,408566,11179,7311,491114,HIGH
Dog,Large,3,Semi-Urban,409283,8422,6105,487381,HIGH
Dog,Large,8,Urban,408414,9672,6844,488669,HIGH
Cat,Small,13,Urban,211518,11754,3087,260312,HIGH
Dog,Large,10,Urban,407242,12349,6395,489883,HIGH
Dog,Large,7,Urban,405898,9924,6288,485426,HIGH
Cat,Medium,2,Urban,302530,11138,5033,366506,HIGH
Dog,Medium,13,Urban,303794,12848,5507,370471,HIGH
Cat,Extra Large,5,Semi-Urban,492573,8747,8733,586560,HIGH
Dog,Medium,11,Urban,305589,12691,4912,371670,HIGH
Dog,Medium,4,Semi-Urban,300921,8091,4410,360435,HIGH
Cat,Extra Large,4,Urban,500871,8799,7518,594766,HIGH
Cat,Medium,3,Semi-Urban,302685,8293,5248,363659,HIGH
Cat,Small,8,Urban,210714,9267,3527,257034,HIGH
Dog,Small,11,Semi-Urban,212835,9954,4345,261204,HIGH
Dog,Extra Large,8,Semi-Urban,492357,7364,7834,583688,HIGH
Dog,Medium,7,Semi-Urban,302002,8714,5608,363772,HIGH
Dog,Medium,11,Semi-Urban,300834,10825,5090,364261,HIGH
Dog,Small,2,Urban,211306,10247,3238,258509,HIGH
Dog,Extra Large,13,Urban,496953,13751,8858,597496,HIGH
Dog,Medium,1,Urban,301620,14005,4610,368270,HIGH
Dog,Large,3,Semi-Urban,407467,6801,7044,484508,HIGH
Cat,Large,11,Urban,406370,14701,6991,492271,HIGH
Dog,Large,4,Urban,407875,10684,6224,488500,HIGH
Cat,Large,5,Urban,410210,10055,7090,491458,HIGH
Dog,Medium,13,Urban,300391,13125,5130,366442,HIGH
Cat,Extra Large,5,Urban,491899,11400,8313,588353,HIGH
Dog,Small,9,Semi-Urban,214000,9307,3066,260328,HIGH
Dog,Medium,4,Urban,305165,10709,5278,369324,HIGH
Dog,Large,9,Semi-Urban,408823,11355,6378,490539,HIGH
Dog,Medium,3,Urban,302044,10093,4829,364510,HIGH
Dog,Small,3,Semi-Urban,214200,6947,3688,258560,HIGH
Dog,Medium,6,Urban,304317,10419,5304,368046,HIGH
Dog,Extra Large,5,Semi-Urban,497147,8123,8338,590649,HIGH
Cat,Large,11,Urban,408395,13357,7024,493092,HIGH
Dog,Medium,5,Urban,303053,9545,5524,365840,HIGH
Dog,Medium,10,Semi-Urban,304742,11298,5328,369573,HIGH
Dog,Large,10,Urban,409685,13899,6751,494885,HIGH
Dog,Medium,3,Urban,300057,11009,5275,363792,HIGH
Dog,Medium,8,Urban,301433,9306,4928,363017,HIGH
Dog,Medium,2,Semi-Urban,302782,8324,4299,362715,HIGH
Cat,Large,8,Urban,405283,11384,6844,487037,HIGH
Dog,Small,8,Urban,210916,11647,4173,260746,HIGH
Dog,Large,2,Semi-Urban,406676,8556,7205,485802,HIGH
Dog,Small,1,Urban,212828,13097,3523,263865,HIGH
Dog,Medium,13,Urban,300604,13653,5581,367813,HIGH
Dog,Medium,9,Semi-Urban,303570,9762,3906,364823,HIGH
Cat,Medium,7,Urban,302016,10212,6205,366197,HIGH
Dog,Large,10,Urban,411245,12802,6471,495095,HIGH
Dog,Medium,7,Semi-Urban,305742,8537,4508,366605,HIGH
Cat,Small,12,Urban,214958,12485,3584,265681,HIGH
Dog,Small,1,Semi-Urban,217508,10720,3744,266767,HIGH
Dog,Medium,2,Urban,295394,9893,4794,356593,HIGH
Dog,Large,5,Urban,406543,9210,6451,485534,HIGH
Dog,Small,6,Urban,211412,8892,3994,257942,HIGH
Dog,Medium,6,Urban,302651,10758,5212,366414,HIGH
Dog,Medium,5,Urban,305990,10319,4844,369325,HIGH
Dog,Large,7,Urban,412012,10142,6597,493063,HIGH
Dog,Extra Large,7,Semi-Urban,501745,7960,8287,595690,HIGH
Dog,Large,4,Semi-Urban,409430,6719,7595,487305,HIGH
Dog,Medium,3,Urban,300478,11198,5362,364593,HIGH
Dog,Extra Large,5,Urban,496838,11448,7912,593627,HIGH
Dog,Large,2,Urban,408746,10694,7547,491035,HIGH
Dog,Large,11,Urban,407102,14495,7307,493239,HIGH
Dog,Medium,8,Urban,301548,10921,4883,364954,HIGH
Dog,Medium,4,Urban,300637,9342,4751,361939,HIGH
Dog,Large,12,Urban,407848,12053,7435,491436,HIGH
Dog,Medium,10,Urban,300802,12330,4485,365259,HIGH
Cat,Large,13,Urban,409116,13212,6663,493339,HIGH
Dog,Medium,2,Semi-Urban,300686,7863,4136,359587,HIGH
Dog,Medium,5,Semi-Urban,302890,8709,4205,363174,HIGH
Dog,Large,6,Urban,407599,9813,5952,486868,HIGH
Cat,Medium,7,Semi-Urban,301264,8058,5607,362168,HIGH
Cat,Medium,6,Urban,303309,10279,5270,366686,HIGH
Dog,Large,6,Urban,408731,8825,7738,489088,HIGH
Dog,Extra Large,4,Urban,496443,9975,7735,591275,HIGH
Cat,Large,12,Semi-Urban,409931,10062,7195,491266,HIGH
Dog,Medium,5,Urban,302517,10965,4621,365818,HIGH
Cat,Small,7,Urban,217790,8990,3035,264287,HIGH
Dog,Large,4,Urban,407258,9966,6673,487481,HIGH
Dog,Small,6,Urban,213615,8949,3304,259748,HIGH
Dog,Large,11,Semi-Urban,403255,10242,6711,483239,HIGH
Dog,Medium,4,Urban,301186,10483,4099,363133,HIGH
Cat,Medium,6,Urban,295827,9991,5448,357955,HIGH
Dog,Large,6,Urban,406580,8314,6540,484649,HIGH
Dog,Small,6,Urban,213687,9821,2675,260110,HIGH
Cat,Extra Large,7,Urban,495659,9236,8618,590539,HIGH
Dog,Medium,5,Semi-Urban,301832,7425,4944,361331,HIGH
Dog,Medium,11,Semi-Urban,299435,12007,5200,364138,HIGH
Cat,Medium,9,Urban,303965,13832,4763,370944,HIGH
Dog,Medium,12,Urban,297925,13268,4968,363585,HIGH
Dog,Large,2,Semi-Urban,407709,7848,6542,485413,HIGH
Cat,Large,10,Urban,408985,12753,6460,492427,HIGH
Dog,Medium,6,Semi-Urban,303249,9319,4511,364640,HIGH
Dog,Large,8,Urban,407229,10524,7255,488759,HIGH
Dog,Small,6,Semi-Urban,216112,8694,3579,262642,HIGH
Dog,Small,1,Urban,214168,12978,3417,265147,HIGH
Dog,Medium,4,Semi-Urban,304290,8896,4232,365030,HIGH
Cat,Large,1,Urban,413647,12313,6303,497102,HIGH
Dog,Small,4,Semi-Urban,214120,8697,3333,260072,HIGH
Dog,Large,13,Semi-Urban,409178,9949,6445,489407,HIGH
Dog,Small,6,Semi-Urban,215036,8197,4807,262246,HIGH
Dog,Large,3,Urban,410037,9551,7532,491188,HIGH
Dog,Medium,10,Urban,300844,12061,4420,364923,HIGH
Dog,Medium,5,Urban,302141,9668,5002,364332,HIGH
Dog,Medium,13,Urban,301298,13076,4294,366468,HIGH
Dog,Medium,1,Urban,298773,11843,5982,364087,HIGH
Cat,Medium,9,Urban,302474,12295,5411,368207,HIGH
Dog,Large,10,Urban,406024,14343,6825,491270,HIGH
Dog,Extra Large,8,Semi-Urban,498895,8149,7389,591597,HIGH
Dog,Medium,1,Urban,301053,12399,5481,366772,HIGH
Dog,Medium,9,Semi-Urban,304313,9970,5207,367413,HIGH
Dog,Small,10,Urban,213571,13165,3697,264997,HIGH
Cat,Medium,10,Urban,299353,13635,5848,366661,HIGH
Dog,Large,13,Semi-Urban,404218,9560,6783,483645,HIGH
Dog,Extra Large,7,Urban,497670,8750,8060,591652,HIGH
Cat,Medium,11,Urban,301909,12595,4648,367024,HIGH
Cat,Large,3,Semi-Urban,408889,8152,6982,487626,HIGH
Dog,Large,2,Semi-Urban,409142,7723,7247,487728,HIGH
Dog,Large,13,Semi-Urban,408575,10922,6447,489835,HIGH
Dog,Medium,10,Urban,302915,13424,4594,369072,HIGH
Dog,Medium,9,Urban,302528,12201,5074,367773,HIGH
Dog,Extra Large,6,Semi-Urban,495410,9052,8781,590229,HIGH
Dog,Medium,2,Semi-Urban,299866,6791,5311,358763,HIGH
Dog,Large,9,Semi-Urban,405334,9579,7272,485512,HIGH
Dog,Medium,10,Urban,300433,12336,4468,364822,HIGH
Dog,Medium,12,Urban,301106,12676,4738,366298,HIGH
Cat,Medium,3,Semi-Urban,299354,8113,5397,359793,HIGH
Dog,Large,3,Urban,407710,11070,6966,489607,HIGH
Dog,Large,12,Urban,408157,13452,6260,492049,HIGH
Dog,Extra Large,13,Urban,499695,12154,8076,597913,HIGH
Dog,Large,7,Urban,403626,10283,6728,483732,HIGH
Dog,Large,1,Urban,409071,12922,7229,493605,HIGH
Dog,Medium,10,Urban,303290,11831,4598,367676,HIGH
Dog,Large,12,Urban,408340,12066,7006,491523,HIGH
Dog,Medium,2,Urban,303426,12513,4752,368794,HIGH
Cat,Large,8,Urban,408633,10394,6614,489487,HIGH
Dog,Extra Large,1,Urban,496109,13782,9261,597024,HIGH
Dog,Large,2,Urban,408437,10211,6977,489468,HIGH
Dog,Extra Large,7,Semi-Urban,494835,7993,8922,588512,HIGH
Dog,Small,4,Urban,211063,9954,3195,257843,HIGH
Dog,Large,11,Urban,408918,12973,7462,493755,HIGH
Dog,Medium,4,Semi-Urban,304371,8750,6317,367353,HIGH
Dog,Medium,9,Semi-Urban,303281,10020,5013,366061,HIGH
Dog,Medium,1,Urban,300689,12723,4331,365404,HIGH
Dog,Small,9,Semi-Urban,214510,11111,3781,263812,HIGH
Dog,Large,9,Semi-Urban,409815,9714,7080,490600,HIGH
Dog,Large,8,Semi-Urban,409011,8948,7395,489157,HIGH
Dog,Medium,6,Urban,304871,9614,4952,367352,HIGH
Dog,Medium,4,Semi-Urban,305925,7302,5965,367070,HIGH
Cat,Medium,13,Urban,301444,11858,5370,366472,HIGH
Cat,Large,5,Urban,409149,9204,6472,488548,HIGH
Dog,Medium,10,Urban,300998,11800,5335,365852,HIGH
Dog,Medium,10,Urban,301124,14113,5184,368484,HIGH
Cat,Large,5,Urban,409270,9558,6626,489272,HIGH
Dog,Large,10,Semi-Urban,407781,11769,6582,490051,HIGH
Dog,Extra Large,4,Urban,498382,9954,8302,594133,HIGH
Dog,Small,8,Urban,212026,10771,3540,260287,HIGH
Cat,Small,11,Urban,213460,11945,3344,263061,HIGH
Dog,Medium,13,Semi-Urban,300919,10858,5175,364494,HIGH
Dog,Small,13,Urban,213487,13924,3421,265456,HIGH
Dog,Large,9,Semi-Urban,409055,9931,6395,489188,HIGH
Dog,Large,7,Urban,409444,9712,6090,489032,HIGH
Cat,Large,7,Urban,413712,10322,7177,495892,HIGH
Dog,Medium,8,Semi-Urban,302312,8688,6060,364619,HIGH
Dog,Small,7,Urban,214271,11245,3990,263931,HIGH
Dog,Large,1,Urban,408827,13984,7046,494335,HIGH
Cat,Medium,5,Urban,303509,9875,4611,365694,HIGH
Dog,Medium,11,Urban,301075,13382,4546,366853,HIGH
Dog,Extra Large,13,Urban,497162,11870,8576,595249,HIGH
Cat,Large,10,Urban,404570,12958,6850,488034,HIGH
Dog,Medium,4,Urban,300876,9831,4985,363045,HIGH
Dog,Small,2,Urban,211895,10365,3620,259762,HIGH
Dog,Extra Large,12,Urban,498099,13999,8247,598396,HIGH
Dog,Medium,5,Urban,302894,10657,4581,365851,HIGH
Dog,Large,11,Urban,411566,12349,6992,495543,HIGH
Dog,Medium,7,Semi-Urban,302471,8274,4755,362825,HIGH
Dog,Medium,11,Urban,303795,13788,4550,370452,HIGH
Dog,Medium,3,Urban,303501,11609,5159,368309,HIGH
Cat,Medium,11,Urban,301857,12694,4539,366953,HIGH
Cat,Small,5,Urban,215687,9517,4676,264362,HIGH
Dog,Small,1,Semi-Urban,209957,8539,3009,254730,HIGH
Cat,Small,10,Urban,212285,11848,4023,262379,HIGH
Dog,Medium,7,Urban,300437,10311,5192,363331,HIGH
Dog,Small,3,Semi-Urban,214567,8860,3137,260548,HIGH
Dog,Medium,13,Urban,301271,12836,4597,366509,HIGH
Dog,Small,9,Semi-Urban,213257,10957,3569,261950,HIGH
Dog,Medium,2,Urban,301892,10021,6010,365611,HIGH
Cat,Medium,10,Semi-Urban,301321,10010,5093,363887,HIGH
Dog,Medium,12,Urban,301641,11956,6081,367629,HIGH
Cat,Medium,3,Urban,301691,9937,4776,363864,HIGH
Dog,Extra Large,11,Urban,499629,13160,8103,599025,HIGH
Dog,Large,2,Urban,410254,10274,6674,491282,HIGH
Dog,Small,13,Semi-Urban,211596,11205,3908,260715,HIGH
Dog,Medium,13,Urban,298802,12616,5366,364301,HIGH
Dog,Medium,7,Urban,297678,9174,4657,358235,HIGH
Dog,Medium,5,Semi-Urban,305200,8529,5715,367360,HIGH
Dog,Medium,9,Urban,303818,14718,4946,372004,HIGH
Dog,Medium,11,Semi-Urban,305696,8899,4675,367160,HIGH
Dog,Small,2,Urban,216115,10513,4199,265451,HIGH
Dog,Small,5,Urban,207634,9205,3220,253067,HIGH
Dog,Extra Large,5,Semi-Urban,497030,8072,8464,590600,HIGH
Dog,Medium,3,Urban,301475,10603,5934,365713,HIGH
Dog,Medium,12,Semi-Urban,306886,8652,5825,369567,HIGH
Dog,Large,5,Urban,407211,10347,6134,487245,HIGH
Cat,Extra Large,5,Semi-Urban,500723,6582,8035,592641,HIGH
Dog,Small,5,Urban,213903,10815,3682,262660,HIGH
Dog,Medium,10,Semi-Urban,301967,10405,5748,365838,HIGH
Cat,Medium,4,Semi-Urban,301390,6801,4469,359559,HIGH
Cat,Medium,1,Urban,305221,11991,4696,370194,HIGH
Dog,Extra Large,9,Semi-Urban,496300,10905,7972,592453,HIGH
Dog,Medium,3,Semi-Urban,299430,8695,4807,359871,HIGH
Dog,Medium,8,Urban,302535,10233,5794,366346,HIGH
Dog,Large,4,Semi-Urban,409985,8109,5520,487156,HIGH
Dog,Medium,13,Semi-Urban,302082,9496,4987,364049,HIGH
Cat,Medium,4,Semi-Urban,298202,8126,5711,358844,HIGH
Dog,Small,13,Urban,211192,13654,2832,261829,HIGH
Dog,Large,1,Urban,405191,12413,6474,487689,HIGH
Dog,Small,6,Urban,208815,9070,3266,254323,HIGH
Dog,Large,10,Semi-Urban,409475,11188,7555,492450,HIGH
Dog,Extra Large,1,Semi-Urban,497733,9600,8339,593022,HIGH
Dog,Large,9,Urban,407327,12580,6999,490941,HIGH
Dog,Medium,9,Urban,302998,12763,5194,369098,HIGH
Dog,Large,5,Urban,412965,10104,6622,494144,HIGH
Dog,Small,8,Urban,215300,10305,3016,262914,HIGH
Dog,Extra Large,10,Urban,496853,13024,8712,596377,HIGH
Dog,Medium,12,Urban,300715,12903,5469,366950,HIGH
Cat,Large,7,Urban,407451,9294,6775,487048,HIGH
Dog,Small,11,Urban,213247,12973,3679,264383,HIGH
Dog,Medium,6,Urban,298856,8354,4937,358969,HIGH
Dog,Medium,7,Urban,297866,9392,4918,359002,HIGH
Cat,Medium,13,Semi-Urban,303175,10022,5700,366731,HIGH
Dog,Large,6,Urban,406128,9105,6653,485168,HIGH
Cat,Large,12,Urban,408408,13464,6482,492607,HIGH
Cat,Medium,12,Urban,305217,12207,4838,370601,HIGH
Dog,Small,9,Semi-Urban,210045,9520,3639,256684,HIGH
Dog,Extra Large,13,Urban,495414,13667,9414,596269,HIGH
Cat,Large,5,Semi-Urban,405650,6797,6396,481669,HIGH
Cat,Large,7,Urban,409827,9550,7458,490860,HIGH
Dog,Small,9,Semi-Urban,210089,10872,3760,258429,HIGH
Dog,Small,12,Semi-Urban,210571,10441,3986,258747,HIGH
Dog,Medium,7,Urban,300625,10560,5538,364231,HIGH
Cat,Medium,8,Semi-Urban,302169,8706,6031,364441,HIGH
Dog,Small,5,Semi-Urban,214135,8686,3813,260629,HIGH
Dog,Small,13,Urban,216229,12137,3449,266587,HIGH
Cat,Medium,6,Semi-Urban,300520,7691,5470,360733,HIGH
Dog,Medium,9,Urban,301223,13046,4311,366367,HIGH
Cat,Large,7,Urban,406496,10220,7323,487644,HIGH
Dog,Large,2,Urban,407773,9506,6892,487796,HIGH
Dog,Large,10,Urban,409351,14052,7465,495498,HIGH
Dog,Small,4,Urban,213876,10097,2648,260614,HIGH
Dog,Small,1,Semi-Urban,209869,10453,3034,256859,HIGH
Cat,Medium,5,Urban,300585,10602,5199,363843,HIGH
Dog,Large,3,Urban,410698,9201,7010,490945,HIGH
Dog,Medium,4,Urban,301401,9921,4939,363700,HIGH
Dog,Small,3,Urban,211939,9382,3439,258474,HIGH
Cat,Extra Large,6,Urban,500084,9282,7125,593964,HIGH
Dog,Medium,8,Urban,300218,8189,4172,359465,HIGH
Dog,Large,11,Urban,410397,12869,6863,494648,HIGH
Dog,Large,10,Urban,407551,12491,6669,490717,HIGH
Cat,Medium,6,Urban,303018,9113,5332,365082,HIGH
Dog,Medium,1,Urban,302521,12779,5579,369010,HIGH
Dog,Large,3,Urban,403990,9398,6046,482349,HIGH
Dog,Medium,5,Urban,303552,10211,5809,367507,HIGH
Dog,Medium,1,Urban,300117,14325,5108,367482,HIGH
Dog,Large,5,Semi-Urban,408540,8637,6588,487329,HIGH
Dog,Medium,13,Urban,300893,12821,4887,366391,HIGH
Cat,Large,6,Urban,411208,10549,6990,493059,HIGH
Cat,Small,5,Urban,212300,10221,3199,259578,HIGH
Dog,Medium,8,Urban,302117,9650,4694,363930,HIGH
Dog,Extra Large,13,Urban,495665,12267,8004,593326,HIGH
Dog,Medium,13,Urban,301247,13920,5003,368195,HIGH
Dog,Large,2,Urban,406657,9135,7192,486431,HIGH
Dog,Small,8,Urban,214427,10268,4428,263491,HIGH
Dog,Small,1,Urban,211302,13765,3743,263131,HIGH
Dog,Large,2,Urban,410158,10728,7249,492355,HIGH
Dog,Medium,8,Urban,303384,9112,4848,364945,HIGH
Dog,Small,2,Urban,215142,9134,3350,261769,HIGH
Cat,Extra Large,9,Semi-Urban,495803,9687,7401,589824,HIGH
Dog,Medium,4,Urban,300157,10361,4858,362682,HIGH
Dog,Small,9,Semi-Urban,216757,10051,4437,265931,HIGH
Cat,Medium,13,Semi-Urban,302719,11563,5090,367277,HIGH
Cat,Large,13,Urban,409609,13061,6865,493965,HIGH
Dog,Medium,10,Urban,299370,11635,5111,363533,HIGH
Dog,Large,13,Urban,411666,12527,7179,496077,HIGH
Dog,Large,13,Semi-Urban,408232,11671,7246,491221,HIGH
Dog,Small,9,Urban,214221,14338,4136,267599,HIGH
Dog,Medium,13,Urban,302475,12038,5219,367691,HIGH
Cat,Medium,2,Urban,300159,10228,5179,362900,HIGH
Dog,Medium,9,Urban,304408,13084,5218,371116,HIGH
Dog,Medium,6,Semi-Urban,300926,7888,4771,360622,HIGH
Cat,Extra Large,2,Urban,495752,9818,8853,591586,HIGH
Cat,Medium,11,Urban,304084,12388,4321,368911,HIGH
Cat,Large,7,Semi-Urban,404073,7023,6756,480529,HIGH
Dog,Small,13,Urban,212355,12080,3986,262684,HIGH
Dog,Large,9,Urban,407734,13574,7242,492832,HIGH
Dog,Small,2,Urban,216191,9237,3912,263741,HIGH
Dog,Small,13,Urban,214172,11698,3324,263573,HIGH
Cat,Large,8,Urban,410788,9032,6421,490177,HIGH
Dog,Medium,5,Urban,302128,10130,5144,365012,HIGH
Dog,Medium,4,Urban,299989,10408,5389,363153,HIGH
Dog,Small,11,Semi-Urban,214264,11294,2660,262450,HIGH
Cat,Medium,6,Urban,299284,10810,5610,363059,HIGH
Cat,Extra Large,5,Urban,497991,10716,8705,595023,HIGH
Dog,Small,12,Semi-Urban,212286,10221,3413,259808,HIGH
Dog,Small,5,Urban,212146,10812,4275,261317,HIGH
Cat,Small,11,Urban,210312,13118,3708,261208,HIGH
Dog,Small,7,Urban,212371,10484,3749,260594,HIGH
Dog,Large,7,Urban,408460,9026,7466,488694,HIGH
Cat,Small,7,Urban,213644,9602,3502,260760,HIGH
Dog,Medium,6,Urban,300695,9382,4830,362143,HIGH
Dog,Large,13,Urban,407996,12266,6453,490722,HIGH
Dog,Extra Large,5,Urban,497884,10827,8208,594456,HIGH
Dog,Large,8,Urban,407115,10684,5847,487192,HIGH
Dog,Medium,4,Semi-Urban,299772,8497,5724,361091,HIGH
Dog,Small,12,Semi-Urban,213668,11035,3037,261901,HIGH
Cat,Medium,2,Urban,300365,11164,5441,364515,HIGH
Dog,Large,1,Urban,409375,12696,6916,493335,HIGH
Dog,Small,13,Semi-Urban,211549,9998,3215,258476,HIGH
Dog,Large,5,Urban,405261,9460,7403,485442,HIGH
Dog,Large,3,Semi-Urban,407850,8319,6432,485991,HIGH
Dog,Large,12,Semi-Urban,410277,9410,7429,491183,HIGH
Dog,Small,2,Semi-Urban,209914,7239,4424,254813,HIGH
Cat,Small,5,Semi-Urban,213982,7676,2915,258258,HIGH
Dog,Large,9,Urban,407048,12968,7242,491346,HIGH
Dog,Large,2,Urban,406662,9597,6646,486340,HIGH
Dog,Medium,9,Urban,302937,12173,4952,368071,HIGH
Cat,Medium,2,Urban,303146,10242,5352,366551,HIGH
Dog,Large,11,Urban,408356,13601,6936,493226,HIGH
Dog,Medium,6,Urban,297705,8282,4571,357141,HIGH
Dog,Medium,8,Urban,301130,8951,5630,363067,HIGH
Dog,Medium,10,Urban,298293,14326,5199,365490,HIGH
Cat,Small,6,Urban,213449,10157,3395,261051,HIGH
Dog,Large,11,Urban,408279,13461,6930,492970,HIGH
Cat,Small,7,Urban,212175,11257,3677,261175,HIGH
Dog,Large,5,Urban,408412,10073,6901,489193,HIGH
Dog,Small,5,Urban,212115,9592,3266,258718,HIGH
Cat,Medium,13,Urban,301561,12473,4464,366272,HIGH
Dog,Large,5,Semi-Urban,404831,8143,6142,481983,HIGH
Dog,Large,10,Urban,409808,11498,6758,492273,HIGH
Dog,Extra Large,9,Semi-Urban,496813,10060,7511,591541,HIGH
Dog,Small,12,Urban,214579,12698,4387,266413,HIGH
Dog,Medium,2,Semi-Urban,302836,9182,4718,364246,HIGH
Dog,Large,3,Urban,406482,9685,6601,486183,HIGH
Dog,Medium,4,Urban,302471,10059,5223,365415,HIGH
Dog,Large,5,Semi-Urban,407726,8952,6780,486976,HIGH
Cat,Medium,4,Urban,300342,9237,4950,361708,HIGH
Dog,Medium,5,Urban,299574,10416,5357,362649,HIGH
Dog,Medium,10,Urban,302091,11904,5226,367104,HIGH
Dog,Large,5,Urban,406875,10758,6202,487410,HIGH
Cat,Small,9,Semi-Urban,211463,10872,3417,259614,HIGH
Dog,Small,13,Urban,211565,13430,3488,262755,HIGH
Dog,Large,4,Urban,407431,9994,6494,487506,HIGH
Dog,Extra Large,1,Urban,497172,13247,8448,596697,HIGH
Cat,Medium,2,Urban,300774,8538,5276,361776,HIGH
Dog,Medium,4,Semi-Urban,301385,7662,4846,360976,HIGH
Cat,Medium,10,Semi-Urban,298753,11519,5868,363561,HIGH
Cat,Medium,8,Urban,300975,10021,5148,363565,HIGH
Cat,Medium,6,Semi-Urban,302345,7463,4850,361856,HIGH
Dog,Medium,12,Urban,299870,12842,6401,366979,HIGH
Cat,Medium,12,Urban,303384,12632,6027,370349,HIGH
Dog,Medium,8,Semi-Urban,303554,7115,4706,362681,HIGH
Dog,Medium,12,Urban,307830,12908,5574,375258,HIGH
Cat,Medium,7,Urban,301845,9973,4508,363774,HIGH
Dog,Medium,5,Urban,300802,10102,6790,365348,HIGH
Dog,Large,11,Urban,409258,14454,7579,495984,HIGH
Dog,Medium,4,Semi-Urban,300797,9653,5983,363897,HIGH
Dog,Medium,13,Semi-Urban,300859,12193,3831,364415,HIGH
Dog,Extra Large,10,Urban,495031,11863,7812,591911,HIGH
Dog,Large,4,Semi-Urban,407399,7538,6471,484619,HIGH
Dog,Small,9,Semi-Urban,210375,9470,3952,257366,HIGH
Dog,Small,13,Semi-Urban,214508,11123,3603,263619,HIGH
Dog,Large,10,Urban,406858,13097,7134,491152,HIGH
Dog,Medium,9,Urban,301753,12976,4960,367642,HIGH
Dog,Medium,3,Semi-Urban,301956,9213,4304,362793,HIGH
Dog,Small,7,Urban,212177,10335,4284,260815,HIGH
Dog,Medium,4,Urban,295435,9336,4687,355876,HIGH
Dog,Medium,13,Urban,301473,13875,5593,369082,HIGH
Dog,Medium,5,Urban,303331,9309,5038,365329,HIGH
Cat,Extra Large,9,Urban,495765,13180,7809,594267,HIGH
Dog,Small,4,Semi-Urban,210806,8882,4163,257428,HIGH
Dog,Medium,1,Semi-Urban,302922,10991,5231,367015,HIGH
Cat,Medium,3,Urban,301327,10076,5250,364150,HIGH
Dog,Large,3,Urban,410701,10021,7009,491890,HIGH
Dog,Medium,1,Semi-Urban,300721,10252,5687,364159,HIGH
Cat,Large,13,Semi-Urban,408832,11092,7216,491211,HIGH
Dog,Small,3,Urban,210351,10507,3621,258150,HIGH
Dog,Large,13,Urban,405468,13107,7587,490086,HIGH
Dog,Medium,11,Urban,302376,12525,6183,369246,HIGH
Dog,Medium,5,Urban,303935,10066,4779,366597,HIGH
Dog,Large,9,Urban,411992,13431,7786,498190,HIGH
Dog,Small,3,Urban,214641,8725,3548,260951,HIGH
Cat,Large,7,Urban,407777,9395,7315,488160,HIGH
Cat,Large,7,Urban,409175,10948,7140,491352,HIGH
Dog,Large,3,Urban,408552,10049,7767,490323,HIGH
Dog,Extra Large,7,Urban,497712,10306,8063,593493,HIGH
Dog,Medium,12,Urban,302848,13032,5324,369384,HIGH
Dog,Small,3,Urban,214072,10776,4223,263431,HIGH
Cat,Large,4,Urban,409610,11165,6891,491815,HIGH
Dog,Medium,6,Semi-Urban,302042,9887,5451,364987,HIGH
Dog,Medium,4,Semi-Urban,300444,7151,5194,359707,HIGH
Dog,Large,11,Semi-Urban,407685,10084,7048,488539,HIGH
Dog,Small,1,Urban,212710,11630,3732,262282,HIGH
Cat,Medium,8,Urban,299336,9536,4945,360889,HIGH
Dog,Small,10,Urban,213173,11835,3138,262367,HIGH
Dog,Large,2,Urban,407863,9570,6497,487519,HIGH
Dog,Medium,3,Urban,302297,9608,4860,364279,HIGH
Dog,Large,1,Urban,411393,13426,7118,496727,HIGH
Cat,Large,3,Urban,410210,10196,7021,491541,HIGH
Cat,Small,1,Urban,212846,12363,3675,263216,HIGH
Cat,Large,5,Semi-Urban,406760,8246,6520,484754,HIGH
Dog,Medium,2,Urban,300807,10229,5249,363727,HIGH
Dog,Medium,4,Semi-Urban,300963,7301,5762,361129,HIGH
Dog,Large,12,Urban,408757,12358,7535,492947,HIGH
Dog,Large,9,Urban,407750,12679,7260,491842,HIGH
Cat,Medium,13,Semi-Urban,297323,9865,4494,358434,HIGH
Dog,Small,3,Urban,212522,9420,3840,259649,HIGH
Cat,Extra Large,5,Semi-Urban,497819,8295,9176,592583,HIGH
Dog,Large,12,Urban,408026,12380,6634,491096,HIGH
Cat,Small,11,Semi-Urban,214867,10922,2796,262872,HIGH
Cat,Extra Large,12,Semi-Urban,497064,10327,8463,593232,HIGH
Dog,Medium,12,Urban,304302,13721,5205,371712,HIGH
Cat,Large,5,Urban,412178,8913,6712,491973,HIGH
Dog,Large,2,Urban,407668,11042,6823,489362,HIGH
Dog,Medium,13,Urban,305279,13798,5227,372949,HIGH
Dog,Large,8,Urban,409936,10306,7086,491427,HIGH
Dog,Large,5,Semi-Urban,407831,8483,7602,487503,HIGH
Cat,Large,6,Urban,409000,9459,7068,489356,HIGH
Dog,Small,12,Urban,214896,15123,3422,268457,HIGH
Dog,Large,2,Semi-Urban,410623,8321,7031,489871,HIGH
Cat,Large,1,Urban,405985,13573,6427,489882,HIGH
Dog,Large,9,Semi-Urban,407522,10089,6705,487963,HIGH
Dog,Medium,10,Urban,302215,13031,5085,368380,HIGH
Dog,Large,8,Urban,408607,10178,7368,490075,HIGH
Cat,Medium,10,Urban,300789,11725,4513,364581,HIGH
Cat,Medium,1,Urban,299383,14001,5317,366506,HIGH
Cat,Medium,13,Urban,300723,12419,4989,365850,HIGH
Dog,Extra Large,11,Semi-Urban,495889,9990,8220,591213,HIGH
Dog,Large,1,Urban,406974,13893,6697,491698,HIGH
Dog,Large,8,Urban,408321,9750,6597,488368,HIGH
Dog,Medium,8,Urban,299231,9417,5798,361612,HIGH
Dog,Large,13,Semi-Urban,410906,9376,6521,490823,HIGH
Dog,Small,12,Urban,209734,13143,3603,260452,HIGH
Dog,Extra Large,2,Urban,498602,10858,8404,595543,HIGH
Dog,Small,2,Semi-Urban,208921,7639,3572,253151,HIGH
Dog,Small,4,Semi-Urban,210122,7902,3435,254677,HIGH
Dog,Large,6,Urban,408912,10229,6731,489752,HIGH
Dog,Large,9,Urban,406330,12726,6878,489824,HIGH
Cat,Large,11,Urban,403509,13556,6968,487637,HIGH
Dog,Small,7,Urban,213184,10579,3427,261268,HIGH
Dog,Extra Large,12,Urban,496685,12701,8292,595329,HIGH
Dog,Medium,10,Urban,299829,13206,5427,366231,HIGH
Cat,Medium,7,Urban,304796,8998,5458,367139,HIGH
Dog,Small,2,Urban,210378,9932,2560,256300,HIGH
Dog,Small,13,Urban,213672,13162,4232,265725,HIGH
Dog,Medium,11,Urban,301278,12626,5112,366868,HIGH
Dog,Large,12,Urban,405857,13492,6732,489993,HIGH
Dog,Extra Large,11,Urban,494453,12881,7670,592254,HIGH
Dog,Medium,3,Urban,299544,9252,5473,361409,HIGH
Dog,Medium,13,Urban,302733,12940,4573,368282,HIGH
Dog,Large,13,Urban,410824,13974,7232,496834,HIGH
Cat,Medium,8,Semi-Urban,302295,7127,4949,361526,HIGH
Dog,Extra Large,8,Semi-Urban,498265,8272,8393,592169,HIGH
Dog,Large,10,Urban,406760,13107,7049,490953,HIGH
Dog,Large,11,Semi-Urban,409827,11721,6649,492426,HIGH
Dog,Medium,3,Urban,300969,10932,4757,364156,HIGH
Cat,Medium,5,Urban,304106,9434,5067,366398,HIGH
Dog,Extra Large,7,Urban,497495,11376,8061,594471,HIGH
Cat,Medium,11,Urban,302670,13063,4266,367998,HIGH
Dog,Small,3,Urban,214872,9210,4075,262380,HIGH
Dog,Large,8,Urban,409071,10489,6773,490282,HIGH
Dog,Large,4,Urban,406067,9272,6990,485678,HIGH
Dog,Large,12,Urban,407380,13245,7471,492310,HIGH
Dog,Large,9,Semi-Urban,410185,11607,6874,492965,HIGH
Cat,Medium,4,Urban,299684,10638,5294,362958,HIGH
Dog,Large,2,Urban,406759,10124,5946,486253,HIGH
Dog,Small,10,Urban,210451,12798,4461,261866,HIGH
Dog,Medium,7,Semi-Urban,304321,8000,5109,365044,HIGH
Dog,Extra Large,13,Semi-Urban,498033,11282,8681,595695,HIGH
Cat,Large,10,Urban,409553,13145,7001,494153,HIGH
Dog,Large,7,Semi-Urban,407923,7564,6797,485626,HIGH
Dog,Large,7,Semi-Urban,407936,7051,7760,486159,HIGH
Dog,Large,4,Urban,410331,9206,7013,490532,HIGH
Dog,Small,4,Urban,214934,10227,2373,261664,HIGH
Dog,Large,2,Semi-Urban,408978,8074,7432,488156,HIGH
Dog,Medium,12,Semi-Urban,300468,11138,5573,364755,HIGH
Cat,Medium,6,Urban,301467,9656,5143,363705,HIGH
Dog,Extra Large,1,Semi-Urban,494250,8775,8711,588496,HIGH
Dog,Medium,1,Semi-Urban,298001,10390,4733,360092,HIGH
Dog,Medium,13,Urban,301817,13000,5611,368492,HIGH
Dog,Medium,10,Semi-Urban,303541,10325,5741,367548,HIGH
Dog,Medium,5,Urban,300768,10124,5709,364091,HIGH
Cat,Large,10,Urban,405644,14285,6924,490880,HIGH
Dog,Large,10,Semi-Urban,406715,11042,5826,487120,HIGH
Dog,Medium,10,Semi-Urban,303191,10389,4688,366008,HIGH
Dog,Medium,4,Urban,301011,11338,4984,364932,HIGH
Dog,Medium,5,Semi-Urban,298641,7597,5755,358791,HIGH
Dog,Medium,7,Semi-Urban,302376,7527,6050,363345,HIGH
Dog,Medium,12,Urban,303309,13457,4987,370015,HIGH
Dog,Small,8,Urban,213019,10389,3984,261500,HIGH
Dog,Medium,9,Semi-Urban,301745,10360,5066,364746,HIGH
Dog,Medium,4,Urban,303220,8187,5140,364029,HIGH
Dog,Large,2,Urban,404303,10047,6120,483540,HIGH
Dog,Large,2,Urban,409405,10678,8044,492346,HIGH
Dog,Large,6,Semi-Urban,407534,8807,7172,487039,HIGH
Dog,Small,12,Urban,209554,13076,3829,260427,HIGH
Dog,Small,6,Urban,210790,9634,4064,258161,HIGH
Dog,Small,8,Urban,212284,9891,3656,259705,HIGH
Cat,Extra Large,12,Urban,495909,11932,7946,593155,HIGH
Dog,Large,9,Semi-Urban,408277,11771,6880,490967,HIGH
Dog,Large,3,Urban,409403,10470,6430,490248,HIGH
Dog,Large,3,Urban,411389,9402,6438,491313,HIGH
Dog,Extra Large,4,Urban,494034,9337,8490,588640,HIGH
Dog,Large,10,Urban,408938,12779,6675,492650,HIGH
Dog,Medium,11,Urban,304773,13650,5606,372633,HIGH
Cat,Large,9,Semi-Urban,407629,10309,6487,488088,HIGH
Cat,Medium,10,Semi-Urban,298401,10864,5660,362163,HIGH
Cat,Small,5,Semi-Urban,211422,7705,3978,256570,HIGH
Dog,Small,13,Semi-Urban,215963,10710,3930,265193,HIGH
Dog,Large,5,Urban,410646,10929,6207,491949,HIGH
Dog,Large,2,Semi-Urban,405278,7205,8232,483822,HIGH
Dog,Large,4,Semi-Urban,408507,8797,6971,487916,HIGH
Cat,Small,10,Urban,213062,12334,2874,262510,HIGH
Dog,Small,1,Urban,215990,12879,3962,267755,HIGH
Dog,Medium,13,Semi-Urban,298199,9460,5240,359833,HIGH
Cat,Medium,9,Urban,299668,12488,4616,364287,HIGH
Cat,Medium,13,Semi-Urban,297456,10219,5289,359908,HIGH
Dog,Medium,11,Urban,300959,13474,5173,367546,HIGH
Cat,Large,12,Semi-Urban,407817,9945,6438,487830,HIGH
Dog,Medium,8,Semi-Urban,302006,7346,4979,361480,HIGH
Dog,Large,12,Semi-Urban,411760,10224,6759,493054,HIGH
Dog,Medium,1,Semi-Urban,299486,10122,5429,362292,HIGH
Cat,Medium,13,Urban,302829,13172,4782,368900,HIGH
Dog,Small,10,Semi-Urban,209623,10623,3697,257534,HIGH
Dog,Large,8,Urban,407569,9959,5638,486640,HIGH
Dog,Large,12,Semi-Urban,409649,10252,6454,490308,HIGH
Cat,Large,5,Urban,408620,9849,6772,489027,HIGH
Cat,Medium,13,Urban,304565,13303,5449,371814,HIGH
Dog,Medium,4,Urban,302913,10575,4714,365932,HIGH
Dog,Medium,8,Semi-Urban,304367,8127,5086,365217,HIGH
Dog,Small,11,Urban,210180,12604,3817,260591,HIGH
Cat,Medium,10,Urban,297449,12690,4401,361721,HIGH
Dog,Large,11,Urban,408988,12210,6950,492370,HIGH
Cat,Large,6,Semi-Urban,407983,7925,7675,487120,HIGH
Dog,Medium,10,Semi-Urban,300676,10793,4503,363367,HIGH
Cat,Small,13,Urban,212324,12612,3682,262910,HIGH
Cat,Medium,5,Semi-Urban,302770,9086,4750,364096,HIGH
Dog,Medium,9,Semi-Urban,304914,9769,4706,367297,HIGH
Cat,Large,8,Semi-Urban,404711,7146,7059,481753,HIGH
Dog,Medium,10,Urban,303398,13917,5742,371515,HIGH
Dog,Medium,10,Urban,301806,13182,5092,368092,HIGH
Dog,Medium,1,Urban,302152,12317,3951,366183,HIGH
Cat,Medium,12,Semi-Urban,300666,9685,4474,362048,HIGH
Dog,Extra Large,9,Semi-Urban,497266,11848,7854,594513,HIGH
Dog,Medium,4,Urban,300451,10084,5977,363988,HIGH
Dog,Medium,13,Urban,297536,13502,5254,363735,HIGH
Dog,Small,10,Urban,213107,12676,4114,264381,HIGH
Dog,Large,10,Urban,406695,13987,7275,492150,HIGH
Dog,Medium,13,Urban,299788,12775,5500,365772,HIGH
Cat,Medium,6,Urban,302394,9038,5276,364214,HIGH
Cat,Medium,2,Semi-Urban,301636,7610,4895,361262,HIGH
Dog,Small,1,Urban,214219,12238,3995,265019,HIGH
Dog,Extra Large,10,Urban,496975,13201,8305,596253,HIGH
Cat,Medium,11,Urban,301651,12858,5388,367881,HIGH
Dog,Medium,3,Urban,302935,9242,4426,364093,HIGH
Dog,Medium,11,Semi-Urban,300327,9891,5944,363586,HIGH
Cat,Small,10,Urban,213904,12641,3414,264452,HIGH
Dog,Large,11,Semi-Urban,410162,8872,7155,490117,HIGH
Dog,Large,1,Semi-Urban,405840,10900,6660,486910,HIGH
Cat,Medium,7,Urban,298429,9872,4904,360185,HIGH
Dog,Extra Large,1,Urban,495565,12859,8020,593910,HIGH
Cat,Small,9,Urban,214241,14061,3186,266211,HIGH
Dog,Large,6,Semi-Urban,405628,7816,6061,482430,HIGH
Dog,Small,13,Urban,211658,13705,3468,263155,HIGH
Cat,Small,5,Urban,215748,9803,3940,263914,HIGH
Cat,Medium,2,Semi-Urban,301020,7706,3582,359154,HIGH
Dog,Medium,4,Semi-Urban,302805,7314,4906,362278,HIGH
Dog,Large,10,Urban,408049,13994,6302,492596,HIGH
Dog,Medium,13,Urban,302251,12734,5579,368648,HIGH
Dog,Medium,8,Urban,299904,9185,5267,361509,HIGH
Dog,Small,10,Semi-Urban,212505,10694,3271,260440,HIGH
Dog,Medium,2,Urban,298356,11047,5049,361619,HIGH
Dog,Small,2,Urban,211168,10809,3620,259436,HIGH
Dog,Large,12,Urban,404623,13354,7234,488992,HIGH
Dog,Large,11,Semi-Urban,407726,11108,7168,489902,HIGH
Dog,Medium,12,Urban,302737,14129,4395,369450,HIGH
Dog,Medium,1,Urban,302040,13524,5106,368770,HIGH
Cat,Large,4,Urban,410601,9226,6279,490021,HIGH
Dog,Large,3,Semi-Urban,407903,7624,6533,485369,HIGH
Dog,Extra Large,5,Urban,501136,10722,8703,598645,HIGH
Cat,Medium,12,Semi-Urban,301217,10825,5240,364874,HIGH
Dog,Medium,8,Urban,303195,11199,5037,367345,HIGH
Dog,Large,4,Urban,408161,9950,6372,488155,HIGH
Cat,Large,3,Semi-Urban,410863,6808,5835,487031,HIGH
Dog,Medium,13,Semi-Urban,301787,10221,4570,364064,HIGH
Dog,Medium,6,Urban,302579,11304,6016,367883,HIGH
Dog,Large,2,Urban,410168,7955,6750,488603,HIGH
Dog,Large,5,Urban,411393,9880,6498,491936,HIGH
Cat,Large,7,Semi-Urban,409411,9147,7664,490155,HIGH
Dog,Medium,2,Urban,302008,9182,4913,363518,HIGH
Dog,Large,12,Urban,409557,13151,7059,494232,HIGH
Dog,Extra Large,4,Urban,498251,10638,8494,594990,HIGH
Cat,Extra Large,8,Urban,496492,9893,8440,592048,HIGH
Dog,Large,2,Semi-Urban,409202,9528,7100,489704,HIGH
Dog,Small,2,Semi-Urban,212223,9574,4242,259944,HIGH
Cat,Medium,9,Urban,303879,11252,4578,367665,HIGH
Cat,Small,5,Urban,213646,10541,2875,261121,HIGH
Dog,Small,9,Urban,213035,14086,3492,265204,HIGH
Dog,Extra Large,13,Urban,495386,12641,8837,594393,HIGH
Cat,Small,5,Semi-Urban,214654,7701,4421,260792,HIGH
Cat,Extra Large,11,Semi-Urban,498105,11656,7777,595168,HIGH
Dog,Large,10,Urban,405430,13221,6250,488636,HIGH
Cat,Large,4,Urban,410641,10712,6601,492147,HIGH
Dog,Large,13,Urban,409041,13483,7032,493989,HIGH
Dog,Large,2,Urban,409947,10288,7216,491568,HIGH
Dog,Small,1,Urban,214480,13348,3472,265995,HIGH
Cat,Large,3,Urban,408554,9424,7056,488789,HIGH
Dog,Large,4,Semi-Urban,407731,7545,7009,485627,HIGH
Dog,Large,13,Urban,409978,12284,7046,493704,HIGH
Cat,Small,8,Urban,217524,9750,3361,265230,HIGH
Cat,Medium,8,Semi-Urban,302679,5681,4683,359999,HIGH
Dog,Medium,2,Semi-Urban,304199,9867,4980,366902,HIGH
Dog,Medium,3,Urban,303620,9305,5801,366534,HIGH
Dog,Medium,13,Urban,298924,11508,4966,362707,HIGH
Dog,Extra Large,4,Semi-Urban,496137,7769,8845,589663,HIGH
Cat,Medium,12,Urban,300479,14633,5073,368212,HIGH
Dog,Medium,9,Semi-Urban,300520,10118,4146,362001,HIGH
Dog,Small,13,Urban,211288,12366,3567,261304,HIGH
Cat,Medium,9,Urban,299845,13617,5874,367236,HIGH
Dog,Large,10,Urban,410732,12349,6389,493890,HIGH
Dog,Large,3,Semi-Urban,406912,6410,7343,483764,HIGH
Dog,Large,3,Semi-Urban,406001,9339,6704,485350,HIGH
Dog,Large,2,Semi-Urban,412501,8943,7318,493076,HIGH
Cat,Large,1,Semi-Urban,406396,10397,6684,486998,HIGH
Dog,Medium,12,Urban,306355,12405,5239,372598,HIGH
Cat,Medium,8,Urban,302895,10885,5474,367142,HIGH
Dog,Medium,11,Urban,305106,13060,5208,371880,HIGH
Cat,Medium,1,Urban,299278,13388,5268,365624,HIGH
Cat,Large,1,Urban,407300,14221,7596,493484,HIGH
Cat,Large,8,Urban,407705,11103,6416,489007,HIGH
Dog,Small,11,Urban,212278,13394,3534,263586,HIGH
Dog,Large,2,Semi-Urban,408698,7784,6616,486562,HIGH
Dog,Medium,4,Urban,302896,9075,5178,364721,HIGH
Dog,Large,7,Urban,408779,10235,6928,489833,HIGH
Dog,Small,3,Urban,213482,11381,3580,262709,HIGH
Dog,Medium,2,Urban,302756,9898,4699,364955,HIGH
Dog,Large,7,Urban,408796,11124,6800,490728,HIGH
Dog,Large,9,Semi-Urban,406840,11571,6411,488545,HIGH
Dog,Small,4,Urban,214973,10821,3742,263966,HIGH
Dog,Medium,6,Urban,303107,9663,5792,366346,HIGH
Dog,Large,1,Semi-Urban,411455,9774,7611,493166,HIGH
Dog,Large,5,Semi-Urban,406803,8638,5882,484521,HIGH
Dog,Small,5,Semi-Urban,213805,9394,3834,261087,HIGH
Dog,Medium,12,Urban,302220,13502,4885,368698,HIGH
Dog,Small,5,Urban,212707,9314,3656,259528,HIGH
Dog,Medium,4,Semi-Urban,304222,7520,5259,364551,HIGH
Cat,Large,8,Urban,410762,9894,6883,491669,HIGH
Dog,Medium,2,Semi-Urban,302062,7804,5080,362187,HIGH
Cat,Small,7,Urban,211684,10632,4068,260341,HIGH
Dog,Small,11,Urban,214721,12086,4135,265583,HIGH
Cat,Small,12,Urban,215197,13334,4031,267446,HIGH
Dog,Small,10,Urban,216947,13062,3505,268541,HIGH
Dog,Large,10,Urban,410412,13222,7602,495921,HIGH
Cat,Medium,9,Urban,301572,13345,4391,367204,HIGH
Cat,Small,3,Urban,215174,9613,3485,262512,HIGH
Dog,Large,3,Semi-Urban,405926,7114,6357,482306,HIGH
Dog,Large,3,Urban,406327,8716,6668,484967,HIGH
Dog,Medium,3,Urban,302053,10573,5380,365706,HIGH
Dog,Medium,7,Semi-Urban,299811,6867,5515,359021,HIGH
Cat,Large,7,Urban,408364,9538,7328,489014,HIGH
Dog,Medium,7,Semi-Urban,300723,8854,5688,362554,HIGH
Dog,Medium,1,Urban,300059,13707,6064,367804,HIGH
Cat,Small,10,Semi-Urban,214120,10626,3387,262352,HIGH
Dog,Large,6,Urban,407040,9753,6889,487234,HIGH
Dog,Small,13,Semi-Urban,212418,10665,1999,258844,HIGH
Cat,Small,2,Urban,216768,10352,3891,265662,HIGH
Dog,Small,10,Semi-Urban,214106,10677,4435,263600,HIGH
Dog,Medium,7,Semi-Urban,299978,8363,5013,360357,HIGH
Dog,Extra Large,7,Semi-Urban,497146,8485,8977,591799,HIGH
Dog,Medium,13,Semi-Urban,302934,8775,4837,364027,HIGH
Dog,Medium,3,Semi-Urban,301968,7657,4357,361079,HIGH
Dog,Small,5,Urban,209196,8589,2964,253861,HIGH
Dog,Large,6,Urban,406740,10253,6875,487448,HIGH
Cat,Small,1,Urban,214799,13619,2683,265766,HIGH
Dog,Medium,3,Urban,303604,10240,5696,367471,HIGH
Cat,Small,10,Semi-Urban,215287,8647,3787,261879,HIGH
Dog,Medium,9,Urban,300768,13471,5863,368117,HIGH
Dog,Large,7,Semi-Urban,409366,9009,7179,489387,HIGH
Dog,Small,8,Urban,210017,11700,3937,259502,HIGH
Dog,Extra Large,8,Urban,491674,10569,8203,587012,HIGH
Dog,Medium,1,Urban,302696,13879,5331,370191,HIGH
Dog,Medium,4,Urban,301291,9180,4905,362682,HIGH
Dog,Extra Large,10,Urban,499343,11944,8496,597750,HIGH
Dog,Small,2,Semi-Urban,212469,6700,2881,255357,HIGH
Dog,Medium,10,Urban,303311,13976,4920,370538,HIGH
Dog,Large,4,Semi-Urban,408683,7751,7429,487442,HIGH
Dog,Extra Large,2,Urban,500115,9226,7997,594938,HIGH
Cat,Medium,9,Semi-Urban,302392,10853,4917,365886,HIGH
Dog,Extra Large,9,Semi-Urban,496516,10770,8053,592639,HIGH
Dog,Small,6,Semi-Urban,210461,6688,3835,254131,HIGH
Cat,Large,13,Semi-Urban,406531,10006,6919,486974,HIGH
Dog,Large,8,Urban,408913,10343,7320,490562,HIGH
Dog,Extra Large,1,Urban,496330,11004,7684,592270,HIGH
Dog,Medium,1,Semi-Urban,303500,10845,4711,366914,HIGH
Cat,Small,6,Urban,211382,10717,4118,260149,HIGH
Dog,Large,11,Urban,408850,13171,7104,493493,HIGH
Dog,Medium,6,Semi-Urban,301477,8336,5133,362187,HIGH
Dog,Large,4,Urban,406456,10819,7231,488181,HIGH
Dog,Large,10,Urban,411589,13497,6117,495883,HIGH
Cat,Extra Large,1,Semi-Urban,496703,8881,8938,591700,HIGH
Dog,Extra Large,7,Urban,497524,9408,8522,592772,HIGH
Dog,Large,5,Urban,406689,8108,7330,485446,HIGH
Dog,Small,3,Semi-Urban,214096,7421,4581,260012,HIGH
Dog,Large,7,Urban,405729,11331,6777,487412,HIGH
Dog,Large,12,Urban,409239,12704,6193,492356,HIGH
Dog,Large,9,Semi-Urban,409323,9478,7584,490342,HIGH
Dog,Large,12,Semi-Urban,411057,10837,7224,493485,HIGH
Dog,Medium,12,Semi-Urban,302219,10173,5000,365000,HIGH
Dog,Large,10,Urban,406870,14554,7183,492898,HIGH
Cat,Extra Large,7,Urban,492873,10714,9046,589527,HIGH
Dog,Medium,4,Urban,300160,9892,5070,362390,HIGH
Cat,Medium,2,Urban,303807,9943,6093,367819,HIGH
Dog,Large,2,Urban,411468,10918,7212,494037,HIGH
Dog,Small,1,Urban,210313,14641,3605,262842,HIGH
Dog,Medium,8,Urban,301270,9595,5799,364163,HIGH
Dog,Medium,12,Urban,299111,12129,4409,362996,HIGH
Dog,Large,10,Urban,411155,13745,7255,496978,HIGH
Dog,Medium,6,Semi-Urban,303296,8015,5291,364092,HIGH
Dog,Small,8,Urban,211804,10522,3213,259369,HIGH
Dog,Large,4,Semi-Urban,410988,9232,7038,491346,HIGH
Cat,Large,6,Urban,404377,9920,6557,483982,HIGH
Dog,Large,6,Urban,409506,9605,7350,490430,HIGH
Dog,Large,7,Urban,411687,9996,6986,492969,HIGH
Dog,Extra Large,3,Urban,494312,9065,8934,589157,HIGH
Dog,Large,9,Urban,407049,14312,6931,492535,HIGH
Dog,Extra Large,11,Urban,500713,11986,7744,598509,HIGH
Dog,Large,12,Urban,410756,12152,8261,495844,HIGH
Dog,Extra Large,2,Urban,497171,9375,8731,592568,HIGH
Cat,Medium,7,Semi-Urban,303456,8449,5682,365225,HIGH
Dog,Medium,10,Urban,300769,12439,5544,366564,HIGH
Dog,Small,9,Urban,212935,14445,4033,266124,HIGH
Dog,Medium,11,Urban,303515,12415,5081,369162,HIGH
Dog,Medium,5,Urban,299491,8942,5713,361267,HIGH
Dog,Large,12,Urban,407482,13690,7038,492441,HIGH
Dog,Large,11,Urban,403486,12911,7485,487464,HIGH
Dog,Medium,10,Urban,300538,13074,4578,365918,HIGH
Cat,Medium,1,Urban,304919,13155,5554,372172,HIGH
Cat,Medium,3,Urban,300449,11425,5307,364758,HIGH
Dog,Medium,8,Semi-Urban,303088,7232,5293,362954,HIGH
Dog,Medium,11,Urban,301407,13779,4903,368102,HIGH
Dog,Medium,6,Urban,304563,9594,5632,367757,HIGH
Dog,Small,1,Semi-Urban,215544,11178,3927,265246,HIGH
Dog,Small,4,Urban,211833,9309,2774,257503,HIGH
Dog,Medium,2,Semi-Urban,301023,7715,4963,360756,HIGH
Dog,Small,2,Semi-Urban,211959,7530,3107,255985,HIGH
Dog,Medium,6,Urban,303189,10046,4959,365923,HIGH
Cat,Large,13,Urban,411703,11698,7168,495154,HIGH
Dog,Large,9,Urban,412294,11810,7320,496137,HIGH
Dog,Medium,13,Urban,305109,13525,5565,372828,HIGH
Cat,Large,13,Urban,410401,12799,7442,495238,HIGH
Cat,Large,7,Urban,412063,11999,7216,495969,HIGH
Dog,Small,8,Semi-Urban,212677,8257,2287,256704,HIGH
Dog,Small,5,Urban,212577,10364,3843,260801,HIGH
Dog,Medium,6,Urban,303174,10651,6114,367929,HIGH
Dog,Small,9,Urban,214713,12489,4265,266187,HIGH
Dog,Large,2,Urban,410064,9723,6681,490438,HIGH
Dog,Medium,8,Semi-Urban,298611,8481,5324,359278,HIGH
Dog,Small,4,Semi-Urban,212716,7820,3664,257830,HIGH
Dog,Small,2,Semi-Urban,218921,9638,3229,266556,HIGH
Dog,Medium,10,Urban,300588,13823,4529,366781,HIGH
Cat,Large,9,Urban,408418,13077,6127,491765,HIGH
Dog,Large,12,Urban,409008,13114,6848,493315,HIGH
Dog,Large,7,Urban,406205,10246,6678,486598,HIGH
Cat,Medium,2,Urban,301684,10386,4729,364318,HIGH
Dog,Medium,6,Urban,303594,8861,4952,365018,HIGH
Dog,Small,4,Urban,212235,10330,3412,259873,HIGH
Cat,Extra Large,12,Semi-Urban,497372,11522,9024,595605,HIGH
Dog,Medium,12,Urban,302246,11861,5311,367330,HIGH
Dog,Large,12,Urban,410485,14584,5967,495691,HIGH
Cat,Medium,3,Semi-Urban,299736,7196,5053,358782,HIGH
Dog,Large,3,Urban,407682,10914,5423,487621,HIGH
Cat,Small,5,Urban,214875,9781,2937,261731,HIGH
Dog,Large,13,Urban,408186,13099,6606,492074,HIGH
Dog,Large,11,Urban,409957,14242,6562,495375,HIGH
Dog,Large,3,Urban,409426,10635,8159,492453,HIGH
Dog,Extra Large,5,Urban,494705,9460,8993,590131,HIGH
Dog,Large,13,Urban,405926,13828,6056,489681,HIGH
Dog,Medium,4,Semi-Urban,301919,7275,4496,360743,HIGH
Dog,Small,7,Urban,213824,9831,3742,261506,HIGH
Dog,Large,2,Semi-Urban,409239,7153,7141,487062,HIGH
Dog,Extra Large,7,Urban,497183,11623,7491,593741,HIGH
Dog,Large,2,Semi-Urban,408958,8065,7120,487764,HIGH
Dog,Large,12,Urban,409820,13966,6553,494889,HIGH
Cat,Small,2,Semi-Urban,212705,9579,3560,259720,HIGH
Dog,Large,2,Semi-Urban,408144,8742,6620,487031,HIGH
Dog,Small,7,Urban,213769,10593,3768,262349,HIGH
Cat,Small,11,Urban,211013,14641,2697,262603,HIGH
Dog,Small,6,Urban,212089,10592,4092,260788,HIGH
Dog,Large,10,Urban,406655,13176,6953,490801,HIGH
Dog,Medium,7,Urban,298691,11023,4946,361859,HIGH
Dog,Medium,2,Semi-Urban,299860,7650,4191,358456,HIGH
Dog,Small,4,Urban,209586,10784,3140,257036,HIGH
Dog,Medium,3,Semi-Urban,298711,7653,4802,357840,HIGH
Dog,Medium,10,Semi-Urban,303380,10893,4997,367160,HIGH
Dog,Large,5,Urban,409878,9067,6261,488986,HIGH
Dog,Extra Large,1,Semi-Urban,496733,9624,9420,593143,HIGH
Cat,Large,13,Urban,410465,12125,6360,493292,HIGH
Dog,Medium,3,Urban,302979,9733,4925,365282,HIGH
Dog,Small,10,Semi-Urban,212347,11913,3448,261864,HIGH
Dog,Medium,11,Semi-Urban,299131,11568,5119,363190,HIGH
Cat,Large,12,Semi-Urban,410528,10568,7128,492457,HIGH
Dog,Large,7,Urban,405041,9837,6650,484757,HIGH
Dog,Large,6,Urban,408284,10235,7914,490397,HIGH
Dog,Small,4,Urban,212801,10450,4073,261422,HIGH
Dog,Medium,6,Urban,301332,10133,5794,364847,HIGH
Cat,Medium,13,Urban,303291,12210,5107,368699,HIGH
Dog,Medium,6,Urban,300090,9837,5391,362615,HIGH
Cat,Large,11,Urban,408857,12219,6900,492172,HIGH
Cat,Medium,2,Semi-Urban,304552,7702,4392,364142,HIGH
Dog,Large,8,Urban,410418,10650,6516,491721,HIGH
Cat,Large,11,Semi-Urban,408004,10932,6928,489743,HIGH
Cat,Extra Large,11,Urban,493651,13588,8286,592853,HIGH
Dog,Large,13,Urban,408598,12699,6193,491613,HIGH
Dog,Medium,9,Urban,302486,12666,5203,368408,HIGH
Dog,Large,4,Urban,411807,9949,6265,492224,HIGH
Dog,Medium,1,Urban,305464,12697,4590,371163,HIGH
Dog,Medium,5,Urban,299210,9941,5507,361856,HIGH
Dog,Small,2,Urban,212386,9757,3833,259872,HIGH
Cat,Small,12,Semi-Urban,212070,10213,2967,259037,HIGH
Dog,Medium,2,Urban,302198,10319,5632,365871,HIGH
Cat,Extra Large,12,Urban,495979,12780,7322,593493,HIGH
Dog,Extra Large,6,Urban,493828,10341,8794,589907,HIGH
Cat,Large,5,Urban,407386,9729,6726,487417,HIGH
Dog,Extra Large,4,Semi-Urban,493168,8471,8481,586638,HIGH
Dog,Medium,4,Urban,299794,9070,5403,361407,HIGH
Dog,Medium,5,Urban,305333,10030,5197,368644,HIGH
Dog,Large,10,Urban,407999,13060,6048,491173,HIGH
Dog,Medium,11,Urban,301382,14243,4882,368583,HIGH
Dog,Medium,3,Urban,299568,9758,4990,361463,HIGH
Dog,Large,2,Urban,407886,9164,6961,487612,HIGH
Dog,Medium,13,Urban,300400,12313,4771,365106,HIGH
Dog,Medium,4,Urban,300676,10534,6512,365380,HIGH
Dog,Medium,5,Semi-Urban,298263,8951,5817,359985,HIGH
Dog,Medium,12,Urban,301200,12974,5609,367750,HIGH
Dog,Extra Large,6,Urban,499302,10053,7814,594744,HIGH
Dog,Large,5,Urban,406843,9598,7534,487571,HIGH
Dog,Large,10,Semi-Urban,404988,10160,6628,485042,HIGH
Cat,Large,9,Semi-Urban,408659,9019,6017,487249,HIGH
Dog,Large,4,Urban,408451,10368,7177,489895,HIGH
Dog,Medium,1,Semi-Urban,300109,10693,5248,363457,HIGH
Dog,Large,7,Urban,407907,10165,5963,487640,HIGH
Cat,Small,10,Urban,212497,12161,3531,262417,HIGH
Dog,Medium,13,Urban,297971,12172,4738,362113,HIGH
Dog,Large,9,Semi-Urban,406683,8837,6440,485254,HIGH
Cat,Small,6,Urban,209963,10134,4008,257720,HIGH
Dog,Medium,4,Urban,302684,11085,4820,366377,HIGH
Dog,Medium,4,Urban,303816,11135,5912,368992,HIGH
Dog,Medium,4,Urban,298997,9694,5635,361474,HIGH
Dog,Large,4,Urban,410196,10786,7211,492421,HIGH
Dog,Medium,5,Urban,304496,10027,4574,366961,HIGH
Dog,Medium,9,Urban,300901,12323,5051,366016,HIGH
Cat,Medium,4,Urban,301283,9910,5443,364131,HIGH
Dog,Medium,11,Urban,301067,14627,4590,368326,HIGH
Dog,Medium,11,Semi-Urban,301404,10095,5108,364098,HIGH
Dog,Extra Large,10,Urban,496554,13106,8846,596281,HIGH
Dog,Small,8,Semi-Urban,213133,6824,3954,257497,HIGH
Dog,Extra Large,13,Urban,497173,12425,8986,596371,HIGH
Dog,Large,6,Semi-Urban,409980,6497,6700,486653,HIGH
Dog,Large,7,Urban,411333,10526,6556,492677,HIGH
Dog,Small,11,Urban,209928,13526,3341,260814,HIGH
Dog,Medium,5,Urban,305830,10774,4901,369730,HIGH
Dog,Large,12,Urban,411020,12893,5852,494229,HIGH
Dog,Large,4,Semi-Urban,411733,7973,8145,492028,HIGH
Cat,Medium,13,Urban,300527,13857,4758,367013,HIGH
Dog,Medium,6,Semi-Urban,302943,8064,4696,363058,HIGH
Dog,Large,7,Urban,406096,10334,7322,487314,HIGH
Cat,Extra Large,10,Urban,494842,12505,8083,592744,HIGH
Dog,Medium,5,Semi-Urban,299547,9023,4955,360553,HIGH
Dog,Large,9,Semi-Urban,411632,10992,6671,493689,HIGH
Dog,Small,10,Urban,212485,12263,4151,263233,HIGH
Dog,Medium,13,Urban,298430,12407,6085,364460,HIGH
Dog,Medium,6,Urban,298822,9777,5463,361171,HIGH
Dog,Small,6,Urban,212164,9817,3011,258740,HIGH
Dog,Large,10,Urban,410592,13356,7126,495735,HIGH
Dog,Small,12,Urban,212447,13778,3748,264468,HIGH
Cat,Small,7,Semi-Urban,210529,7516,4041,255398,HIGH
Dog,Small,8,Semi-Urban,210227,8751,3858,256261,HIGH
Cat,Medium,5,Urban,304978,10924,4524,368489,HIGH
Cat,Medium,9,Urban,301633,12263,4496,366150,HIGH
Dog,Large,5,Urban,409656,11496,6725,492058,HIGH
Dog,Large,8,Urban,408015,10393,6464,488602,HIGH
Dog,Large,3,Urban,409325,9449,7471,490181,HIGH
Cat,Large,8,Urban,406813,9382,7961,487779,HIGH
Dog,Small,5,Semi-Urban,212981,8054,3157,257820,HIGH
Dog,Extra Large,7,Urban,497340,9118,7364,590895,HIGH
Dog,Large,10,Urban,407588,12025,6955,490553,HIGH
Dog,Small,11,Urban,211705,13542,2943,262418,HIGH
Dog,Medium,4,Urban,303102,10458,4770,366079,HIGH
Dog,Large,9,Urban,407615,12954,7799,492623,HIGH
Dog,Large,2,Urban,408591,9974,6488,488810,HIGH
Dog,Large,6,Semi-Urban,406255,8881,7169,485650,HIGH
Dog,Large,2,Urban,407157,7953,7601,486117,HIGH
Dog,Extra Large,7,Urban,497209,9539,8913,593010,HIGH
Dog,Large,1,Semi-Urban,408440,10745,6206,489199,HIGH
Dog,Large,8,Urban,409121,10310,7031,490431,HIGH
Cat,Medium,10,Urban,299771,13460,5775,366856,HIGH
Dog,Medium,3,Semi-Urban,303014,8596,5449,364617,HIGH
Cat,Extra Large,2,Urban,497043,11186,8572,594321,HIGH
Dog,Large,12,Semi-Urban,409400,11622,7133,492378,HIGH
Dog,Large,1,Urban,408251,13130,6681,492271,HIGH
Dog,Extra Large,11,Urban,496278,11903,7845,593429,HIGH
Dog,Large,5,Urban,408790,9882,6128,488520,HIGH
Dog,Medium,5,Urban,300603,9705,5244,362884,HIGH
Dog,Medium,5,Urban,302724,10277,5317,366065,HIGH
Cat,Large,4,Urban,407414,10849,7004,489057,HIGH
Dog,Large,11,Urban,411090,12372,6657,494636,HIGH
Dog,Small,7,Urban,213495,9304,3486,260227,HIGH
Dog,Medium,8,Urban,299273,11514,5140,363316,HIGH
Dog,Medium,5,Semi-Urban,304627,6992,5459,364639,HIGH
Dog,Large,8,Semi-Urban,410678,8727,6257,489511,HIGH
Dog,Large,1,Urban,409865,12839,7301,494505,HIGH
Dog,Medium,11,Urban,304110,11869,5646,369868,HIGH
Dog,Medium,1,Semi-Urban,298776,10471,5461,361914,HIGH
Dog,Large,8,Urban,409834,8598,7253,489537,HIGH
Dog,Large,5,Semi-Urban,411208,8007,7093,490254,HIGH
Dog,Small,11,Urban,214404,13916,4079,267258,HIGH
Dog,Small,9,Urban,213570,12469,4642,265283,HIGH
Dog,Large,12,Urban,407906,13334,6133,491478,HIGH
Cat,Small,13,Semi-Urban,212004,10388,3433,259698,HIGH
Cat,Large,8,Urban,411190,10316,7725,493615,HIGH
Cat,Medium,8,Semi-Urban,300996,7181,5072,360236,HIGH
Cat,Small,2,Semi-Urban,212451,7789,4061,257946,HIGH
Cat,Medium,9,Urban,301697,11909,5224,366654,HIGH
Dog,Medium,10,Semi-Urban,299706,9403,4158,360257,HIGH
Dog,Small,12,Semi-Urban,212395,9982,3757,260054,HIGH
Dog,Extra Large,1,Urban,495551,13528,8090,594744,HIGH
Dog,Medium,10,Urban,303584,13599,4912,370409,HIGH
Dog,Medium,12,Urban,304838,13757,4635,371714,HIGH
Dog,Medium,8,Urban,302586,9599,5383,365203,HIGH
Dog,Large,13,Semi-Urban,409325,9893,8161,491485,HIGH
Dog,Small,12,Urban,212879,12475,3541,263229,HIGH
Dog,Large,5,Urban,406465,10321,6279,486524,HIGH
Dog,Large,9,Urban,407350,11238,7704,490235,HIGH
Cat,Large,7,Urban,406194,10521,5879,485983,HIGH
Cat,Medium,8,Semi-Urban,303058,9458,5448,365658,HIGH
Dog,Large,6,Urban,407879,10762,7387,489932,HIGH
Cat,Large,12,Semi-Urban,408029,9713,7497,489024,HIGH
Cat,Extra Large,6,Urban,498376,9704,8851,594470,HIGH
Cat,Extra Large,7,Urban,495061,9299,8294,589552,HIGH
Dog,Small,1,Urban,211963,13937,3252,263524,HIGH
Dog,Medium,10,Urban,300633,12231,4709,365208,HIGH
Dog,Large,12,Urban,405333,13188,7236,489620,HIGH
Dog,Medium,7,Urban,300186,12559,5858,366393,HIGH
Dog,Medium,11,Semi-Urban,301337,10015,4938,363733,HIGH
Cat,Medium,7,Urban,300832,10186,4164,362459,HIGH
Dog,Small,6,Urban,209570,11443,3828,258567,HIGH
Dog,Extra Large,13,Semi-Urban,495000,9174,7262,588151,HIGH
Dog,Extra Large,10,Semi-Urban,500653,9705,8598,596799,HIGH
Cat,Large,2,Urban,403565,9750,6739,483062,HIGH
Dog,Medium,12,Urban,299657,13374,5003,365739,HIGH
Dog,Extra Large,1,Urban,497394,12467,8321,595909,HIGH
Dog,Medium,12,Urban,302451,12923,4451,367798,HIGH
Cat,Medium,10,Urban,299173,12081,5642,364430,HIGH
Dog,Small,13,Urban,211639,12815,3174,261772,HIGH
Dog,Small,6,Urban,209148,8887,4095,255449,HIGH
Dog,Large,11,Urban,407160,11285,7871,490263,HIGH
Dog,Small,3,Semi-Urban,209279,7774,4250,254498,HIGH
Cat,Small,7,Semi-Urban,209483,7183,3720,253443,HIGH
Cat,Large,9,Semi-Urban,405697,10649,6727,486533,HIGH
Dog,Large,1,Semi-Urban,410475,10685,6767,492116,HIGH
Dog,Large,12,Semi-Urban,409223,11057,6441,490729,HIGH
Dog,Small,1,Semi-Urban,211542,9385,4048,258721,HIGH
Dog,Large,1,Urban,409622,13899,7287,495429,HIGH
Cat,Medium,7,Urban,302091,10887,4755,365392,HIGH
Cat,Small,5,Semi-Urban,216486,8125,3651,262501,HIGH
Dog,Large,5,Urban,410201,8437,7530,490093,HIGH
Dog,Small,4,Urban,213685,10906,3499,262303,HIGH
Dog,Medium,12,Urban,300311,12815,4597,365381,HIGH
Cat,Extra Large,5,Urban,494433,10612,7799,589770,HIGH
Dog,Large,8,Urban,409481,9117,7414,489913,HIGH
Dog,Large,10,Urban,405874,13128,6482,489306,HIGH
Dog,Medium,7,Urban,301015,9887,5212,363531,HIGH
Dog,Medium,8,Urban,302716,9841,4900,365075,HIGH
Dog,Small,2,Urban,211598,10069,3705,259177,HIGH
Cat,Large,7,Urban,408417,9544,5999,487554,HIGH
Dog,Medium,9,Urban,300594,13640,4893,366996,HIGH
Dog,Large,5,Semi-Urban,409776,8719,7123,489460,HIGH
Dog,Medium,5,Semi-Urban,304442,7602,4980,364577,HIGH
Dog,Medium,4,Semi-Urban,302946,8388,4565,363283,HIGH
Dog,Medium,13,Semi-Urban,304455,10247,5007,367665,HIGH
Dog,Large,12,Urban,409141,13518,7842,495076,HIGH
Cat,Medium,9,Urban,301897,13623,4534,368062,HIGH
Dog,Small,13,Semi-Urban,213153,9374,4216,260754,HIGH
Dog,Medium,10,Urban,304318,13662,5447,371941,HIGH
Dog,Small,9,Urban,216485,12482,3655,267515,HIGH
Dog,Medium,12,Urban,305293,13230,5901,373087,HIGH
Dog,Small,6,Urban,211585,9860,3291,258446,HIGH
Dog,Medium,10,Semi-Urban,302957,11077,5119,367025,HIGH
Cat,Medium,5,Urban,302551,9453,5835,365514,HIGH
Dog,Small,5,Urban,210273,10684,3250,257838,HIGH
Dog,Medium,10,Semi-Urban,300236,10308,5918,363931,HIGH
Cat,Extra Large,2,Urban,502052,11863,7513,599642,HIGH
Dog,Extra Large,11,Urban,495833,13102,8293,594812,HIGH
Dog,Medium,2,Urban,300743,9215,5311,362559,HIGH
Dog,Medium,6,Urban,303418,10409,5306,367002,HIGH
Cat,Extra Large,7,Semi-Urban,495526,8718,8211,589323,HIGH
Dog,Medium,11,Urban,302206,12252,5159,367559,HIGH
Dog,Small,12,Urban,216495,11966,3454,266702,HIGH
Cat,Medium,9,Urban,304030,13644,5385,371517,HIGH
Dog,Medium,11,Urban,300581,13271,5014,366695,HIGH
Cat,Large,2,Urban,407042,10427,6378,487424,HIGH
Cat,Large,3,Semi-Urban,408227,7196,6763,485513,HIGH
Cat,Medium,2,Urban,302433,9457,4374,363703,HIGH
Dog,Medium,3,Urban,300166,8833,5477,361647,HIGH
Dog,Small,7,Semi-Urban,209599,7857,2945,253461,HIGH
Dog,Medium,2,Urban,302117,11299,4688,365819,HIGH
Cat,Small,3,Urban,212792,10175,3442,260370,HIGH
Dog,Small,3,Urban,210149,10461,3891,258176,HIGH
Dog,Medium,5,Semi-Urban,301467,6537,4774,359694,HIGH
Dog,Large,4,Urban,406723,11091,7257,488831,HIGH
Dog,Medium,8,Urban,296808,10856,5082,359657,HIGH
Cat,Extra Large,9,Urban,493424,13148,9212,593151,HIGH
Dog,Medium,9,Urban,304695,11996,4924,369857,HIGH
Cat,Small,1,Semi-Urban,212348,10282,3528,260081,HIGH
Cat,Medium,8,Urban,300522,9773,5047,362643,HIGH
Dog,Medium,2,Urban,300599,9909,5144,362999,HIGH
Cat,Large,6,Semi-Urban,407040,7778,6878,484950,HIGH
Dog,Small,9,Semi-Urban,213718,10067,3322,261173,HIGH
Dog,Large,5,Semi-Urban,409418,7460,7711,488277,HIGH
Dog,Small,8,Urban,215440,10056,3692,263566,HIGH
Dog,Extra Large,7,Urban,498210,10978,8555,595404,HIGH
Dog,Small,3,Urban,216129,8940,3867,263276,HIGH
Dog,Large,8,Urban,405431,9792,7179,485762,HIGH
Dog,Medium,9,Urban,300853,11907,5425,365912,HIGH
Cat,Large,3,Urban,410223,9755,6546,490502,HIGH
Dog,Extra Large,2,Urban,498075,9186,8620,593263,HIGH
Dog,Small,6,Semi-Urban,212895,9350,2718,258707,HIGH
Dog,Medium,6,Urban,297166,9247,5091,358229,HIGH
Dog,Medium,10,Urban,301038,12911,5714,367612,HIGH
Dog,Small,2,Urban,212256,11189,3846,261384,HIGH
Dog,Medium,9,Urban,304140,14493,4782,371927,HIGH
Cat,Medium,3,Urban,304547,9840,5706,368106,HIGH
Dog,Small,10,Urban,209948,13356,5068,262627,HIGH
Cat,Medium,8,Urban,302204,10804,5411,366181,HIGH
Dog,Large,13,Urban,410193,13779,6663,495230,HIGH
Cat,Small,10,Urban,211255,13945,3006,262436,HIGH
Dog,Large,9,Urban,406852,12534,6882,490208,HIGH
Dog,Medium,3,Semi-Urban,300081,7870,5436,360395,HIGH
Dog,Large,3,Semi-Urban,408189,8256,6174,486011,HIGH
Dog,Small,7,Urban,210470,9907,3964,257992,HIGH
Dog,Extra Large,2,Urban,499009,10119,8205,594932,HIGH
Cat,Medium,6,Urban,302064,10536,4918,365145,HIGH
Dog,Medium,1,Urban,305387,12231,5442,371519,HIGH
Dog,Large,4,Urban,406932,11056,6719,488413,HIGH
Cat,Medium,2,Urban,300845,9313,4963,362389,HIGH
Dog,Medium,10,Semi-Urban,303069,10913,4721,366508,HIGH
Cat,Extra Large,3,Semi-Urban,499139,6557,9184,592112,HIGH
Dog,Medium,3,Semi-Urban,301362,7533,5872,361982,HIGH
Cat,Small,10,Semi-Urban,214991,10294,3136,262684,HIGH
Dog,Large,12,Urban,404359,14232,5996,488275,HIGH
Cat,Extra Large,2,Urban,497119,10131,7850,592365,HIGH
Cat,Large,6,Semi-Urban,406723,7881,6299,484038,HIGH
Cat,Extra Large,6,Urban,497973,11024,7817,594336,HIGH
Dog,Small,8,Urban,214049,10368,3754,262396,HIGH
Dog,Medium,5,Urban,303936,10280,5020,367121,HIGH
Dog,Large,5,Urban,407465,9044,6583,486555,HIGH
Dog,Extra Large,13,Semi-Urban,496764,10105,8219,592351,HIGH
Cat,Large,9,Urban,408008,13159,6874,492247,HIGH
Dog,Extra Large,8,Semi-Urban,501291,7443,8206,594481,HIGH
Dog,Extra Large,10,Semi-Urban,498264,10510,8418,594770,HIGH
Cat,Medium,6,Urban,305368,10370,5416,369327,HIGH
Dog,Extra Large,9,Semi-Urban,495517,11016,8173,591911,HIGH
Dog,Medium,8,Urban,302716,10410,5475,366391,HIGH
Dog,Small,4,Urban,212933,8760,4105,259667,HIGH
Cat,Small,8,Urban,212241,9947,4008,260125,HIGH
Dog,Small,6,Semi-Urban,211873,7661,2894,255792,HIGH
Dog,Small,11,Urban,212429,14024,3117,264005,HIGH
Dog,Medium,4,Urban,302913,10408,4710,365735,HIGH
Dog,Large,6,Urban,409463,10566,8165,492423,HIGH
Cat,Large,4,Urban,409140,9866,6443,489266,HIGH
Dog,Small,8,Urban,214300,9929,2867,261160,HIGH
Dog,Large,3,Urban,408827,9628,6929,489191,HIGH
Dog,Medium,2,Semi-Urban,300436,7117,5611,360138,HIGH
Dog,Large,3,Semi-Urban,410323,9467,7172,491006,HIGH
Dog,Medium,6,Semi-Urban,300457,8614,5328,361558,HIGH
Cat,Large,4,Urban,405114,10714,6381,485540,HIGH
Dog,Medium,7,Urban,301176,9060,5394,362974,HIGH
Dog,Medium,13,Urban,301215,12857,6247,368366,HIGH
Dog,Small,12,Semi-Urban,210976,11108,4389,260443,HIGH
Cat,Large,2,Urban,405461,11528,5593,485969,HIGH
Cat,Large,6,Urban,407519,9415,6497,486945,HIGH
Dog,Large,10,Urban,407557,12457,6918,490971,HIGH
Cat,Medium,10,Urban,301786,13147,4635,367503,HIGH
Dog,Medium,7,Urban,300572,10956,5066,364083,HIGH
Cat,Medium,12,Semi-Urban,302262,9140,5498,364435,HIGH
Cat,Small,7,Urban,212117,10778,3403,260242,HIGH
Dog,Medium,1,Semi-Urban,301827,10528,5086,365057,HIGH
Dog,Large,8,Urban,409684,9790,6578,489959,HIGH
Dog,Small,2,Urban,213940,9728,3335,261053,HIGH
Dog,Small,7,Urban,211762,9292,3491,258226,HIGH
Dog,Extra Large,2,Semi-Urban,496705,6684,7751,587811,HIGH
Dog,Small,5,Semi-Urban,210908,7678,4015,255991,HIGH
Dog,Large,6,Semi-Urban,412185,8552,7477,492446,HIGH
Dog,Large,4,Semi-Urban,405055,8505,6228,482756,HIGH
Dog,Small,3,Urban,211783,8210,2654,256044,HIGH
Cat,Extra Large,12,Urban,496657,13043,9069,596584,HIGH
Dog,Extra Large,13,Urban,499790,11133,9185,598124,HIGH
Cat,Medium,13,Semi-Urban,302845,10479,4972,366040,HIGH
Dog,Large,10,Semi-Urban,406253,10809,6850,487498,HIGH
Cat,Large,9,Urban,409812,12102,6725,492934,HIGH
Dog,Extra Large,9,Semi-Urban,495818,10592,8284,591898,HIGH
Dog,Large,8,Semi-Urban,409256,9271,7459,489883,HIGH
Cat,Medium,7,Urban,302661,9428,4192,363723,HIGH
Cat,Medium,13,Urban,297288,12618,4178,361196,HIGH
Cat,Medium,3,Semi-Urban,299026,7405,5508,358729,HIGH
Dog,Large,6,Semi-Urban,407228,8294,6276,485067,HIGH
Dog,Large,2,Urban,408243,10826,6987,489964,HIGH
Dog,Large,13,Semi-Urban,408027,9980,6509,488193,HIGH
Dog,Small,8,Urban,215041,9450,3703,262423,HIGH
Dog,Medium,3,Urban,303990,10816,5057,367842,HIGH
Dog,Small,13,Urban,212986,14271,3197,265022,HIGH
Dog,Large,7,Urban,409052,10687,6947,490688,HIGH
Dog,Small,3,Semi-Urban,213544,8787,3228,259392,HIGH
Dog,Small,1,Urban,212097,13309,3944,263752,HIGH
Cat,Large,13,Urban,406499,13090,7047,490631,HIGH
Dog,Medium,8,Semi-Urban,299966,8089,5478,360562,HIGH
Dog,Medium,9,Urban,304089,12942,5315,370697,HIGH
Dog,Small,13,Urban,211852,11025,2822,259553,HIGH
Dog,Large,1,Urban,409196,12391,6623,492441,HIGH
Cat,Medium,1,Urban,302143,11968,4685,366615,HIGH
Cat,Medium,7,Urban,300544,9724,5415,363035,HIGH
Dog,Medium,4,Semi-Urban,300580,7454,4933,359912,HIGH
Dog,Large,12,Urban,410977,13820,6551,496050,HIGH
Dog,Medium,5,Urban,298740,9155,5033,359867,HIGH
Dog,Small,3,Urban,213104,10593,3202,260933,HIGH
Dog,Medium,10,Urban,303081,11312,5177,367505,HIGH
Cat,Large,13,Urban,408978,13790,7038,494276,HIGH
Dog,Medium,10,Urban,303021,12629,5100,368862,HIGH
Dog,Small,4,Urban,214280,9558,3483,261419,HIGH
Dog,Medium,3,Semi-Urban,302079,9081,5459,364111,HIGH
Dog,Small,10,Urban,212747,12757,3668,263547,HIGH
Dog,Medium,6,Urban,301832,10479,4926,364822,HIGH
Dog,Small,3,Urban,213262,10732,2783,260793,HIGH
Dog,Large,3,Semi-Urban,410435,8212,7098,489606,HIGH
Dog,Medium,4,Urban,303203,9394,5160,365420,HIGH
Cat,Small,7,Urban,215244,10370,2881,262769,HIGH
Dog,Large,5,Urban,408865,10236,7200,490246,HIGH
Dog,Medium,9,Semi-Urban,304258,9866,5440,367498,HIGH
Dog,Extra Large,7,Semi-Urban,500140,7870,7861,593251,HIGH
Dog,Large,12,Semi-Urban,408858,10913,7513,491376,HIGH
Cat,Small,7,Urban,206499,9679,3592,252735,HIGH
Dog,Large,13,Semi-Urban,406398,9965,6906,486759,HIGH
Dog,Large,8,Urban,408718,9466,6924,488874,HIGH
Dog,Large,12,Urban,408417,12171,6137,490733,HIGH
Dog,Medium,10,Urban,303699,12379,5580,369906,HIGH
Cat,Medium,2,Urban,302259,10295,4955,365135,HIGH
Dog,Small,9,Urban,215203,12899,4123,267058,HIGH
Dog,Medium,6,Semi-Urban,299624,8790,4863,360268,HIGH
Cat,Extra Large,8,Urban,496766,8890,8140,590865,HIGH
Dog,Medium,9,Urban,302825,12130,5557,368588,HIGH
Dog,Small,10,Urban,213449,12853,3151,263870,HIGH
Dog,Large,2,Semi-Urban,404405,7768,7308,482403,HIGH
Cat,Large,10,Urban,406499,14142,7648,492532,HIGH
Dog,Small,11,Semi-Urban,210407,10578,3671,258354,HIGH
Dog,Medium,5,Semi-Urban,300132,9841,4019,361090,HIGH
Cat,Large,5,Urban,410788,9923,7596,492553,HIGH
Dog,Small,10,Semi-Urban,213542,10293,3011,260872,HIGH
Dog,Medium,8,Urban,302528,11659,5599,367753,HIGH
Cat,Large,10,Urban,409699,13156,6635,493913,HIGH
Cat,Medium,1,Semi-Urban,300733,10880,5210,364346,HIGH
Dog,Large,2,Semi-Urban,409437,7636,5549,486015,HIGH
Cat,Medium,6,Urban,298201,9213,5795,360190,HIGH
Cat,Large,9,Urban,407052,13612,7331,492194,HIGH
Dog,Medium,11,Semi-Urban,298663,9381,4417,359330,HIGH
Cat,Large,5,Urban,408459,9805,7161,489238,HIGH
Dog,Extra Large,8,Semi-Urban,497299,8312,8257,590948,HIGH
Cat,Large,10,Urban,411254,13089,7220,496297,HIGH
Dog,Small,6,Urban,215190,9498,4174,263191,HIGH
Dog,Medium,11,Urban,300578,14247,4745,367505,HIGH
Dog,Large,12,Semi-Urban,406138,10897,7307,487993,HIGH
Dog,Extra Large,5,Urban,496215,12068,7615,593282,HIGH
Dog,Large,6,Urban,404238,9602,6521,483415,HIGH
Dog,Large,8,Semi-Urban,406781,8460,7277,485895,HIGH
Cat,Large,12,Semi-Urban,409644,12105,6880,492923,HIGH
Cat,Medium,13,Urban,299455,12372,5049,364407,HIGH
Dog,Large,10,Semi-Urban,405620,8320,6822,483876,HIGH
Cat,Large,6,Urban,412201,9352,7289,493168,HIGH
Dog,Medium,13,Urban,300702,11888,5742,366081,HIGH
Cat,Medium,7,Semi-Urban,305378,8462,5002,366668,HIGH
Cat,Medium,3,Urban,303980,9642,4128,365412,HIGH
Dog,Medium,13,Urban,305247,13740,4965,372544,HIGH
Dog,Small,4,Semi-Urban,213369,7179,4171,258426,HIGH
Cat,Large,1,Semi-Urban,408040,10819,6308,488942,HIGH
Dog,Medium,8,Semi-Urban,302871,7776,5132,363145,HIGH
Cat,Large,7,Semi-Urban,412319,8289,6354,491006,HIGH
Dog,Large,11,Urban,407805,12542,6817,491238,HIGH
Dog,Large,8,Semi-Urban,407122,8892,6104,485435,HIGH
Cat,Large,5,Urban,406978,9896,7013,487470,HIGH
Dog,Medium,8,Semi-Urban,302159,7697,4843,361903,HIGH
Dog,Large,9,Urban,406510,11078,6735,487971,HIGH
Dog,Medium,13,Urban,305255,13703,5193,372773,HIGH
Dog,Large,5,Semi-Urban,407181,8807,6280,485608,HIGH
Dog,Medium,13,Urban,301385,11748,4061,364773,HIGH
Cat,Large,10,Semi-Urban,407230,10198,6485,487499,HIGH
Cat,Small,9,Urban,211681,13796,3929,263816,HIGH
Dog,Small,4,Urban,214262,9426,3801,261612,HIGH
Dog,Large,13,Urban,408093,13080,6827,492200,HIGH
Dog,Medium,8,Urban,300626,10782,4753,363585,HIGH
Dog,Medium,1,Urban,300553,14202,5312,368077,HIGH
Dog,Medium,9,Semi-Urban,298807,10449,5137,361551,HIGH
Dog,Large,11,Urban,410240,13277,6880,494956,HIGH
Dog,Small,12,Urban,212195,12749,3905,263176,HIGH
Dog,Small,7,Semi-Urban,215593,9113,3084,261958,HIGH
Dog,Medium,6,Semi-Urban,302961,8651,5182,364313,HIGH
Cat,Large,7,Urban,406311,11001,6986,487942,HIGH
Dog,Medium,8,Urban,303123,8968,4858,364491,HIGH
Cat,Medium,7,Urban,304844,10799,5233,369007,HIGH
Dog,Extra Large,9,Semi-Urban,492649,9764,8486,587533,HIGH
Dog,Small,5,Semi-Urban,212609,8683,4039,259130,HIGH
Dog,Medium,9,Urban,302067,12333,5116,367443,HIGH
Dog,Small,2,Semi-Urban,214353,6771,2592,257273,HIGH
Dog,Small,7,Urban,215538,9417,3508,262732,HIGH
Dog,Medium,2,Urban,301762,9395,4292,362766,HIGH
Dog,Large,11,Urban,409123,14370,6288,494248,HIGH
Dog,Medium,7,Semi-Urban,298350,7881,4899,357799,HIGH
Dog,Small,10,Semi-Urban,216929,10715,2828,265042,HIGH
Dog,Medium,2,Semi-Urban,300180,6983,5430,359481,HIGH
Dog,Large,12,Urban,409964,12827,7723,495091,HIGH
Dog,Small,4,Urban,211548,10360,3137,258801,HIGH
Cat,Medium,8,Urban,303349,10278,5067,366498,HIGH
Dog,Large,3,Urban,407217,10233,6838,487931,HIGH
Dog,Extra Large,1,Urban,497393,13252,8426,596931,HIGH
Dog,Small,11,Urban,214410,12685,4296,266099,HIGH
Dog,Large,4,Semi-Urban,405543,8149,6598,483333,HIGH
Dog,Medium,10,Semi-Urban,304347,11021,4905,368313,HIGH
Dog,Large,2,Semi-Urban,412375,8090,6552,491069,HIGH
Cat,Medium,13,Urban,302538,14194,5857,370977,HIGH
Dog,Small,11,Semi-Urban,216206,10289,3428,264411,HIGH
Dog,Medium,11,Urban,298697,12473,4980,363572,HIGH
Dog,Large,3,Urban,406792,8693,7565,486507,HIGH
Dog,Large,9,Semi-Urban,406559,11301,7299,488932,HIGH
Cat,Medium,2,Urban,300983,11285,5937,365935,HIGH
Dog,Large,12,Urban,408345,12836,7105,492528,HIGH
Dog,Medium,4,Urban,299421,10830,5436,363040,HIGH
Dog,Large,12,Semi-Urban,410846,9163,7053,491121,HIGH
Dog,Small,5,Semi-Urban,209856,8384,3675,255202,HIGH
Dog,Small,7,Semi-Urban,211972,8570,4201,258454,HIGH
Cat,Medium,11,Urban,300764,12177,5189,365849,HIGH
Dog,Large,5,Urban,406347,10048,6590,486432,HIGH
Cat,Small,2,Urban,215192,10622,4625,265004,HIGH
Cat,Large,3,Urban,408162,8759,5638,485942,HIGH
Cat,Extra Large,8,Urban,497869,10349,8617,594360,HIGH
Dog,Medium,8,Semi-Urban,301031,6833,5712,360612,HIGH
Dog,Medium,2,Semi-Urban,302285,6830,5612,361936,HIGH
Dog,Medium,11,Urban,299663,13029,6145,366662,HIGH
Dog,Medium,13,Semi-Urban,304047,11320,5719,369248,HIGH
Cat,Medium,5,Urban,300138,11276,5160,364060,HIGH
Cat,Small,6,Urban,214633,8616,3600,260876,HIGH
Dog,Extra Large,5,Urban,494626,9355,7454,588150,HIGH
Dog,Large,10,Urban,406652,13726,6609,491035,HIGH
Dog,Large,12,Urban,407165,13140,6543,490875,HIGH
Dog,Small,12,Urban,213976,13387,3721,265746,HIGH
Cat,Large,1,Urban,407607,13280,7210,492311,HIGH
Dog,Large,3,Urban,404944,8981,6529,483522,HIGH
Cat,Medium,8,Urban,296322,11465,5248,359990,HIGH
Dog,Small,10,Urban,211663,12806,3133,261742,HIGH
Dog,Medium,7,Semi-Urban,302071,7897,5011,362225,HIGH
Dog,Medium,6,Urban,301650,8505,4776,362170,HIGH
Dog,Small,12,Semi-Urban,215427,10351,3776,263987,HIGH
Cat,Extra Large,8,Urban,499739,10054,8397,595918,HIGH
Dog,Medium,8,Urban,305388,8574,4268,365964,HIGH
Dog,Medium,10,Urban,299541,13527,5419,366260,HIGH
Dog,Large,5,Urban,404720,10625,6615,485254,HIGH
Cat,Extra Large,1,Urban,495204,13174,8218,594085,HIGH
Dog,Small,12,Urban,214441,13960,3600,266801,HIGH
Dog,Medium,6,Semi-Urban,304642,7898,3973,363989,HIGH
Dog,Small,12,Urban,212517,13140,3801,263876,HIGH
Dog,Small,1,Semi-Urban,212324,12052,3321,261851,HIGH
Cat,Medium,1,Urban,301558,12988,6016,368646,HIGH
Dog,Medium,5,Urban,299024,9509,4967,360525,HIGH
Dog,Large,1,Semi-Urban,408155,10536,5970,488360,HIGH
Dog,Medium,8,Semi-Urban,302442,9084,4721,363684,HIGH
Cat,Medium,12,Urban,305462,12505,5544,372037,HIGH
Cat,Medium,1,Urban,301568,12896,4997,367380,HIGH
Dog,Large,5,Urban,409831,10374,6855,491119,HIGH
Cat,Small,12,Urban,215049,13414,3214,266428,HIGH
Dog,Medium,13,Urban,303964,12617,5185,370030,HIGH
Dog,Medium,9,Urban,301693,13175,5134,368002,HIGH
Dog,Medium,2,Urban,304619,10875,4569,368072,HIGH
Cat,Large,8,Urban,405614,9107,6219,484081,HIGH
Dog,Large,1,Urban,406227,13603,6490,490268,HIGH
Dog,Extra Large,3,Urban,496244,10441,8611,592590,HIGH
Dog,Medium,2,Urban,301747,9819,5455,364574,HIGH
Cat,Large,10,Urban,410959,12611,6952,495100,HIGH
Dog,Extra Large,1,Semi-Urban,493131,9714,9031,588657,HIGH
Cat,Large,6,Urban,410219,9495,6844,490541,HIGH
Dog,Small,11,Urban,215523,12001,4050,266310,HIGH
Dog,Medium,10,Semi-Urban,304657,11320,5344,369519,HIGH
Dog,Medium,13,Urban,299882,11962,4860,364209,HIGH
Cat,Extra Large,6,Urban,500550,11570,7947,598077,HIGH
Cat,Large,11,Urban,410579,13349,7256,495861,HIGH
Cat,Large,1,Semi-Urban,407569,10453,8081,490018,HIGH
Cat,Medium,13,Semi-Urban,305227,9676,5303,368236,HIGH
Dog,Medium,9,Urban,300364,13609,4625,366387,HIGH
Dog,Extra Large,1,Urban,497387,13810,9150,598399,HIGH
Dog,Large,6,Urban,408320,8023,7510,487430,HIGH
Dog,Medium,4,Semi-Urban,299408,8548,4855,359732,HIGH
Dog,Medium,13,Semi-Urban,301232,11127,4650,364560,HIGH
Cat,Small,9,Urban,210169,13034,4332,261665,HIGH
Dog,Small,10,Semi-Urban,211173,10401,3266,258566,HIGH
Cat,Medium,2,Urban,301168,10629,5021,364340,HIGH
Cat,Small,5,Urban,211905,10212,3503,259463,HIGH
Dog,Medium,12,Semi-Urban,300620,10009,4920,362881,HIGH
Dog,Large,3,Urban,406824,10028,7113,487559,HIGH
Dog,Small,10,Semi-Urban,212092,9842,3120,258812,HIGH
Cat,Large,13,Urban,408031,12866,7077,492170,HIGH
Dog,Large,2,Urban,408503,9948,7375,489699,HIGH
Cat,Large,7,Urban,411372,10332,7085,493107,HIGH
Dog,Extra Large,13,Urban,501467,13155,9190,602383,HIGH
Cat,Small,12,Urban,209633,12595,4444,260672,HIGH
Cat,Small,13,Urban,208236,14129,3541,259791,HIGH
Cat,Small,13,Urban,211655,12058,3509,261305,HIGH
Dog,Small,9,Urban,214264,13651,4852,267682,HIGH
Dog,Medium,7,Urban,299195,9773,4790,360821,HIGH
Dog,Medium,11,Urban,295069,12791,3934,358563,HIGH
Cat,Medium,12,Urban,300837,12331,5002,365895,HIGH
Cat,Large,7,Urban,410597,9579,7116,491385,HIGH
Cat,Medium,13,Semi-Urban,298987,11168,5397,362884,HIGH
Dog,Large,13,Urban,406164,12630,7564,490311,HIGH
Dog,Large,7,Urban,405944,9068,7598,486001,HIGH
Dog,Large,1,Urban,408110,11566,6573,490186,HIGH
Cat,Large,11,Urban,412928,12748,6819,497369,HIGH
Dog,Small,11,Urban,211565,13377,3395,262587,HIGH
Cat,Large,3,Urban,406438,10473,8677,489426,HIGH
Dog,Large,8,Semi-Urban,410189,8914,6953,489964,HIGH
Dog,Small,11,Urban,212892,13563,3067,263950,HIGH
Cat,Large,12,Urban,403530,13310,6644,487006,HIGH
Dog,Medium,10,Urban,303411,13726,4654,370059,HIGH
Cat,Medium,8,Semi-Urban,302332,8377,4811,362848,HIGH
Dog,Medium,1,Semi-Urban,301118,9989,6048,364728,HIGH
Dog,Medium,12,Urban,299842,13798,5207,366674,HIGH
Cat,Small,2,Semi-Urban,212344,8363,3721,258092,HIGH
Dog,Large,8,Urban,408565,11601,6253,490381,HIGH
Dog,Medium,5,Urban,300345,10311,5348,363404,HIGH
Dog,Small,3,Urban,215706,9517,3892,263482,HIGH
Dog,Medium,4,Urban,299592,8698,4996,360278,HIGH
Dog,Small,3,Semi-Urban,214898,8017,3956,260901,HIGH
Dog,Small,13,Urban,211388,13878,4716,264479,HIGH
Dog,Medium,13,Urban,303143,12011,4671,367798,HIGH
Dog,Large,13,Semi-Urban,411857,11208,5825,493223,HIGH
Dog,Extra Large,12,Urban,500655,13730,8096,600853,HIGH
Cat,Large,1,Urban,407100,12954,7469,491651,HIGH
Dog,Medium,9,Urban,304709,12611,5729,371506,HIGH
Dog,Extra Large,1,Semi-Urban,497499,11282,9123,595589,HIGH
Dog,Medium,6,Urban,302418,10941,5565,366762,HIGH
Dog,Large,3,Semi-Urban,410833,6214,7022,487679,HIGH
Cat,Large,1,Urban,407693,14861,7051,494045,HIGH
Dog,Large,11,Urban,408927,12716,7908,493983,HIGH
Dog,Medium,10,Urban,304430,12181,4785,369605,HIGH
Cat,Large,2,Urban,407387,11043,7175,489445,HIGH
Dog,Large,4,Semi-Urban,409748,9253,7159,490084,HIGH
Dog,Large,1,Semi-Urban,407558,10223,6229,487611,HIGH
Dog,Large,11,Urban,406271,13025,6570,489745,HIGH
Cat,Large,4,Urban,410259,10895,6564,491875,HIGH
Dog,Large,8,Urban,411859,8735,6431,491078,HIGH
Cat,Medium,7,Semi-Urban,301043,7898,5195,361256,HIGH
Cat,Small,9,Urban,213774,13423,3955,265824,HIGH
Dog,Small,1,Urban,212752,13167,3295,263596,HIGH
Cat,Medium,12,Semi-Urban,305387,9693,5363,368509,HIGH
Dog,Large,5,Urban,408171,10586,6800,489390,HIGH
Dog,Small,10,Semi-Urban,212749,10332,3987,261128,HIGH
Cat,Medium,3,Urban,297870,9612,4719,359031,HIGH
Dog,Large,13,Urban,405390,12350,7163,488638,HIGH
Dog,Extra Large,9,Urban,497230,13108,7317,595303,HIGH
Dog,Small,11,Semi-Urban,211982,11924,3782,261841,HIGH
Dog,Medium,11,Urban,303196,11320,5254,367735,HIGH
Dog,Small,10,Semi-Urban,207904,9192,2737,252807,HIGH
Dog,Medium,8,Semi-Urban,302396,8349,5124,363249,HIGH
Dog,Extra Large,13,Urban,495600,12434,8200,593669,HIGH
Cat,Small,11,Semi-Urban,212721,10274,2963,259851,HIGH
Dog,Extra Large,12,Urban,501276,11426,9068,600035,HIGH
Dog,Medium,4,Semi-Urban,301214,8168,5852,362519,HIGH
Dog,Medium,4,Urban,304579,9717,5193,367412,HIGH
Dog,Small,4,Semi-Urban,211211,8148,3876,256720,HIGH
Dog,Medium,6,Urban,302151,9639,3909,363053,HIGH
Dog,Medium,8,Urban,302310,9474,4787,364056,HIGH
Cat,Large,5,Urban,407217,9491,6688,486905,HIGH
Dog,Medium,9,Urban,301414,12481,5296,367069,HIGH
Dog,Large,10,Urban,405682,15376,7127,492412,HIGH
Dog,Medium,1,Semi-Urban,305473,10308,4952,368842,HIGH
Dog,Extra Large,11,Urban,495905,14710,7686,596046,HIGH
Dog,Medium,6,Urban,302144,9562,4270,363372,HIGH
Dog,Small,5,Urban,211989,11873,3662,261652,HIGH
Cat,Small,4,Semi-Urban,213477,7551,3704,258441,HIGH
Dog,Small,11,Semi-Urban,212965,9855,3306,260044,HIGH
Cat,Small,9,Semi-Urban,214066,10089,2817,261017,HIGH
Dog,Small,5,Urban,210827,10847,3424,258862,HIGH
Dog,Small,4,Urban,215914,8771,4013,263002,HIGH
Cat,Large,3,Semi-Urban,408216,8079,6666,486405,HIGH
Dog,Medium,9,Urban,304323,12722,5560,370995,HIGH
Cat,Large,10,Urban,411045,12869,5878,494260,HIGH
Dog,Medium,12,Semi-Urban,303254,10141,5222,366409,HIGH
Dog,Large,4,Urban,407168,9183,6935,486778,HIGH
Dog,Medium,8,Semi-Urban,300544,9183,5389,362383,HIGH
Dog,Medium,12,Semi-Urban,301012,10712,5606,364929,HIGH
Dog,Medium,11,Semi-Urban,302875,10329,5356,366344,HIGH
Dog,Small,13,Urban,211528,13204,3094,261999,HIGH
Dog,Large,8,Semi-Urban,409340,8874,7082,489090,HIGH
Dog,Medium,10,Urban,304324,13158,5372,371282,HIGH
Dog,Large,13,Urban,407367,11706,7468,490522,HIGH
Dog,Medium,7,Urban,299440,9320,5138,360982,HIGH
Dog,Medium,5,Urban,302435,10560,4899,365578,HIGH
Dog,Medium,7,Urban,299073,10231,5444,361960,HIGH
Dog,Medium,6,Semi-Urban,298166,7687,4862,357322,HIGH
Cat,Medium,4,Urban,300423,9367,4517,361453,HIGH
Dog,Large,1,Urban,408098,13374,6920,492650,HIGH
Dog,Large,9,Urban,407007,13087,6807,490936,HIGH
Cat,Extra Large,13,Semi-Urban,500678,9610,8044,596081,HIGH
Dog,Small,11,Urban,215440,12718,3288,266162,HIGH
Dog,Medium,6,Urban,302437,10575,4844,365534,HIGH
Dog,Large,9,Urban,410270,13007,6339,494058,HIGH
Dog,Large,2,Semi-Urban,409464,6911,6554,486368,HIGH
Dog,Medium,2,Urban,297840,8462,4697,357648,HIGH
Dog,Medium,5,Semi-Urban,298813,7956,5173,358733,HIGH
Cat,Medium,10,Urban,301895,14099,5862,370134,HIGH
Dog,Small,11,Urban,214994,13651,3675,267168,HIGH
Dog,Large,2,Urban,405189,10866,6605,486059,HIGH
Dog,Large,12,Urban,408813,13085,6695,492881,HIGH
Dog,Small,6,Semi-Urban,213948,8014,3814,259642,HIGH
Dog,Large,4,Urban,409004,10646,7762,491523,HIGH
Dog,Medium,10,Urban,303266,13934,4249,369666,HIGH
Cat,Small,12,Urban,208452,11997,3140,257127,HIGH
Dog,Large,6,Urban,407835,8341,6918,486558,HIGH
Dog,Large,6,Semi-Urban,405813,8393,6932,484308,HIGH
Cat,Medium,3,Urban,299350,10152,5187,361892,HIGH
Dog,Large,4,Semi-Urban,408543,7300,6592,485800,HIGH
Dog,Medium,7,Semi-Urban,303693,8310,4412,363877,HIGH
Dog,Medium,10,Semi-Urban,302162,10343,4613,364685,HIGH
Dog,Medium,4,Urban,305074,10188,4636,367882,HIGH
Cat,Medium,2,Urban,299999,9538,5286,362046,HIGH
Dog,Medium,12,Urban,301342,14062,4316,367678,HIGH
Dog,Medium,3,Urban,302181,9407,5088,364177,HIGH
Cat,Medium,8,Urban,302211,11369,5797,367283,HIGH
Dog,Large,11,Urban,407232,12928,7046,491286,HIGH
Dog,Large,7,Urban,410449,9655,7572,491827,HIGH
Dog,Large,5,Semi-Urban,411392,6937,6022,488003,HIGH
Dog,Small,13,Urban,212063,12422,4350,263160,HIGH
Dog,Large,13,Semi-Urban,409753,11483,6303,491669,HIGH
Cat,Large,10,Urban,409382,12576,7111,493429,HIGH
Cat,Medium,2,Urban,302659,9405,4043,363523,HIGH
Dog,Large,8,Urban,407133,9599,7107,487414,HIGH
Dog,Large,5,Urban,408283,10313,7104,489555,HIGH
Dog,Large,12,Semi-Urban,407482,10468,7064,488766,HIGH
Cat,Extra Large,6,Semi-Urban,499557,7279,8083,592156,HIGH
Dog,Medium,9,Urban,298653,13218,4055,363314,HIGH
Cat,Medium,2,Urban,303823,10859,5757,368504,HIGH
Dog,Medium,9,Urban,302579,13093,5292,369108,HIGH
Dog,Large,10,Urban,408557,13249,6026,492006,HIGH
Dog,Extra Large,1,Urban,497060,12729,8172,595655,HIGH
Dog,Medium,10,Semi-Urban,303049,10635,5451,367005,HIGH
Cat,Medium,10,Urban,301580,13806,5444,368954,HIGH
Dog,Small,5,Urban,210868,10253,3178,257943,HIGH
Dog,Small,3,Semi-Urban,211791,8101,3508,256910,HIGH
Dog,Large,11,Urban,405955,13044,6834,489707,HIGH
Dog,Medium,12,Semi-Urban,301995,9897,5883,365441,HIGH
Dog,Large,5,Urban,408347,10286,6874,489333,HIGH
Dog,Large,4,Urban,407093,10343,6588,487627,HIGH
Cat,Large,3,Semi-Urban,408869,8388,7145,488062,HIGH
Cat,Medium,13,Urban,300819,13347,5756,367910,HIGH
Dog,Medium,3,Urban,302596,10653,5426,366476,HIGH
Cat,Medium,12,Urban,300997,12648,4797,366208,HIGH
Dog,Medium,9,Urban,301051,12832,6714,368686,HIGH
Cat,Small,7,Urban,209492,10309,3635,256951,HIGH
Dog,Extra Large,1,Urban,494164,13441,7311,592153,HIGH
Dog,Large,2,Urban,408722,10163,6395,489072,HIGH
Dog,Medium,2,Urban,301269,10491,4901,364160,HIGH
Dog,Small,4,Urban,213330,9527,4488,261446,HIGH
Dog,Medium,12,Urban,301198,12288,5192,366479,HIGH
Dog,Medium,11,Semi-Urban,302143,9640,4620,363863,HIGH
Cat,Medium,9,Semi-Urban,304291,9902,4873,366925,HIGH
Dog,Extra Large,8,Semi-Urban,495860,7055,7745,587259,HIGH
Dog,Medium,7,Urban,303934,9848,4475,365995,HIGH
Cat,Medium,10,Urban,299712,13141,4411,364853,HIGH
Cat,Medium,5,Semi-Urban,301890,7837,5183,362146,HIGH
Cat,Large,1,Urban,408689,14050,6544,493675,HIGH
Dog,Extra Large,1,Urban,496517,13265,8502,596026,HIGH
Dog,Medium,10,Urban,299673,12529,4678,364412,HIGH
Dog,Large,13,Urban,409070,15024,6432,495104,HIGH
Dog,Large,10,Urban,411611,12182,6195,494486,HIGH
Dog,Large,13,Urban,407181,12157,6943,490223,HIGH
Dog,Large,3,Urban,408931,10538,6105,489410,HIGH
Dog,Large,1,Urban,406110,13333,6740,490110,HIGH
Dog,Medium,13,Urban,304310,13724,4268,370647,HIGH
Dog,Medium,11,Urban,302310,12525,4552,367295,HIGH
Dog,Large,3,Urban,410777,10284,7655,493023,HIGH
Dog,Medium,5,Semi-Urban,302212,8169,5558,363329,HIGH
Cat,Medium,6,Urban,300061,12080,4601,364253,HIGH
Dog,Medium,1,Urban,303862,13230,5125,370549,HIGH
Cat,Medium,9,Urban,301391,11941,4976,366054,HIGH
Dog,Small,6,Urban,214998,10682,3309,263337,HIGH
Dog,Medium,13,Semi-Urban,302864,9383,5936,365910,HIGH
Cat,Small,3,Urban,215131,11294,3806,264765,HIGH
Dog,Extra Large,7,Semi-Urban,496575,8146,8637,590361,HIGH
Cat,Small,7,Urban,216725,9329,3973,264531,HIGH
Dog,Large,7,Urban,408208,10506,7304,489920,HIGH
Dog,Extra Large,12,Urban,499176,13114,8365,598753,HIGH
Dog,Medium,5,Semi-Urban,305113,8033,4958,365819,HIGH
Dog,Extra Large,3,Urban,499227,10015,8452,595348,HIGH
Cat,Medium,6,Semi-Urban,301525,8357,4221,361218,HIGH
Cat,Medium,3,Urban,298876,9690,4276,359768,HIGH
Cat,Medium,5,Urban,300311,10801,5226,363788,HIGH
Dog,Large,9,Urban,406519,13881,6961,491465,HIGH
Dog,Small,9,Semi-Urban,214310,10284,2725,261416,HIGH
Dog,Small,8,Urban,210891,9772,3566,257863,HIGH
Dog,Medium,11,Urban,299026,13362,5767,365878,HIGH
Cat,Medium,3,Urban,297865,9364,4733,358756,HIGH
Cat,Extra Large,6,Urban,490366,11300,7530,585575,HIGH
Dog,Small,9,Urban,215553,14679,3468,268755,HIGH
Dog,Large,2,Semi-Urban,408493,8672,8143,489104,HIGH
Dog,Small,8,Urban,212589,8191,3867,258344,HIGH
Dog,Large,8,Urban,412247,9823,6533,492893,HIGH
Dog,Small,9,Semi-Urban,212943,10705,3143,260809,HIGH
Cat,Extra Large,6,Urban,497149,10089,8451,593042,HIGH
Dog,Medium,8,Urban,301667,9819,5365,364378,HIGH
Cat,Medium,1,Urban,301596,12961,4264,366644,HIGH
Cat,Large,8,Urban,410038,9773,6849,490659,HIGH
Dog,Small,2,Semi-Urban,214337,8269,3592,260127,HIGH
Cat,Medium,8,Urban,302536,9388,5604,365157,HIGH
Dog,Small,11,Urban,212592,12878,2729,262428,HIGH
Dog,Small,6,Urban,212831,9543,3192,259400,HIGH
Cat,Extra Large,4,Urban,498131,9355,8019,592830,HIGH
Cat,Large,3,Semi-Urban,408249,9368,6727,487995,HIGH
Cat,Large,9,Semi-Urban,409532,10668,7821,492224,HIGH
Dog,Large,7,Urban,406587,9583,6818,486436,HIGH
Dog,Medium,12,Semi-Urban,299115,11308,4406,362053,HIGH
Dog,Medium,3,Semi-Urban,302800,8387,5243,363894,HIGH
Dog,Small,7,Semi-Urban,212648,8883,3291,258545,HIGH
Dog,Small,9,Urban,210857,13994,3394,262481,HIGH
Dog,Large,1,Semi-Urban,409819,10454,6813,491148,HIGH
Dog,Small,8,Urban,211919,9042,3524,258157,HIGH
Dog,Large,8,Urban,410610,9746,6585,490982,HIGH
Dog,Medium,4,Urban,305156,10102,4299,367490,HIGH
Cat,Small,5,Semi-Urban,212638,8327,3319,257926,HIGH
Dog,Large,10,Urban,409667,14186,6801,495252,HIGH
Dog,Large,3,Urban,410486,9177,6411,489985,HIGH
Dog,Medium,1,Semi-Urban,301917,11482,5017,366178,HIGH
Dog,Large,13,Urban,408238,11600,6832,490670,HIGH
Dog,Large,10,Urban,407168,14139,7255,492846,HIGH
Dog,Medium,3,Semi-Urban,299084,7778,5589,359318,HIGH
Dog,Large,4,Urban,409427,9477,6992,489780,HIGH
Dog,Medium,4,Semi-Urban,302308,7521,5962,363159,HIGH
Dog,Medium,13,Urban,304257,13793,5133,371660,HIGH
Dog,Medium,8,Semi-Urban,300339,9399,4921,361857,HIGH
Dog,Large,5,Urban,409874,9841,5822,489367,HIGH
Dog,Large,12,Semi-Urban,406909,9519,6861,486782,HIGH
Cat,Large,5,Urban,408447,9498,6250,487824,HIGH
Dog,Small,5,Urban,213982,10200,2911,261156,HIGH
Dog,Medium,7,Semi-Urban,303451,8585,5122,364731,HIGH
Dog,Large,7,Urban,408791,10220,7355,490320,HIGH
Cat,Medium,5,Urban,306168,12776,5839,373500,HIGH
Dog,Medium,10,Semi-Urban,300673,10738,5153,364048,HIGH
Dog,Small,13,Urban,213789,12598,4223,265201,HIGH
Dog,Large,13,Semi-Urban,406616,10889,6953,488126,HIGH
Cat,Large,9,Urban,409113,12321,6975,492670,HIGH
Dog,Extra Large,10,Urban,494554,11642,8308,591679,HIGH
Cat,Large,1,Semi-Urban,407121,10641,7191,488695,HIGH
Dog,Large,5,Urban,408869,8665,7636,488945,HIGH
Dog,Medium,11,Urban,296496,12211,4190,359831,HIGH
Dog,Large,10,Urban,408688,13940,7683,494857,HIGH
Dog,Small,3,Urban,212495,11558,4340,262651,HIGH
Dog,Medium,13,Urban,300275,13397,5306,366824,HIGH
Dog,Medium,2,Urban,304149,9832,5492,367393,HIGH
Dog,Medium,8,Urban,299390,9960,4256,360646,HIGH
Dog,Medium,8,Semi-Urban,303512,8654,5495,365310,HIGH
Cat,Extra Large,1,Urban,497116,13111,7809,595741,HIGH
Dog,Small,4,Urban,214758,10063,3763,262871,HIGH
Cat,Medium,13,Urban,301793,13444,4473,367666,HIGH
Dog,Large,1,Urban,409954,12543,5953,492717,HIGH
Dog,Medium,12,Urban,298163,14148,4646,364500,HIGH
Dog,Extra Large,1,Urban,496719,12529,8430,595329,HIGH
Cat,Medium,7,Urban,296758,9756,5440,358747,HIGH
Dog,Extra Large,6,Urban,500656,9335,8251,595978,HIGH
Dog,Small,3,Semi-Urban,211843,7850,3598,256784,HIGH
Dog,Small,4,Urban,214229,9614,3962,261975,HIGH
Dog,Large,13,Semi-Urban,406251,9904,5812,485262,HIGH
Dog,Large,13,Urban,408815,14566,6777,494681,HIGH
Dog,Small,8,Urban,213931,9609,3461,261051,HIGH
Cat,Medium,7,Semi-Urban,304127,8313,4856,364890,HIGH
Dog,Large,12,Urban,407356,11506,7152,489916,HIGH
Dog,Medium,11,Urban,298053,13228,5205,363958,HIGH
Dog,Medium,1,Urban,300891,13787,4912,367528,HIGH
Dog,Large,2,Urban,404464,9537,6992,484141,HIGH
Dog,Medium,5,Urban,300531,9600,5248,362685,HIGH
Dog,Medium,3,Urban,303068,9552,5406,365729,HIGH
Dog,Medium,3,Urban,303218,10278,5116,366403,HIGH
Cat,Medium,1,Semi-Urban,297961,10895,5258,361231,HIGH
Dog,Large,6,Semi-Urban,409113,8220,6747,487692,HIGH
Dog,Medium,2,Urban,300960,9791,5101,363229,HIGH
Cat,Medium,3,Urban,301484,10632,5638,365417,HIGH
Dog,Medium,1,Urban,306685,14738,5980,376513,HIGH
Cat,Small,3,Urban,214954,9168,4239,262615,HIGH
Dog,Large,13,Urban,410194,13355,6935,495056,HIGH
Dog,Small,13,Semi-Urban,209424,12361,3784,259404,HIGH
Cat,Medium,6,Semi-Urban,301356,7469,4210,359990,HIGH
Dog,Medium,13,Semi-Urban,301192,10865,4437,363968,HIGH
Dog,Large,10,Urban,405875,13824,7176,490906,HIGH
Dog,Large,9,Urban,408207,12252,7029,491611,HIGH
Dog,Small,7,Urban,213488,9317,3155,259854,HIGH
Dog,Large,10,Semi-Urban,407070,8720,7801,487129,HIGH
Dog,Large,7,Semi-Urban,407678,7763,7035,485847,HIGH
Dog,Large,2,Semi-Urban,405975,7823,6997,483914,HIGH
Dog,Extra Large,12,Urban,496597,11952,8680,594813,HIGH
Dog,Large,11,Urban,410053,12216,7159,493842,HIGH
Cat,Medium,10,Urban,300520,12454,4344,364915,HIGH
Dog,Small,13,Urban,211201,12810,3294,261400,HIGH
Cat,Medium,4,Semi-Urban,301134,7866,5053,361160,HIGH
Dog,Medium,1,Semi-Urban,298066,11010,4622,360752,HIGH
Dog,Large,5,Urban,407761,11581,6559,489786,HIGH
Dog,Large,8,Urban,408928,9788,7055,489636,HIGH
Dog,Small,9,Urban,211599,12973,3240,261983,HIGH
Dog,Small,1,Semi-Urban,212417,9389,2621,258091,HIGH
Dog,Large,5,Semi-Urban,408878,7492,6111,485853,HIGH
Dog,Medium,10,Urban,303013,12741,4726,368552,HIGH
Dog,Small,8,Urban,213210,10696,3884,261958,HIGH
Dog,Extra Large,13,Semi-Urban,497619,8819,8529,592212,HIGH
Cat,Medium,13,Urban,302536,13883,4495,369051,HIGH
Cat,Small,2,Urban,214534,10351,3719,262894,HIGH
Cat,Medium,4,Urban,305714,9292,4865,367851,HIGH
Dog,Medium,2,Urban,301220,9430,5014,363013,HIGH
Cat,Small,5,Urban,210931,10518,3811,259049,HIGH
Dog,Small,8,Urban,210610,9394,3393,256906,HIGH
Cat,Extra Large,13,Urban,500119,12809,8830,600021,HIGH
Cat,Medium,5,Semi-Urban,299523,7778,4982,359125,HIGH
Dog,Medium,13,Semi-Urban,301835,9906,5279,364573,HIGH
Dog,Large,10,Semi-Urban,407176,10766,7472,489226,HIGH
Dog,Medium,11,Urban,300312,13770,4701,366600,HIGH
Cat,Small,5,Semi-Urban,211468,8827,3217,257038,HIGH
Dog,Large,12,Urban,411016,12919,6384,494866,HIGH
Dog,Small,11,Urban,211451,13493,4538,263904,HIGH
Dog,Small,8,Semi-Urban,213552,8112,3591,259043,HIGH
Cat,Medium,6,Semi-Urban,301495,7018,5502,361117,HIGH
Dog,Large,6,Urban,410399,9656,6626,490683,HIGH
Dog,Large,11,Urban,411455,12476,6857,495406,HIGH
Dog,Extra Large,12,Urban,493005,11320,7750,588886,HIGH
Dog,Medium,1,Urban,301616,13998,6357,370266,HIGH
Cat,Small,4,Urban,211811,9695,3364,258600,HIGH
Dog,Medium,12,Semi-Urban,299011,10596,5096,361908,HIGH
Dog,Large,5,Urban,406462,9844,7104,486921,HIGH
Dog,Small,5,Urban,215556,11021,3242,264291,HIGH
Dog,Small,13,Semi-Urban,210894,10910,2548,258004,HIGH
Dog,Large,2,Urban,408187,10383,6720,489083,HIGH
Dog,Large,2,Semi-Urban,411725,8020,6465,490141,HIGH
Dog,Medium,3,Urban,301997,9847,6029,365553,HIGH
Dog,Medium,10,Urban,304192,13370,5548,371576,HIGH
Dog,Small,1,Urban,213805,12149,3721,264126,HIGH
Dog,Large,12,Urban,410405,12443,7064,494398,HIGH
Dog,Small,10,Urban,214234,14305,3512,266858,HIGH
Dog,Large,9,Urban,406207,13972,7366,491676,HIGH
Cat,Large,7,Urban,406181,9556,7238,486421,HIGH
Dog,Large,1,Semi-Urban,408855,10938,6217,489911,HIGH
Dog,Medium,12,Urban,300563,12329,5572,366233,HIGH
Dog,Extra Large,3,Semi-Urban,497988,6987,8522,590521,HIGH
Dog,Medium,4,Urban,299317,10902,5293,362838,HIGH
Dog,Small,10,Urban,215205,13739,3436,267237,HIGH
Dog,Medium,9,Semi-Urban,301143,10450,5421,364566,HIGH
Cat,Small,11,Urban,214046,13850,2828,265332,HIGH
Dog,Large,10,Semi-Urban,411074,9833,7201,492324,HIGH
Dog,Large,3,Semi-Urban,407966,7562,7058,485973,HIGH
Dog,Large,2,Urban,408919,8062,6228,486690,HIGH
Cat,Small,8,Semi-Urban,212415,8199,3189,257373,HIGH
Dog,Small,7,Urban,212914,9225,3888,259931,HIGH
Dog,Extra Large,8,Urban,498480,9342,8522,593795,HIGH
Dog,Extra Large,2,Urban,499094,8731,9004,594353,HIGH
Dog,Small,5,Semi-Urban,213321,7798,3658,258493,HIGH
Dog,Medium,9,Semi-Urban,303870,10958,5136,367958,HIGH
Dog,Large,9,Urban,407562,13970,6380,492098,HIGH
Dog,Large,5,Urban,405786,9209,7118,485429,HIGH
Dog,Medium,9,Semi-Urban,302423,11220,5615,367146,HIGH
Dog,Extra Large,7,Semi-Urban,501366,9352,7581,596043,HIGH
Dog,Large,7,Semi-Urban,409281,8300,6610,487819,HIGH
Cat,Small,9,Semi-Urban,214621,9614,4217,262719,HIGH
Dog,Small,2,Urban,212497,10027,4698,261305,HIGH
Cat,Small,3,Urban,214417,9255,2798,260440,HIGH
Cat,Medium,13,Urban,304231,13001,4872,370419,HIGH
Cat,Small,4,Semi-Urban,211980,7304,3972,256744,HIGH
Dog,Large,13,Semi-Urban,408976,10107,7486,490554,HIGH
Dog,Large,2,Semi-Urban,407987,7600,6278,485144,HIGH
Dog,Medium,5,Urban,300195,11090,5242,364006,HIGH
Dog,Medium,5,Urban,301485,10683,4842,364561,HIGH
Dog,Small,4,Semi-Urban,215813,8252,4384,262716,HIGH
Dog,Medium,3,Urban,301183,9528,5042,363115,HIGH
Cat,Large,10,Urban,407076,13747,6381,491284,HIGH
Dog,Small,1,Semi-Urban,212422,10085,3918,260388,HIGH
Dog,Large,11,Urban,408474,13791,6893,493531,HIGH
Dog,Small,9,Urban,211030,12173,3401,260594,HIGH
Dog,Large,6,Urban,408864,8895,7149,488644,HIGH
Cat,Medium,12,Urban,305183,13204,4460,371274,HIGH
Dog,Medium,6,Urban,301171,11599,6062,366656,HIGH
Dog,Large,4,Urban,412409,10335,6010,493067,HIGH
Dog,Extra Large,3,Semi-Urban,494381,9563,7683,588371,HIGH
Cat,Large,3,Urban,406378,10776,6102,486744,HIGH
Cat,Large,6,Semi-Urban,407327,8934,7022,486775,HIGH
Cat,Extra Large,4,Semi-Urban,495560,8765,8825,590122,HIGH
Dog,Small,2,Urban,211739,9941,4308,259886,HIGH
Dog,Large,5,Semi-Urban,404987,8766,7085,483963,HIGH
Dog,Medium,6,Urban,299531,9645,4677,360930,HIGH
Cat,Small,9,Urban,209309,13711,4408,261542,HIGH
Cat,Small,12,Urban,213453,13335,2682,263890,HIGH
Dog,Large,1,Semi-Urban,410004,11604,7500,493474,HIGH
Dog,Medium,13,Urban,302556,13050,4840,368512,HIGH
Dog,Small,11,Urban,213338,13493,3538,264924,HIGH
Dog,Small,6,Urban,211472,9419,3634,258203,HIGH
Dog,Medium,8,Semi-Urban,302274,8785,5263,363770,HIGH
Dog,Large,10,Urban,407405,12890,6734,491083,HIGH
Dog,Medium,8,Urban,303093,11529,5116,367698,HIGH
Dog,Medium,6,Semi-Urban,302178,6702,4918,360867,HIGH
Cat,Large,2,Urban,407352,10365,7002,488426,HIGH
Dog,Small,4,Urban,213858,10739,3613,262441,HIGH
Dog,Small,11,Semi-Urban,214491,10994,4055,263971,HIGH
Dog,Large,2,Urban,409926,11134,6998,492266,HIGH
Dog,Medium,6,Urban,303981,11124,5219,368372,HIGH
Cat,Large,2,Urban,408347,9659,6972,488724,HIGH
Dog,Large,8,Urban,410057,9870,7364,491384,HIGH
Dog,Small,2,Urban,209437,9908,3224,255954,HIGH
Dog,Medium,13,Urban,299206,13037,5035,364869,HIGH
Cat,Large,8,Urban,408978,9503,7633,490031,HIGH
Dog,Small,12,Urban,212314,12353,3791,262726,HIGH
Dog,Small,5,Semi-Urban,213868,9198,3781,260874,HIGH
Dog,Medium,6,Urban,302258,9738,5301,364891,HIGH
Dog,Large,12,Urban,409263,13303,6660,493609,HIGH
Dog,Medium,13,Semi-Urban,299034,11709,4785,362857,HIGH
Dog,Small,9,Urban,215239,13291,3908,267303,HIGH
Dog,Medium,3,Urban,300467,10439,5815,364229,HIGH
Dog,Small,4,Semi-Urban,213255,7512,4004,258486,HIGH
Dog,Small,8,Urban,212860,10137,3377,260330,HIGH
Dog,Medium,5,Urban,298745,9244,4783,359687,HIGH
Dog,Extra Large,5,Urban,497818,9201,8446,592784,HIGH
Dog,Large,9,Semi-Urban,408848,11426,6745,491071,HIGH
Dog,Small,8,Urban,212317,10338,4022,260678,HIGH
Cat,Medium,6,Urban,299315,9450,4995,360824,HIGH
Dog,Medium,6,Urban,299395,10360,5440,362474,HIGH
Dog,Small,6,Semi-Urban,210545,8142,3113,255070,HIGH
Dog,Small,3,Urban,215328,10592,4102,264525,HIGH
Cat,Small,3,Urban,215505,8357,3113,261021,HIGH
Cat,Small,3,Urban,211159,9047,2630,256261,HIGH
Cat,Small,12,Urban,212181,12257,3667,262320,HIGH
Dog,Medium,4,Semi-Urban,302576,8899,4994,363939,HIGH
Dog,Small,7,Urban,214496,10061,3596,262375,HIGH
Dog,Large,1,Urban,412130,13838,7026,497943,HIGH
Dog,Medium,11,Urban,300686,14226,5684,368685,HIGH
Dog,Large,4,Semi-Urban,403514,9161,6244,481756,HIGH
Cat,Large,2,Urban,404855,9119,6272,483282,HIGH
Dog,Medium,5,Urban,300621,10783,4635,363444,HIGH
Dog,Large,1,Urban,412323,12934,6510,496532,HIGH
Dog,Small,5,Semi-Urban,211977,8601,3204,257349,HIGH
Dog,Large,13,Semi-Urban,406752,10459,7009,487853,HIGH
Dog,Large,1,Urban,408909,12578,7651,493508,HIGH
Dog,Small,5,Urban,212944,9059,3012,258767,HIGH
Dog,Extra Large,9,Urban,496096,13195,8936,595961,HIGH
Cat,Medium,7,Semi-Urban,302040,7930,4884,362082,HIGH
Dog,Large,3,Urban,406450,9281,7231,486406,HIGH
Dog,Medium,5,Urban,296081,10074,6432,359475,HIGH
Dog,Medium,2,Semi-Urban,299463,8019,5196,359579,HIGH
Cat,Small,10,Semi-Urban,217920,9475,3104,265073,HIGH
Dog,Small,6,Urban,212910,11043,3154,261173,HIGH
Dog,Large,5,Urban,406196,11214,8018,489242,HIGH
Dog,Large,9,Urban,408080,10960,6381,489234,HIGH
Dog,Large,7,Semi-Urban,409453,8724,7144,489119,HIGH
Dog,Medium,6,Urban,303457,11064,6112,368727,HIGH
Cat,Large,2,Semi-Urban,407752,8364,6585,486106,HIGH
Dog,Large,12,Urban,407375,13773,6800,492140,HIGH
Cat,Medium,7,Semi-Urban,301729,7577,5249,361738,HIGH
Cat,Small,7,Urban,211156,10823,4315,260238,HIGH
Dog,Medium,7,Semi-Urban,305616,7300,4988,365589,HIGH
Dog,Medium,4,Urban,301689,8774,4835,362592,HIGH
Dog,Medium,7,Urban,298584,10657,5231,361642,HIGH
Dog,Medium,8,Semi-Urban,298229,7510,4576,356862,HIGH
Dog,Medium,5,Semi-Urban,301890,7964,3983,360912,HIGH
Dog,Medium,10,Urban,295200,12878,4783,359790,HIGH
Dog,Extra Large,2,Urban,497116,9437,8711,592553,HIGH
Dog,Medium,6,Urban,297861,10457,4974,360285,HIGH
Cat,Medium,9,Semi-Urban,301340,10000,5545,364417,HIGH
Dog,Medium,11,Urban,296281,12595,4535,360422,HIGH
Dog,Large,10,Urban,410171,12223,7213,494048,HIGH
Cat,Large,13,Urban,407584,13578,7229,492649,HIGH
Dog,Medium,2,Semi-Urban,302352,10057,4961,364975,HIGH
Dog,Medium,1,Urban,302267,14182,5621,370380,HIGH
Dog,Extra Large,6,Urban,491993,9267,8911,586696,HIGH
Dog,Medium,2,Semi-Urban,302253,9178,4357,363156,HIGH
Dog,Small,5,Urban,212028,10787,3678,260466,HIGH
Dog,Medium,3,Semi-Urban,300886,8247,5167,361445,HIGH
Dog,Small,11,Semi-Urban,212846,11140,2825,260832,HIGH
Dog,Large,6,Semi-Urban,408947,8372,6343,487211,HIGH
Cat,Large,3,Urban,408252,10879,6674,489675,HIGH
Dog,Medium,10,Urban,299967,13606,5251,366647,HIGH
Dog,Small,7,Semi-Urban,216897,6918,3461,261367,HIGH
Dog,Medium,11,Urban,303139,12270,5211,368713,HIGH
Dog,Large,8,Urban,406640,10968,7346,488697,HIGH
Dog,Medium,10,Urban,301394,12758,4871,366876,HIGH
Dog,Large,3,Urban,407263,8796,6025,485396,HIGH
Dog,Medium,3,Urban,300355,10268,5562,363612,HIGH
Dog,Small,4,Urban,213181,11024,3457,261811,HIGH
Dog,Extra Large,1,Urban,497447,12961,8519,596766,HIGH
Dog,Medium,13,Urban,306192,13496,6095,374650,HIGH
Cat,Large,9,Urban,407975,11891,7097,491007,HIGH
Dog,Small,9,Semi-Urban,216007,9147,3091,262481,HIGH
Dog,Medium,8,Semi-Urban,301293,8001,5038,361481,HIGH
Dog,Large,1,Semi-Urban,407839,10665,6752,489044,HIGH
Dog,Medium,10,Urban,299518,11792,4526,363211,HIGH
Dog,Medium,13,Semi-Urban,303233,9941,5567,366552,HIGH
Dog,Medium,10,Urban,300945,12496,5455,366730,HIGH
Cat,Medium,10,Urban,302267,12333,4860,367379,HIGH
Dog,Large,6,Urban,408773,10394,7435,490592,HIGH
Dog,Small,11,Urban,213390,13806,2756,264444,HIGH
Dog,Small,7,Urban,208854,8745,3320,254056,HIGH
Dog,Medium,1,Urban,302344,13889,4379,368703,HIGH
Dog,Large,7,Semi-Urban,407729,7926,7452,486573,HIGH
Cat,Medium,3,Semi-Urban,299726,8112,5684,360550,HIGH
Dog,Medium,1,Urban,301047,12487,4920,366222,HIGH
Dog,Large,1,Urban,410200,11741,7444,493792,HIGH
Dog,Large,5,Urban,408348,10740,7273,490315,HIGH
Cat,Medium,6,Urban,300688,10179,5060,363316,HIGH
Dog,Extra Large,9,Semi-Urban,497587,9896,8339,593195,HIGH
Cat,Medium,5,Urban,302109,10708,5273,365803,HIGH
Dog,Small,11,Urban,214188,12280,3877,264896,HIGH
Dog,Medium,11,Urban,302070,13058,4534,367611,HIGH
Dog,Large,13,Urban,408785,13665,5854,492549,HIGH
Dog,Medium,13,Semi-Urban,301858,10691,5135,365336,HIGH
Dog,Medium,3,Urban,303554,9244,5015,365484,HIGH
Cat,Large,10,Urban,404994,14120,7479,490581,HIGH
Dog,Large,8,Urban,406035,10440,6365,486266,HIGH
Dog,Small,9,Semi-Urban,213048,10408,4252,261864,HIGH
Dog,Medium,5,Urban,301571,10414,4591,364062,HIGH
Dog,Extra Large,12,Semi-Urban,496612,9974,8692,592569,HIGH
Dog,Large,6,Semi-Urban,409181,7366,7327,487455,HIGH
Dog,Small,9,Urban,214573,13000,4381,266747,HIGH
Cat,Medium,3,Urban,295855,9479,5229,357147,HIGH
Cat,Small,7,Urban,213898,8270,3110,259069,HIGH
Dog,Large,12,Urban,409177,14904,5762,494319,HIGH
Dog,Medium,11,Semi-Urban,301221,10272,5413,364441,HIGH
Dog,Small,1,Semi-Urban,212388,9566,4022,259872,HIGH
Cat,Medium,12,Urban,302104,13201,5059,368418,HIGH
Dog,Medium,1,Semi-Urban,305211,11644,5308,370487,HIGH
Dog,Medium,11,Urban,299095,13660,4679,365049,HIGH
Cat,Small,13,Urban,214305,12543,3778,265219,HIGH
Dog,Medium,13,Urban,299126,13533,5116,365441,HIGH
Dog,Large,8,Urban,405743,8905,6721,484574,HIGH
Cat,Large,2,Urban,408203,9090,8178,489291,HIGH
Cat,Medium,4,Urban,306351,10089,5872,370658,HIGH
Dog,Medium,1,Urban,301513,13443,4780,367696,HIGH
Dog,Medium,10,Urban,303989,12728,5856,370958,HIGH
Dog,Large,5,Urban,410822,9909,6493,491307,HIGH
Dog,Medium,7,Urban,301097,10112,4849,363466,HIGH
Dog,Small,1,Semi-Urban,210918,11477,3680,259986,HIGH
Cat,Extra Large,7,Urban,500378,9967,8597,596783,HIGH
Dog,Medium,5,Semi-Urban,304567,7084,4527,363604,HIGH
Dog,Large,11,Semi-Urban,406193,9179,6835,485538,HIGH
Dog,Large,8,Urban,409212,9542,6158,488648,HIGH
Cat,Large,8,Semi-Urban,411567,7726,7454,490759,HIGH
Dog,Large,11,Urban,408501,14196,7759,495024,HIGH
Dog,Small,10,Semi-Urban,213716,10954,4076,263057,HIGH
Dog,Medium,12,Urban,302000,14127,5392,369746,HIGH
Cat,Large,2,Urban,408441,10456,7317,490146,HIGH
Dog,Medium,6,Semi-Urban,302269,8076,4922,362557,HIGH
Dog,Medium,3,Urban,302407,10399,4926,365391,HIGH
Dog,Small,13,Urban,215990,12864,3471,267173,HIGH
Cat,Medium,5,Semi-Urban,302464,9355,4715,364014,HIGH
Dog,Small,5,Urban,215729,11178,4294,265881,HIGH
Dog,Extra Large,11,Urban,496192,13188,7700,594642,HIGH
Dog,Medium,5,Urban,299660,8424,5343,360441,HIGH
Dog,Medium,1,Urban,301655,13385,5662,368807,HIGH
Cat,Medium,2,Urban,298790,9445,5402,360682,HIGH
Dog,Small,4,Urban,215772,9696,4508,264472,HIGH
Cat,Large,1,Urban,406264,12368,6917,489381,HIGH
Dog,Large,12,Semi-Urban,408538,10018,7827,490340,HIGH
Cat,Small,7,Urban,210797,9249,3788,257409,HIGH
Dog,Large,11,Urban,409067,13816,6606,493912,HIGH
Dog,Medium,1,Semi-Urban,300306,10657,5032,363394,HIGH
Dog,Extra Large,4,Urban,497038,10175,8053,592555,HIGH
Cat,Large,2,Urban,402803,11202,7370,484581,HIGH
Cat,Large,12,Urban,411384,11916,7075,494931,HIGH
Dog,Large,11,Urban,407673,13373,7074,492338,HIGH
Dog,Medium,9,Semi-Urban,301473,10643,5307,365036,HIGH
Cat,Small,9,Urban,211298,13466,2721,261607,HIGH
Dog,Medium,3,Semi-Urban,304912,9187,4804,366738,HIGH
Cat,Medium,13,Urban,300224,13202,5573,366848,HIGH
Cat,Large,2,Urban,405377,9039,6368,483901,HIGH
Dog,Medium,6,Urban,299943,9308,5324,361761,HIGH
Cat,Medium,3,Urban,301711,11570,4774,365763,HIGH
Dog,Medium,11,Urban,300146,13365,4997,366284,HIGH
Cat,Small,6,Semi-Urban,211924,8050,4097,257681,HIGH
Dog,Medium,9,Semi-Urban,302990,10412,5397,366618,HIGH
Dog,Large,13,Semi-Urban,409365,10597,7021,491030,HIGH
Dog,Small,2,Urban,210606,10427,4039,258832,HIGH
Dog,Small,12,Semi-Urban,214756,10711,3743,263591,HIGH
Cat,Extra Large,2,Urban,495072,9470,9136,590729,HIGH
Dog,Medium,2,Semi-Urban,302181,7664,4133,361074,HIGH
Dog,Medium,9,Urban,299426,11946,4424,363165,HIGH
Dog,Extra Large,7,Urban,498604,9113,8421,593558,HIGH
Cat,Medium,4,Urban,305313,10406,4612,368380,HIGH
Dog,Small,5,Urban,211905,10685,3585,260101,HIGH
Dog,Small,10,Semi-Urban,215500,11495,3124,264636,HIGH
Dog,Extra Large,13,Urban,495207,12996,8388,594079,HIGH
Cat,Medium,2,Urban,300702,10973,5872,365179,HIGH
Dog,Medium,7,Urban,304921,11033,5172,369294,HIGH
Dog,Small,5,Urban,210529,11364,2456,258001,HIGH
Cat,Extra Large,5,Urban,493912,11170,8495,590613,HIGH
Cat,Large,10,Urban,405327,13899,7020,490182,HIGH
Dog,Large,7,Urban,411157,9917,5993,491127,HIGH
Dog,Small,11,Urban,214845,14064,3428,267187,HIGH
Dog,Medium,11,Urban,301938,11933,5102,366818,HIGH
Cat,Small,1,Semi-Urban,214342,10366,3176,262066,HIGH
Dog,Medium,1,Semi-Urban,304038,11138,5245,368484,HIGH
Dog,Medium,12,Urban,297950,13387,4867,363634,HIGH
Dog,Medium,7,Urban,301207,10750,5354,364907,HIGH
Dog,Medium,11,Semi-Urban,297481,10136,4691,359154,HIGH
Dog,Large,9,Urban,407863,12986,6589,491553,HIGH
Dog,Medium,5,Urban,300530,10884,4830,363680,HIGH
Dog,Small,1,Semi-Urban,213331,10314,3509,261227,HIGH
Cat,Medium,3,Urban,302076,8251,5503,363204,HIGH
Dog,Large,6,Semi-Urban,408592,8077,6319,486436,HIGH
Dog,Medium,1,Urban,299509,12002,5097,364099,HIGH
Cat,Small,4,Urban,209693,10764,3245,257257,HIGH
Dog,Medium,13,Urban,302249,11910,5057,367098,HIGH
Dog,Small,1,Urban,211804,12590,3619,262214,HIGH
Dog,Large,10,Semi-Urban,409225,9782,6429,489251,HIGH
Dog,Large,10,Urban,406371,12117,7676,490088,HIGH
Dog,Small,7,Semi-Urban,214464,7686,3454,259444,HIGH
Dog,Medium,9,Urban,301630,12988,5614,368266,HIGH
Dog,Small,8,Semi-Urban,213983,8359,3632,259870,HIGH
Dog,Small,10,Urban,215223,12932,3676,266605,HIGH
Cat,Medium,2,Urban,302763,8809,5162,364244,HIGH
Cat,Medium,13,Urban,299909,10779,4742,362744,HIGH
Cat,Extra Large,4,Urban,496831,10116,9071,593420,HIGH
Dog,Extra Large,4,Semi-Urban,495933,9598,9251,591999,HIGH
Dog,Medium,13,Urban,303468,12699,4182,368401,HIGH
Dog,Medium,7,Semi-Urban,301086,7073,4235,359253,HIGH
Cat,Large,1,Urban,406714,12914,7126,490767,HIGH
Dog,Medium,2,Urban,299129,9857,4640,360669,HIGH
Dog,Medium,9,Urban,300018,12401,4589,364559,HIGH
Dog,Large,13,Urban,406870,13578,6851,491393,HIGH
Dog,Large,13,Urban,409203,12068,6688,492152,HIGH
Dog,Small,2,Urban,215165,7269,4121,260538,HIGH
Dog,Medium,7,Semi-Urban,300489,7480,4678,359544,HIGH
Dog,Small,12,Urban,211724,12297,3323,261445,HIGH
Cat,Medium,5,Semi-Urban,302873,7417,5299,362927,HIGH
Dog,Extra Large,6,Urban,499357,10366,8461,595911,HIGH
Dog,Medium,3,Urban,304302,9527,4679,366284,HIGH
Dog,Medium,5,Urban,299903,10300,5344,362879,HIGH
Dog,Medium,4,Semi-Urban,303514,6935,5211,363009,HIGH
Cat,Large,11,Semi-Urban,412035,10387,6928,493752,HIGH
Cat,Medium,3,Semi-Urban,299508,7300,4346,357827,HIGH
Dog,Medium,1,Urban,301978,13741,4822,368622,HIGH
Dog,Extra Large,13,Urban,495813,13519,7526,594386,HIGH
Dog,Small,2,Urban,209988,9720,3139,256274,HIGH
Dog,Large,9,Urban,402215,14499,6543,486745,HIGH
Dog,Medium,9,Urban,303841,12200,5380,369634,HIGH
Cat,Large,12,Urban,409830,12105,6040,492171,HIGH
Dog,Large,12,Semi-Urban,405584,10756,6697,486492,HIGH
Dog,Medium,11,Urban,298086,12067,5298,362768,HIGH
Dog,Medium,13,Urban,306561,12476,4161,371677,HIGH
Cat,Large,5,Semi-Urban,407855,8554,7088,487021,HIGH
Dog,Medium,12,Semi-Urban,302530,9580,5473,365220,HIGH
Cat,Medium,7,Urban,302287,9800,5175,364851,HIGH
Cat,Medium,3,Urban,299016,10581,5947,362875,HIGH
Dog,Large,12,Urban,407343,14008,8027,493784,HIGH
Dog,Medium,11,Urban,303213,12485,4759,368525,HIGH
Cat,Extra Large,5,Urban,494649,9044,9112,589725,HIGH
Dog,Small,10,Semi-Urban,214077,10249,3104,261544,HIGH
Dog,Large,12,Urban,410393,13655,7226,495965,HIGH
Dog,Small,13,Semi-Urban,213405,11319,3785,262785,HIGH
Dog,Small,13,Urban,211078,14793,3679,263982,HIGH
Dog,Medium,12,Urban,299459,12428,5806,365346,HIGH
Cat,Small,6,Urban,212752,10416,3713,260913,HIGH
Dog,Medium,4,Urban,302787,9937,5428,365874,HIGH
Cat,Medium,9,Urban,302830,12675,5829,369534,HIGH
Cat,Medium,2,Semi-Urban,303414,8083,5336,364357,HIGH
Dog,Large,6,Urban,410587,11788,7306,494133,HIGH
Dog,Large,9,Semi-Urban,408494,9789,6764,488804,HIGH
Cat,Large,10,Semi-Urban,407441,9563,6611,487157,HIGH
Dog,Medium,7,Semi-Urban,300398,8820,4386,360644,HIGH
Dog,Large,13,Urban,406091,13802,6174,489977,HIGH
Dog,Large,10,Urban,404134,13293,6405,487406,HIGH
Dog,Large,9,Urban,407524,12040,7354,490955,HIGH
Dog,Medium,1,Semi-Urban,302498,10370,5139,365708,HIGH
Dog,Medium,5,Semi-Urban,300718,9805,5811,363784,HIGH
Dog,Extra Large,9,Urban,500038,12590,8543,599346,HIGH
Dog,Small,11,Urban,213057,13983,4234,265965,HIGH
Dog,Extra Large,5,Urban,497476,8782,8152,591571,HIGH
Cat,Small,3,Urban,215235,9810,3464,262785,HIGH
Dog,Extra Large,12,Urban,498220,13435,8403,598066,HIGH
Dog,Small,12,Urban,210405,12192,3972,260554,HIGH
Dog,Large,5,Urban,409588,11310,7066,492158,HIGH
Dog,Large,2,Urban,409343,8456,7681,489302,HIGH
Dog,Medium,6,Urban,304589,10013,5292,367878,HIGH
Dog,Extra Large,7,Semi-Urban,498623,9384,9145,594724,HIGH
Cat,Large,8,Urban,407953,8981,6435,486874,HIGH
Dog,Medium,13,Semi-Urban,297405,8296,5762,358182,HIGH
Cat,Small,12,Urban,213875,14194,3366,266150,HIGH
Dog,Large,11,Semi-Urban,408557,9036,5763,486859,HIGH
Dog,Medium,8,Urban,301343,10881,4706,364469,HIGH
Dog,Extra Large,5,Urban,497352,9271,8618,592527,HIGH
Cat,Extra Large,6,Urban,491603,8569,8729,585236,HIGH
Dog,Large,3,Semi-Urban,408157,7784,6208,485471,HIGH
Cat,Medium,8,Urban,299412,10403,5582,362706,HIGH
Dog,Large,7,Semi-Urban,409320,9889,6882,490004,HIGH
Dog,Medium,8,Urban,300862,9621,4720,362483,HIGH
Dog,Medium,13,Semi-Urban,301861,11474,3837,364747,HIGH
Dog,Extra Large,2,Urban,496742,10319,9029,593503,HIGH
Dog,Small,11,Urban,213973,14372,3928,267113,HIGH
Dog,Extra Large,5,Urban,499027,9797,7494,593765,HIGH
Dog,Medium,12,Urban,301500,13227,4759,367408,HIGH
Dog,Medium,7,Semi-Urban,304805,9194,5816,367787,HIGH
Cat,Small,12,Semi-Urban,214320,11239,3594,263525,HIGH
Dog,Small,2,Semi-Urban,212107,8742,4220,258829,HIGH
Dog,Large,5,Semi-Urban,407871,7142,7054,485377,HIGH
Dog,Small,6,Urban,210495,8779,4022,256790,HIGH
Dog,Medium,6,Semi-Urban,300498,6822,4320,358386,HIGH
Dog,Large,9,Semi-Urban,407453,9652,7085,487818,HIGH
Cat,Medium,5,Urban,304078,10234,4755,366927,HIGH
Dog,Medium,3,Urban,302688,10502,5796,366833,HIGH
Dog,Medium,10,Urban,303794,11888,5298,369127,HIGH
Cat,Large,12,Urban,403536,11400,7382,485665,HIGH
Cat,Small,3,Urban,213792,10660,3933,262642,HIGH
Dog,Medium,13,Urban,301188,12508,4699,366154,HIGH
Dog,Medium,7,Urban,302552,11236,5091,366710,HIGH
Cat,Small,12,Urban,211354,12999,3006,261462,HIGH
Dog,Medium,2,Semi-Urban,300440,8291,4611,360343,HIGH
Dog,Small,5,Urban,211811,9525,3460,258515,HIGH
Dog,Medium,13,Urban,303748,11666,4851,368304,HIGH
Cat,Extra Large,9,Urban,496423,13234,7518,594751,HIGH
Cat,Large,13,Semi-Urban,409329,10682,6188,490128,HIGH
Cat,Medium,12,Urban,304030,13208,4594,370106,HIGH
Dog,Large,3,Urban,409020,9937,6765,489580,HIGH
Dog,Large,1,Semi-Urban,408553,10435,7016,489904,HIGH
Dog,Large,8,Semi-Urban,410078,8689,6849,489458,HIGH
Cat,Medium,11,Urban,305365,13352,4715,371946,HIGH
Dog,Small,3,Urban,213160,10421,3697,261369,HIGH
Dog,Medium,7,Urban,300470,9166,5739,362681,HIGH
Dog,Small,6,Urban,213892,9539,4054,261607,HIGH
Cat,Medium,1,Urban,302675,14467,5374,370893,HIGH
Dog,Medium,5,Semi-Urban,300020,9974,4447,361607,HIGH
Dog,Medium,7,Urban,298142,10033,4856,359985,HIGH
Dog,Medium,8,Urban,303057,10295,5906,367146,HIGH
Dog,Small,2,Urban,212728,10460,2910,260012,HIGH
Cat,Large,9,Semi-Urban,412750,9361,7546,494105,HIGH
Dog,Medium,7,Urban,303379,10125,5477,366828,HIGH
Dog,Small,2,Urban,211699,8847,4178,258432,HIGH
Dog,Medium,6,Urban,299978,10099,5355,362746,HIGH
Dog,Large,3,Urban,409341,10475,7511,491426,HIGH
Dog,Medium,13,Urban,300205,12763,5706,366475,HIGH
Dog,Large,6,Semi-Urban,406078,7844,6658,483667,HIGH
Dog,Large,5,Urban,409695,9236,7349,490222,HIGH
Dog,Medium,3,Urban,301086,8383,4734,361333,HIGH
Cat,Medium,9,Urban,298730,12977,5316,364576,HIGH
Dog,Medium,2,Urban,301178,10072,5254,363979,HIGH
Dog,Large,4,Urban,406900,9408,6922,486714,HIGH
Dog,Extra Large,7,Semi-Urban,500946,7771,9207,595612,HIGH
Dog,Small,2,Urban,211614,9971,3235,258543,HIGH
Dog,Small,11,Urban,212969,12333,3463,263079,HIGH
Dog,Medium,7,Semi-Urban,301548,9042,4765,362658,HIGH
Dog,Medium,2,Urban,298484,10152,5156,360860,HIGH
Dog,Large,11,Semi-Urban,410399,11281,6890,492855,HIGH
Dog,Medium,6,Urban,300931,11725,5487,365864,HIGH
Cat,Large,2,Urban,408436,9599,6672,488413,HIGH
Dog,Extra Large,11,Urban,495320,14087,8669,595787,HIGH
Dog,Medium,2,Urban,302120,9712,4632,363933,HIGH
Dog,Small,2,Urban,210726,9513,3582,257394,HIGH
Dog,Medium,10,Urban,300769,13015,4625,366170,HIGH
Dog,Medium,4,Urban,294725,9985,5247,356450,HIGH
Dog,Medium,12,Semi-Urban,302191,10476,5188,365533,HIGH
Dog,Large,13,Urban,407669,12931,5836,490401,HIGH
Dog,Large,3,Semi-Urban,408786,7218,6152,485479,HIGH
Dog,Medium,5,Semi-Urban,302633,6838,5173,361840,HIGH
Dog,Small,13,Urban,212963,12489,4022,263895,HIGH
Dog,Medium,8,Semi-Urban,301919,7779,5226,362162,HIGH
Dog,Extra Large,5,Urban,496739,10003,8193,592175,HIGH
Cat,Medium,2,Semi-Urban,301956,7711,5413,362342,HIGH
Dog,Medium,4,Urban,299078,8771,4853,359607,HIGH
Dog,Medium,10,Urban,302042,11880,4800,366530,HIGH
Cat,Medium,9,Urban,302479,14005,5841,370673,HIGH
Dog,Medium,7,Semi-Urban,301256,7883,5343,361654,HIGH
Dog,Medium,7,Urban,307256,10897,4376,370908,HIGH
Dog,Large,3,Urban,406028,10883,5742,486050,HIGH
Cat,Extra Large,11,Semi-Urban,499923,9619,8797,596089,HIGH
Dog,Extra Large,1,Semi-Urban,497497,10346,8810,594150,HIGH
Cat,Extra Large,10,Urban,499472,12479,8283,598269,HIGH
Cat,Extra Large,10,Urban,497570,14140,9081,598909,HIGH
Dog,Large,1,Urban,408233,12266,6089,490576,HIGH
Dog,Large,11,Urban,411893,13393,6494,496547,HIGH
Dog,Medium,12,Urban,298945,15340,5320,367545,HIGH
Dog,Large,2,Urban,409869,10062,7442,491478,HIGH
Cat,Small,10,Urban,210413,12487,3770,260670,HIGH
Dog,Large,11,Urban,406375,12820,7009,490134,HIGH
Dog,Medium,4,Urban,304195,9903,4669,366582,HIGH
Dog,Medium,7,Urban,301598,10287,5174,364617,HIGH
Cat,Medium,5,Semi-Urban,299489,6717,5347,358285,HIGH
Dog,Extra Large,10,Semi-Urban,498812,11839,8133,596601,HIGH
Cat,Medium,6,Urban,303519,9014,5215,365410,HIGH
Dog,Medium,1,Semi-Urban,301216,10966,4900,364644,HIGH
Dog,Medium,2,Urban,300216,10054,5303,362908,HIGH
Dog,Extra Large,1,Semi-Urban,497755,10563,7845,593587,HIGH
Dog,Medium,4,Urban,302339,10193,5276,365479,HIGH
Dog,Medium,1,Urban,300098,12419,5287,365474,HIGH
Dog,Small,6,Urban,213018,9715,4925,261806,HIGH
Dog,Medium,1,Semi-Urban,297082,10807,4685,359460,HIGH
Dog,Medium,9,Semi-Urban,304173,9547,5032,366564,HIGH
Cat,Large,6,Semi-Urban,407909,8145,6111,485489,HIGH
Dog,Medium,12,Semi-Urban,301019,10936,4926,364413,HIGH
Cat,Large,11,Urban,410170,14445,5953,495153,HIGH
Dog,Small,8,Urban,215651,9664,4737,264559,HIGH
Dog,Large,5,Semi-Urban,408597,8868,6927,488050,HIGH
Cat,Large,7,Semi-Urban,409196,8323,7496,488767,HIGH
Cat,Medium,11,Urban,300545,13293,4823,366460,HIGH
Cat,Large,7,Urban,407814,8722,7242,487344,HIGH
Dog,Large,11,Urban,408421,12647,6439,491633,HIGH
Cat,Small,12,Urban,211727,12746,3284,261920,HIGH
Cat,Large,11,Semi-Urban,413164,10510,7248,495560,HIGH
Dog,Large,3,Urban,408661,9000,6514,487801,HIGH
Dog,Large,7,Urban,406801,10079,6980,487439,HIGH
Dog,Large,13,Semi-Urban,407136,10305,7034,488146,HIGH
Cat,Large,10,Urban,410758,13568,7275,496341,HIGH
Cat,Large,5,Urban,405474,10001,7254,486138,HIGH
Dog,Small,13,Urban,215086,12149,3406,265237,HIGH
Cat,Large,3,Urban,410114,10178,6574,490895,HIGH
Dog,Medium,2,Urban,301513,9261,4393,362442,HIGH
Dog,Medium,2,Semi-Urban,304209,7921,4879,364560,HIGH
Dog,Medium,11,Semi-Urban,302548,8771,4730,363456,HIGH
Dog,Extra Large,4,Urban,496865,9663,8508,592291,HIGH
Dog,Medium,8,Urban,299491,9228,4849,360603,HIGH
Dog,Small,9,Semi-Urban,216447,10988,3091,265104,HIGH
Dog,Medium,10,Urban,298025,12626,4557,362489,HIGH
Cat,Medium,6,Semi-Urban,301325,7893,5354,361757,HIGH
Cat,Medium,1,Urban,300446,13460,4227,365852,HIGH
Dog,Medium,9,Semi-Urban,303170,12226,6005,369611,HIGH
Dog,Medium,11,Urban,300856,12582,5948,367293,HIGH
Dog,Small,1,Urban,214672,13284,4284,267076,HIGH
Dog,Medium,10,Semi-Urban,298898,12582,5809,364882,HIGH
Dog,Small,12,Urban,212011,13225,3787,263376,HIGH
Dog,Medium,6,Semi-Urban,302881,7972,4849,363057,HIGH
Dog,Large,8,Semi-Urban,410871,7587,7102,489394,HIGH
Cat,Large,13,Urban,408303,11243,7814,491464,HIGH
Dog,Large,8,Urban,405393,10187,6309,485172,HIGH
Dog,Large,11,Semi-Urban,409332,11065,7433,492004,HIGH
Dog,Medium,8,Urban,302569,10020,5129,365375,HIGH
Dog,Small,9,Semi-Urban,213730,10009,3660,261508,HIGH
Dog,Small,10,Urban,214297,12453,2647,263806,HIGH
Dog,Small,8,Semi-Urban,212765,7786,4318,258599,HIGH
Cat,Large,1,Semi-Urban,407511,10877,7408,489665,HIGH
Dog,Small,6,Urban,212632,9614,3322,259403,HIGH
Cat,Medium,8,Semi-Urban,302537,9086,5045,364168,HIGH
Cat,Medium,11,Semi-Urban,300586,11977,4847,365021,HIGH
Cat,Large,4,Semi-Urban,409184,8119,6999,487947,HIGH
Dog,Large,13,Semi-Urban,408032,10042,6264,487988,HIGH
Dog,Medium,11,Urban,304356,13828,5520,372259,HIGH
Dog,Small,4,Semi-Urban,210456,8399,3386,255577,HIGH
Dog,Extra Large,2,Urban,500000,10119,8932,596908,HIGH
Dog,Small,12,Urban,214417,12393,2691,263926,HIGH
Dog,Large,9,Semi-Urban,408228,9838,6857,488661,HIGH
Dog,Medium,5,Semi-Urban,301089,8280,4397,360830,HIGH
Dog,Large,3,Semi-Urban,409592,7780,6542,487501,HIGH
Dog,Medium,12,Urban,302342,11410,5517,367159,HIGH
Dog,Large,3,Urban,409522,10977,7760,492497,HIGH
Dog,Large,12,Urban,407711,13547,6055,491409,HIGH
Dog,Medium,12,Semi-Urban,300398,11089,5117,364094,HIGH
Dog,Medium,3,Urban,301754,9043,5706,363978,HIGH
Dog,Medium,5,Urban,301601,9821,5602,364577,HIGH
Dog,Small,12,Urban,211062,13741,4053,263184,HIGH
Dog,Small,8,Urban,212642,10547,3615,260824,HIGH
Dog,Small,8,Semi-Urban,213717,6612,3616,257536,HIGH
Dog,Medium,8,Urban,303174,11240,6292,368811,HIGH
Dog,Extra Large,5,Urban,495504,9692,8798,591093,HIGH
Cat,Medium,2,Semi-Urban,301527,8100,4825,361619,HIGH
Dog,Small,7,Urban,213770,10397,2892,261117,HIGH
Cat,Extra Large,13,Semi-Urban,496197,9951,7849,591096,HIGH
Cat,Medium,1,Semi-Urban,303568,10952,5372,367875,HIGH
Dog,Medium,9,Urban,301085,12900,4908,366726,HIGH
Dog,Medium,12,Semi-Urban,299765,9072,4784,360664,HIGH
Dog,Small,4,Urban,211682,7974,3262,256355,HIGH
Cat,Medium,1,Semi-Urban,306065,10030,5636,369990,HIGH
Dog,Small,4,Urban,213147,9581,3625,260305,HIGH
Dog,Medium,5,Urban,297373,8345,5273,357639,HIGH
Dog,Large,5,Urban,408709,8519,7480,488414,HIGH
Dog,Extra Large,7,Semi-Urban,497690,7596,7186,589342,HIGH
Dog,Large,2,Semi-Urban,408190,8788,6828,487376,HIGH
Dog,Large,2,Semi-Urban,407707,8003,6702,485773,HIGH
Cat,Small,7,Semi-Urban,213776,7591,3573,258681,HIGH
Dog,Medium,7,Urban,299041,9103,3940,358896,HIGH
Dog,Large,5,Urban,406583,11068,6807,488126,HIGH
Dog,Small,1,Urban,213992,12671,4026,265292,HIGH
Dog,Small,3,Urban,213843,11318,3884,263401,HIGH
Dog,Small,4,Urban,210765,9975,3692,258096,HIGH
Dog,Small,12,Urban,209799,12994,2792,259422,HIGH
Dog,Small,5,Urban,211602,9901,4359,259741,HIGH
Dog,Medium,10,Urban,301630,13280,4695,367545,HIGH
Dog,Small,11,Urban,209992,12788,3357,260057,HIGH
Dog,Small,6,Semi-Urban,211003,7504,3776,255625,HIGH
Dog,Medium,6,Semi-Urban,302548,7788,5298,362979,HIGH
Dog,Medium,8,Urban,302884,10166,5576,366419,HIGH
Cat,Large,8,Urban,408229,9017,7546,488510,HIGH
Dog,Medium,3,Semi-Urban,301177,8302,4116,360634,HIGH
Dog,Medium,8,Semi-Urban,298343,8782,5261,359243,HIGH
Dog,Medium,3,Semi-Urban,299920,8981,5031,361021,HIGH
Cat,Medium,3,Urban,302708,9887,5600,365924,HIGH
Dog,Extra Large,9,Urban,499473,12716,8478,598767,HIGH
Dog,Small,1,Urban,210895,12909,3897,261856,HIGH
Dog,Large,2,Urban,410172,10330,6969,491591,HIGH
Cat,Medium,1,Urban,300818,12958,5694,367390,HIGH
Dog,Medium,11,Urban,299628,12583,4028,363674,HIGH
Dog,Large,9,Semi-Urban,408311,10352,6399,488821,HIGH
Dog,Small,1,Urban,210644,12219,3111,259870,HIGH
Dog,Medium,10,Semi-Urban,296180,8892,5541,357204,HIGH
Cat,Medium,13,Semi-Urban,303096,11794,5643,368612,HIGH
Cat,Small,11,Urban,215159,12794,4246,267028,HIGH
Dog,Medium,8,Semi-Urban,302847,5920,4843,360651,HIGH
Dog,Medium,1,Urban,302736,13874,4873,369705,HIGH
Cat,Medium,2,Semi-Urban,299055,8370,5121,359427,HIGH
Dog,Medium,13,Urban,302851,13123,5745,369976,HIGH
Dog,Large,10,Semi-Urban,409008,9522,7332,489741,HIGH
Cat,Large,3,Urban,407781,8779,7025,487122,HIGH
Dog,Medium,3,Urban,299312,10242,5293,362074,HIGH
Cat,Medium,9,Semi-Urban,304578,10343,4356,367168,HIGH
Dog,Small,6,Urban,213358,10352,3674,261491,HIGH
Dog,Large,4,Semi-Urban,406280,7869,6270,483481,HIGH
Dog,Large,2,Urban,408636,8821,6054,487037,HIGH
Dog,Medium,3,Urban,301334,9736,5744,364336,HIGH
Dog,Small,2,Semi-Urban,213785,8962,3616,260317,HIGH
Dog,Large,3,Semi-Urban,409619,7792,6591,487602,HIGH
Dog,Large,7,Urban,411488,10493,6743,493032,HIGH
Dog,Large,7,Urban,407333,9505,6391,486713,HIGH
Dog,Large,7,Urban,407931,10143,7122,488975,HIGH
Dog,Medium,4,Urban,301238,9741,5540,363996,HIGH
Cat,Large,7,Urban,411343,10922,6191,492724,HIGH
Dog,Large,10,Semi-Urban,410558,12256,6604,493830,HIGH
Cat,Medium,11,Urban,303452,13082,4462,369145,HIGH
Dog,Large,5,Urban,405639,9229,6561,484643,HIGH
Dog,Large,13,Urban,410448,12611,7559,495210,HIGH
Dog,Medium,6,Urban,307163,9493,5199,370133,HIGH
Cat,Small,7,Semi-Urban,213256,7743,3979,258724,HIGH
Dog,Extra Large,4,Semi-Urban,496308,7502,7987,588566,HIGH
Dog,Small,13,Semi-Urban,214415,10976,3382,263088,HIGH
Cat,Medium,1,Semi-Urban,302700,9442,4282,363887,HIGH
Dog,Large,13,Urban,409235,13216,6977,493842,HIGH
Cat,Medium,13,Urban,304431,12794,4964,370517,HIGH
Dog,Medium,9,Urban,300792,11968,4693,365070,HIGH
Cat,Medium,8,Urban,301183,9502,4573,362546,HIGH
Dog,Large,13,Urban,409075,12979,5400,491572,HIGH
Dog,Medium,8,Urban,300662,9582,6298,364023,HIGH
Cat,Medium,3,Urban,304070,8719,5791,366367,HIGH
Dog,Medium,3,Semi-Urban,304714,7800,5226,365401,HIGH
Dog,Medium,1,Semi-Urban,302956,10660,5094,366516,HIGH
Dog,Medium,11,Urban,303061,13443,4642,369317,HIGH
Cat,Small,2,Urban,213325,9853,3457,260630,HIGH
Cat,Medium,8,Urban,301966,10266,4613,364371,HIGH
Dog,Medium,13,Urban,303779,11971,4907,368755,HIGH
Dog,Large,4,Urban,407100,10179,6850,487748,HIGH
Cat,Medium,8,Urban,300515,9724,5018,362545,HIGH
Dog,Medium,8,Urban,302275,10193,5239,365363,HIGH
Cat,Medium,13,Semi-Urban,302586,10901,5513,366850,HIGH
Cat,Large,10,Urban,408153,13619,7384,493529,HIGH
Dog,Small,6,Urban,211964,10668,3509,260062,HIGH
Cat,Large,4,Semi-Urban,409779,7730,7112,488314,HIGH
Cat,Medium,12,Semi-Urban,302930,10205,5230,366119,HIGH
Dog,Medium,5,Urban,299990,9830,5242,362321,HIGH
Dog,Small,11,Semi-Urban,216075,11527,3004,265196,HIGH
Dog,Large,9,Semi-Urban,408141,10688,6935,489628,HIGH
Cat,Large,8,Urban,406197,10399,7051,487194,HIGH
Dog,Medium,13,Urban,303314,14360,4460,370454,HIGH
Dog,Extra Large,1,Semi-Urban,499177,10592,8560,596078,HIGH
Dog,Medium,13,Urban,302981,12399,4273,367600,HIGH
Dog,Small,8,Urban,213538,11347,3443,262577,HIGH
Dog,Medium,6,Semi-Urban,301412,6990,5166,360603,HIGH
Dog,Large,13,Semi-Urban,404234,9476,6971,483783,HIGH
Cat,Small,6,Urban,212874,8643,2839,258009,HIGH
Cat,Medium,2,Semi-Urban,301210,7231,5108,360581,HIGH
Dog,Medium,1,Semi-Urban,300527,9658,4824,362260,HIGH
Dog,Medium,9,Urban,302096,13983,4822,369036,HIGH
Dog,Large,3,Urban,405462,10757,7063,486774,HIGH
Dog,Large,1,Urban,407680,13124,6872,491827,HIGH
Dog,Medium,7,Urban,300664,9756,4961,362688,HIGH
Cat,Medium,9,Urban,297720,13274,5335,363778,HIGH
Dog,Large,3,Urban,411172,11828,6860,494339,HIGH
Dog,Medium,12,Urban,302105,13280,6123,369734,HIGH
Cat,Small,6,Urban,214660,10203,3673,262816,HIGH
Cat,Small,11,Urban,213080,13361,3323,264228,HIGH
Dog,Medium,12,Urban,298021,12124,4944,362352,HIGH
Dog,Medium,8,Semi-Urban,298926,8196,5013,358955,HIGH
Cat,Extra Large,13,Urban,496543,12618,8592,595415,HIGH
Dog,Large,3,Urban,409524,9877,7331,490741,HIGH
Dog,Medium,9,Urban,303967,12621,4460,369205,HIGH
Dog,Medium,9,Urban,300736,11331,4532,364088,HIGH
Dog,Small,6,Semi-Urban,212872,8615,3255,258453,HIGH
Cat,Small,13,Urban,208673,12727,3613,258764,HIGH
Cat,Medium,8,Urban,302443,11002,5922,367272,HIGH
Dog,Small,8,Semi-Urban,215958,6571,3605,260054,HIGH
Dog,Medium,8,Urban,300506,9497,4952,362198,HIGH
Dog,Small,9,Urban,211218,12202,4350,261935,HIGH
Dog,Small,9,Urban,217428,12549,3913,268973,HIGH
Dog,Medium,6,Urban,303535,10556,3919,365711,HIGH
Dog,Large,5,Urban,405353,10217,6336,485191,HIGH
Dog,Medium,7,Semi-Urban,301909,6511,4830,360237,HIGH
Dog,Large,2,Urban,410189,9229,6940,490311,HIGH
Dog,Small,7,Urban,210049,8628,3492,255494,HIGH
Cat,Large,11,Urban,408756,12756,6841,492605,HIGH
Dog,Medium,8,Urban,300977,10546,5272,364314,HIGH
Dog,Medium,3,Urban,302858,8706,4213,363143,HIGH
Dog,Large,5,Semi-Urban,408470,8457,6257,486661,HIGH
Dog,Small,9,Urban,213655,11739,3563,263300,HIGH
Dog,Small,1,Urban,214437,12709,4419,266299,HIGH
Cat,Small,11,Urban,212713,12246,4533,263915,HIGH
Dog,Medium,1,Urban,296986,12947,5360,362586,HIGH
Dog,Medium,4,Urban,297463,10971,5381,360887,HIGH
Dog,Small,11,Semi-Urban,209273,9962,3145,255737,HIGH
Dog,Small,7,Urban,211907,8972,3481,258014,HIGH
Dog,Small,12,Semi-Urban,214037,9963,3144,261215,HIGH
Dog,Medium,10,Urban,300422,13291,4936,366446,HIGH
Dog,Medium,4,Urban,302012,10539,4330,364413,HIGH
Dog,Small,3,Urban,210314,10281,4062,258355,HIGH
Cat,Small,2,Semi-Urban,215347,7207,3008,259396,HIGH
Dog,Large,2,Semi-Urban,407724,9401,6631,487319,HIGH
Dog,Small,5,Urban,211366,9707,3650,258431,HIGH
Dog,Medium,1,Semi-Urban,305838,10479,5769,370398,HIGH
Dog,Medium,3,Semi-Urban,302027,9088,5107,363655,HIGH
Dog,Large,13,Urban,410367,12360,7364,494604,HIGH
Dog,Medium,4,Urban,302962,10459,5277,366502,HIGH
Dog,Large,1,Semi-Urban,409066,10437,6367,489750,HIGH
Dog,Medium,7,Urban,302692,9323,5192,364788,HIGH
Dog,Small,12,Semi-Urban,215666,10085,3500,263638,HIGH
Dog,Large,4,Semi-Urban,410614,6903,6558,487686,HIGH
Dog,Extra Large,8,Urban,496720,10359,8725,593174,HIGH
Dog,Medium,10,Urban,304782,12927,4813,370900,HIGH
Dog,Medium,1,Semi-Urban,299242,10899,4632,361988,HIGH
Dog,Large,13,Urban,405645,13644,6835,490042,HIGH
Dog,Medium,12,Urban,303274,13081,5797,370474,HIGH
Dog,Medium,12,Semi-Urban,296383,10145,4843,358076,HIGH
Dog,Medium,1,Urban,300493,12882,5460,366660,HIGH
Cat,Medium,6,Urban,299909,9766,4880,361738,HIGH
Dog,Medium,3,Semi-Urban,304107,6499,4620,362509,HIGH
Dog,Large,6,Semi-Urban,412970,8581,6573,492342,HIGH
Dog,Medium,10,Semi-Urban,300235,10531,4576,362643,HIGH
Dog,Medium,5,Semi-Urban,303348,6778,5007,362402,HIGH
Dog,Extra Large,5,Semi-Urban,498744,8498,8607,593226,HIGH
Dog,Large,9,Urban,406176,12856,6950,489879,HIGH
Dog,Medium,5,Urban,302234,8595,5039,363248,HIGH
Dog,Medium,6,Urban,303382,9798,5075,365993,HIGH
Dog,Large,1,Urban,412063,13201,7204,497338,HIGH
Dog,Medium,9,Urban,302155,13908,5276,369539,HIGH
Dog,Small,9,Urban,214420,12501,2644,263999,HIGH
Dog,Medium,1,Urban,297752,14093,4399,363680,HIGH
Cat,Large,2,Urban,406682,10248,6587,487044,HIGH
Dog,Large,3,Urban,405808,10544,7128,487002,HIGH
Dog,Extra Large,13,Urban,498637,12673,8478,597756,HIGH
Dog,Medium,5,Semi-Urban,299085,8389,4346,358593,HIGH
Dog,Small,2,Semi-Urban,211740,8953,2913,257146,HIGH
Dog,Large,1,Semi-Urban,407651,10474,7148,489063,HIGH
Cat,Medium,5,Urban,300937,8904,5732,362908,HIGH
Dog,Extra Large,6,Urban,497444,9161,9068,593023,HIGH
Dog,Medium,5,Urban,301983,9485,4836,363749,HIGH
Cat,Large,1,Urban,409104,11354,6298,490769,HIGH
Dog,Extra Large,2,Urban,495824,9684,8216,590782,HIGH
Dog,Small,2,Urban,211003,9588,4131,258430,HIGH
Dog,Large,11,Urban,405481,13391,7490,490316,HIGH
Dog,Medium,4,Urban,300523,11181,4822,364004,HIGH
Cat,Large,11,Semi-Urban,403908,9823,7213,484085,HIGH
Dog,Medium,8,Semi-Urban,299742,8280,3854,358657,HIGH
Dog,Medium,4,Urban,299510,10504,5217,362515,HIGH
Dog,Medium,3,Urban,304871,10064,5298,368267,HIGH
Dog,Large,7,Urban,409035,9366,6299,488405,HIGH
Cat,Medium,2,Urban,299914,9837,5368,362386,HIGH
Dog,Medium,11,Urban,302417,14554,5702,371073,HIGH
Cat,Medium,9,Semi-Urban,300868,10601,5393,364391,HIGH
Dog,Medium,7,Urban,299234,10637,5211,362344,HIGH
Dog,Small,10,Semi-Urban,208290,12015,3609,257501,HIGH
Dog,Extra Large,6,Urban,499054,10802,8125,595678,HIGH
Cat,Medium,5,Urban,301379,10780,4552,364217,HIGH
Dog,Medium,8,Semi-Urban,302749,7707,5213,363019,HIGH
Dog,Medium,11,Semi-Urban,299589,10007,4716,361458,HIGH
Dog,Medium,12,Urban,302615,12486,4771,367852,HIGH
Dog,Extra Large,10,Semi-Urban,497363,10195,8445,593403,HIGH
Dog,Medium,12,Urban,301658,12338,4812,366629,HIGH
Dog,Medium,10,Semi-Urban,302838,10874,4577,366032,HIGH
Cat,Medium,7,Urban,302756,9744,5963,366232,HIGH
Dog,Medium,6,Urban,301787,8829,4823,362754,HIGH
Dog,Small,7,Urban,214260,10105,4460,263148,HIGH
Dog,Small,13,Semi-Urban,215945,10889,3895,265338,HIGH
Dog,Small,10,Urban,214303,13349,3384,265691,HIGH
Dog,Medium,8,Urban,302173,9217,5824,364796,HIGH
Dog,Medium,8,Urban,302852,10012,4787,365298,HIGH
Dog,Medium,7,Urban,302029,9432,5254,364222,HIGH
Dog,Small,6,Urban,214963,9343,3280,261723,HIGH
Dog,Small,4,Urban,213009,10705,3242,260999,HIGH
Dog,Large,2,Urban,407753,9620,6356,487288,HIGH
Dog,Large,1,Urban,407564,13543,6571,491829,HIGH
Dog,Extra Large,2,Urban,496745,9028,7954,590786,HIGH
Dog,Medium,8,Urban,305161,9921,4763,367821,HIGH
Dog,Medium,3,Urban,299832,10652,5596,363492,HIGH
Dog,Large,1,Semi-Urban,404177,10499,6540,484398,HIGH
Dog,Large,9,Urban,410493,14541,7837,497801,HIGH
Cat,Medium,10,Urban,304345,12352,4963,369909,HIGH
Cat,Small,12,Semi-Urban,212575,10321,4069,261009,HIGH
Cat,Large,2,Urban,406147,10433,5612,485520,HIGH
Cat,Large,13,Urban,409883,13483,7453,495441,HIGH
Cat,Medium,8,Semi-Urban,303390,8180,5206,364292,HIGH
Cat,Small,10,Semi-Urban,211459,11832,3153,260410,HIGH
Dog,Medium,13,Urban,299045,13415,5480,365631,HIGH
Cat,Medium,4,Semi-Urban,304051,6928,5720,364203,HIGH
Cat,Medium,7,Urban,304272,9339,5398,366860,HIGH
Dog,Large,12,Urban,409589,14433,7101,495791,HIGH
Dog,Small,3,Urban,214939,9917,3644,262775,HIGH
Dog,Medium,9,Semi-Urban,302336,10331,5200,365547,HIGH
Dog,Medium,8,Urban,300154,10001,4481,361831,HIGH
Cat,Medium,10,Urban,302249,11680,5843,367737,HIGH
Dog,Large,7,Urban,409110,10239,7273,490615,HIGH
Dog,Medium,5,Urban,301063,9065,5386,362841,HIGH
Dog,Medium,3,Urban,302102,8364,5273,363099,HIGH
Dog,Large,1,Urban,405602,12673,6886,488935,HIGH
Cat,Medium,1,Urban,299580,12230,5123,364472,HIGH
Dog,Extra Large,8,Urban,498832,8650,8289,593136,HIGH
Cat,Large,4,Urban,406479,10312,6567,486861,HIGH
Dog,Medium,4,Urban,303351,9478,4735,365198,HIGH
Dog,Extra Large,1,Urban,494360,13663,7224,592534,HIGH
Cat,Medium,13,Urban,302928,14392,4493,370084,HIGH
Cat,Large,1,Semi-Urban,406403,10813,6317,487062,HIGH
Dog,Large,8,Urban,410626,11134,5240,491050,HIGH
Dog,Small,10,Semi-Urban,211692,10430,3750,259752,HIGH
Dog,Small,6,Urban,210722,9484,3097,256798,HIGH
Dog,Large,6,Urban,408986,9440,5432,487436,HIGH
Dog,Medium,5,Urban,303970,10261,5791,368025,HIGH
Cat,Small,6,Urban,213540,10032,3316,260921,HIGH
Dog,Medium,5,Urban,300306,11427,4371,363519,HIGH
Dog,Medium,11,Urban,299871,12899,5192,365656,HIGH
Dog,Extra Large,4,Urban,497863,9583,8833,593720,HIGH
Dog,Large,3,Semi-Urban,404391,8407,6414,482093,HIGH
Cat,Medium,6,Urban,302169,9820,5154,364714,HIGH
Cat,Medium,6,Urban,301160,10502,4791,363920,HIGH
Dog,Medium,6,Urban,301706,9186,4973,363244,HIGH
Dog,Large,13,Urban,404542,13463,6990,488744,HIGH
Dog,Medium,5,Urban,300815,9606,4501,362160,HIGH
Dog,Medium,7,Urban,297449,9825,5585,359787,HIGH
Dog,Small,1,Urban,213571,13107,3916,265183,HIGH
Dog,Small,8,Semi-Urban,210616,6812,3401,253953,HIGH
Dog,Medium,4,Urban,301335,9734,5124,363621,HIGH
Dog,Large,4,Urban,412414,10446,6485,493746,HIGH
Cat,Small,4,Urban,213485,10766,3552,261973,HIGH
Cat,Medium,1,Semi-Urban,301721,10701,5207,365273,HIGH
Dog,Small,4,Urban,217041,9821,3751,265204,HIGH
Cat,Large,12,Urban,404726,13804,7367,489781,HIGH
Dog,Large,8,Semi-Urban,408198,8406,6662,486755,HIGH
Dog,Small,5,Semi-Urban,208433,7813,4332,253664,HIGH
Cat,Large,3,Semi-Urban,409479,7661,6316,486974,HIGH
Dog,Large,10,Urban,410476,14001,7367,496620,HIGH
Dog,Small,12,Urban,213373,12671,2939,263330,HIGH
Dog,Large,2,Urban,408435,8882,6741,487666,HIGH
Dog,Medium,12,Urban,303592,12741,4201,368614,HIGH
Dog,Large,5,Semi-Urban,408290,8740,7844,488605,HIGH
Dog,Small,9,Urban,213192,13582,3540,264861,HIGH
Dog,Large,1,Urban,408268,13480,6947,492999,HIGH
Dog,Large,7,Urban,410012,9334,6616,489856,HIGH
Dog,Small,8,Urban,214276,8731,3614,260614,HIGH
Cat,Large,10,Urban,411831,14967,6535,498332,HIGH
Dog,Large,10,Semi-Urban,411445,10352,7374,493546,HIGH
Dog,Large,9,Urban,405028,12455,6700,487810,HIGH
Dog,Large,7,Urban,410219,8944,6416,489415,HIGH
Dog,Extra Large,10,Semi-Urban,493468,10925,8254,589544,HIGH
Dog,Large,10,Urban,410121,12896,6967,494481,HIGH
Cat,Large,1,Urban,403865,12577,7700,487763,HIGH
Dog,Medium,3,Urban,305535,12142,5075,371164,HIGH
Dog,Extra Large,8,Semi-Urban,496144,7879,8654,589578,HIGH
Cat,Medium,12,Urban,300582,13769,4578,366768,HIGH
Dog,Large,9,Urban,406384,13146,6799,490278,HIGH
Cat,Medium,3,Urban,300499,10414,5075,363386,HIGH
Dog,Medium,8,Urban,300793,10060,5275,363547,HIGH
Dog,Small,1,Urban,214287,13022,3335,265240,HIGH
Dog,Large,8,Semi-Urban,409440,7506,7011,487550,HIGH
Dog,Small,10,Urban,209010,12968,3637,259457,HIGH
Dog,Medium,3,Urban,301784,9430,5805,364571,HIGH
Dog,Large,5,Semi-Urban,409696,8110,6944,488462,HIGH
Cat,Large,7,Urban,407743,8884,6492,486586,HIGH
Dog,Large,11,Urban,408803,11703,7246,491914,HIGH
Dog,Large,7,Urban,408313,10333,7748,490353,HIGH
Dog,Medium,9,Urban,301152,10738,4762,364149,HIGH
Dog,Small,5,Urban,214122,9534,3735,261499,HIGH
Dog,Medium,5,Semi-Urban,304508,6293,5195,363395,HIGH
Dog,Large,3,Semi-Urban,407566,7438,6391,484604,HIGH
Cat,Medium,5,Urban,300896,9052,4650,361787,HIGH
Dog,Medium,13,Semi-Urban,299848,10053,4945,362072,HIGH
Dog,Extra Large,6,Urban,497982,10092,6736,592031,HIGH
Dog,Small,10,Semi-Urban,212919,11912,2946,261943,HIGH
Dog,Large,11,Urban,407416,12274,6075,489629,HIGH
Dog,Medium,11,Urban,301031,12278,5157,366235,HIGH
Dog,Small,11,Urban,214081,13236,4207,266252,HIGH
Dog,Large,11,Urban,408181,13729,6977,493220,HIGH
Dog,Small,8,Semi-Urban,213566,8686,3916,260093,HIGH
Dog,Medium,3,Semi-Urban,299825,7993,5502,360318,HIGH
Dog,Medium,8,Semi-Urban,300372,7967,4899,360223,HIGH
Dog,Small,1,Urban,213910,11888,3801,264038,HIGH
Dog,Large,10,Urban,402633,14282,7027,487533,HIGH
Dog,Small,2,Urban,213919,9764,3647,261429,HIGH
Dog,Small,5,Urban,213961,9929,3662,261684,HIGH
Dog,Medium,9,Semi-Urban,302355,10957,4803,365832,HIGH
Dog,Large,4,Semi-Urban,410965,6672,7123,488474,HIGH
Dog,Small,4,Urban,213306,10220,3521,261104,HIGH
Dog,Small,6,Urban,211655,9972,3921,259380,HIGH
Dog,Large,1,Semi-Urban,409866,11151,7468,492757,HIGH
Dog,Medium,7,Urban,303549,9928,5668,367016,HIGH
Cat,Medium,6,Semi-Urban,299378,10494,4899,361986,HIGH
Dog,Medium,4,Urban,301091,10867,5233,364769,HIGH
Cat,Medium,11,Semi-Urban,302403,9528,5105,364591,HIGH
Cat,Medium,9,Urban,300053,12412,4845,364906,HIGH
Cat,Small,9,Semi-Urban,213857,11902,3682,263857,HIGH
Dog,Large,2,Semi-Urban,411472,7673,7436,490568,HIGH
Dog,Extra Large,10,Semi-Urban,498267,11543,8320,595849,HIGH
Dog,Medium,3,Urban,301339,10976,4143,363926,HIGH
Cat,Medium,5,Urban,298389,9509,5058,359899,HIGH
Dog,Small,3,Urban,214670,10791,3205,262965,HIGH
Dog,Extra Large,9,Urban,497839,12584,8484,596743,HIGH
Dog,Small,7,Urban,211741,9510,3441,258395,HIGH
Dog,Small,10,Semi-Urban,209701,11294,3455,258117,HIGH
Dog,Small,3,Urban,212778,10260,4194,261316,HIGH
Dog,Medium,9,Urban,305759,13421,5129,372955,HIGH
Cat,Medium,11,Urban,299005,12885,5207,364661,HIGH
Cat,Small,2,Semi-Urban,214179,7621,3310,258876,HIGH
Cat,Large,6,Urban,407849,10232,6750,488555,HIGH
Dog,Small,12,Urban,212370,13060,1900,261429,HIGH
Dog,Large,1,Urban,410187,15138,7020,497196,HIGH
Cat,Medium,9,Semi-Urban,303243,10848,5274,367269,HIGH
Dog,Medium,3,Urban,301625,10133,5939,365351,HIGH
Dog,Small,10,Urban,212640,12893,3639,263547,HIGH
Cat,Medium,12,Urban,301810,12288,4158,365994,HIGH
Dog,Large,3,Semi-Urban,408055,7580,7410,486501,HIGH
Dog,Medium,11,Urban,298168,13035,5449,364149,HIGH
Dog,Large,3,Urban,406537,12459,7407,490363,HIGH
Dog,Medium,12,Urban,300829,14266,5421,368593,HIGH
Cat,Medium,8,Urban,299090,10945,5879,363301,HIGH
Dog,Large,6,Semi-Urban,406923,7693,6282,484032,HIGH
Dog,Large,9,Urban,409835,12923,6132,493223,HIGH
Dog,Large,7,Semi-Urban,408890,7612,6532,486489,HIGH
Cat,Large,2,Semi-Urban,405434,7689,7084,483238,HIGH
Cat,Medium,2,Urban,302904,10346,4915,365889,HIGH
Dog,Large,11,Urban,410722,11934,7132,494256,HIGH
Dog,Large,2,Urban,410415,10140,6705,491349,HIGH
Dog,Large,11,Urban,411163,12992,6187,494893,HIGH
Cat,Large,10,Urban,410786,14352,7895,497987,HIGH
Cat,Extra Large,5,Semi-Urban,496447,8277,8716,590456,HIGH
Dog,Large,11,Semi-Urban,410976,10633,6991,492890,HIGH
Dog,Large,1,Urban,406924,14439,6747,492326,HIGH
Dog,Extra Large,3,Urban,498170,11086,9316,596357,HIGH
Dog,Large,7,Urban,409745,10733,7736,492446,HIGH
Dog,Extra Large,2,Urban,494798,10562,7867,590211,HIGH
Dog,Extra Large,2,Urban,496491,9336,7839,590715,HIGH
Dog,Large,2,Urban,405576,9747,6929,485589,HIGH
Dog,Extra Large,6,Urban,497307,10207,8951,593934,HIGH
Dog,Medium,3,Urban,300656,10421,4679,363119,HIGH
Dog,Large,2,Urban,408113,9753,7197,488822,HIGH
Dog,Large,11,Urban,410154,12316,6246,493023,HIGH
Dog,Medium,13,Semi-Urban,302742,8984,5422,364720,HIGH
Dog,Extra Large,1,Semi-Urban,496538,9593,8267,591557,HIGH
Dog,Large,11,Urban,409960,11801,6365,492344,HIGH
Cat,Medium,12,Semi-Urban,300321,10119,4582,362275,HIGH
Dog,Extra Large,11,Urban,496481,12838,8649,595663,HIGH
Cat,Extra Large,11,Urban,497296,14351,8254,597886,HIGH
Cat,Extra Large,1,Urban,498785,11940,7607,596081,HIGH
Dog,Medium,1,Semi-Urban,302165,11199,5677,366897,HIGH
Dog,Extra Large,3,Urban,499077,9694,9396,595892,HIGH
Dog,Large,3,Semi-Urban,408086,6673,7840,485988,HIGH
Dog,Medium,9,Urban,303904,13056,4891,370128,HIGH
Dog,Small,9,Urban,211574,14569,3579,264180,HIGH
Dog,Extra Large,10,Semi-Urban,493389,11154,9034,590613,HIGH
Dog,Medium,11,Urban,303526,12884,5385,370064,HIGH
Dog,Large,12,Urban,408388,12827,7203,492680,HIGH
Dog,Large,13,Semi-Urban,410512,10374,7220,492321,HIGH
Dog,Medium,3,Urban,304258,10231,4709,367077,HIGH
Dog,Extra Large,5,Urban,499105,10586,7886,595213,HIGH
Dog,Medium,10,Semi-Urban,299820,10814,5325,363352,HIGH
Dog,Large,3,Urban,406109,8716,7287,485428,HIGH
Dog,Medium,9,Urban,299164,12794,4000,363351,HIGH
Cat,Small,8,Urban,214492,9058,3445,261044,HIGH
Dog,Medium,9,Semi-Urban,300984,11521,5472,365673,HIGH
Dog,Small,8,Urban,212302,10546,3082,259819,HIGH
Dog,Medium,1,Urban,304273,12738,5568,370965,HIGH
Dog,Medium,3,Urban,300426,8906,4738,361180,HIGH
Cat,Medium,8,Urban,303418,10224,4519,365885,HIGH
Dog,Medium,11,Semi-Urban,299352,10203,5200,361968,HIGH
Dog,Large,1,Urban,405393,13741,6780,489801,HIGH
Dog,Large,3,Semi-Urban,406766,7603,7179,484780,HIGH
Dog,Medium,12,Urban,302710,12695,4853,368296,HIGH
Cat,Small,12,Urban,214324,13167,3626,265784,HIGH
Dog,Extra Large,4,Urban,500703,9801,8891,597304,HIGH
Dog,Small,1,Urban,212403,12558,4029,263338,HIGH
Dog,Large,3,Urban,409563,8771,6444,488494,HIGH
Dog,Large,1,Urban,409465,11938,6371,491940,HIGH
Dog,Large,13,Urban,407906,12949,6371,491309,HIGH
Dog,Large,4,Urban,408016,10336,7733,489997,HIGH
Dog,Extra Large,11,Urban,496338,12729,8504,595206,HIGH
Dog,Small,10,Urban,214491,13124,3950,266299,HIGH
Cat,Large,12,Urban,406636,11366,7588,489428,HIGH
Cat,Extra Large,4,Semi-Urban,494617,8158,8577,588054,HIGH
Dog,Large,8,Semi-Urban,410084,7585,7093,488476,HIGH
Cat,Large,11,Semi-Urban,409059,9381,7035,489296,HIGH
Dog,Small,1,Semi-Urban,217152,9628,3389,264694,HIGH
Cat,Medium,6,Semi-Urban,302434,7146,5465,362301,HIGH
Dog,Medium,1,Urban,301735,13638,4534,367893,HIGH
Dog,Medium,11,Semi-Urban,301448,10885,4473,364326,HIGH
Cat,Medium,11,Urban,299840,13340,5699,366710,HIGH
Dog,Medium,9,Urban,301931,13407,5040,368434,HIGH
Dog,Extra Large,9,Urban,499663,12013,8755,598495,HIGH
Dog,Large,1,Urban,411590,13179,6452,495904,HIGH
Dog,Medium,7,Urban,300939,10007,5779,364233,HIGH
Cat,Medium,3,Urban,302647,10068,5058,365438,HIGH
Dog,Medium,8,Urban,299527,10302,5401,362514,HIGH
Dog,Small,10,Urban,213479,13649,3717,265471,HIGH
Dog,Medium,12,Urban,302324,12727,5450,368576,HIGH
Dog,Medium,8,Urban,300798,9762,5183,363104,HIGH
Cat,Large,1,Urban,406840,12355,6830,489928,HIGH
Dog,Medium,9,Urban,300839,13903,4908,367597,HIGH
Dog,Medium,6,Semi-Urban,299246,8431,4842,359396,HIGH
Cat,Extra Large,13,Semi-Urban,502788,10791,8204,600050,HIGH
Dog,Large,5,Urban,407701,10655,7196,489384,HIGH
Cat,Medium,10,Semi-Urban,303088,10784,5029,366736,HIGH
Dog,Medium,11,Urban,298369,13889,5424,365334,HIGH
Dog,Small,9,Semi-Urban,212288,10721,4202,261292,HIGH
Dog,Large,3,Urban,407153,9923,7491,488252,HIGH
Dog,Small,2,Urban,209825,10900,3030,257318,HIGH
Cat,Large,13,Urban,407322,13602,6430,491457,HIGH
Dog,Medium,7,Urban,302511,10412,5400,366071,HIGH
Cat,Large,12,Semi-Urban,407238,10558,6259,487663,HIGH
Dog,Small,7,Urban,212078,8612,4501,258969,HIGH
Cat,Small,6,Urban,211039,9253,3814,257721,HIGH
Dog,Medium,7,Urban,302610,10868,6528,368006,HIGH
Dog,Medium,9,Urban,302802,13293,4809,369039,HIGH
Dog,Medium,7,Urban,301589,10448,5107,364715,HIGH
Cat,Medium,2,Urban,300872,10887,5412,364746,HIGH
Dog,Extra Large,12,Semi-Urban,493895,9062,8622,588315,HIGH
Dog,Small,6,Semi-Urban,211904,8012,3571,257010,HIGH
Dog,Large,10,Semi-Urban,406615,10535,6981,487750,HIGH
Dog,Medium,12,Urban,302278,12722,5207,368238,HIGH
Dog,Small,1,Semi-Urban,212976,11353,4502,263155,HIGH
Dog,Large,6,Urban,410725,9337,6626,490691,HIGH
Cat,Large,5,Urban,411366,10034,6298,491852,HIGH
Dog,Medium,1,Urban,302996,12384,4295,367626,HIGH
Dog,Extra Large,7,Semi-Urban,497829,8992,8305,592394,HIGH
Dog,Medium,5,Urban,298472,9433,4445,359202,HIGH
Dog,Small,11,Urban,210854,13608,3414,262057,HIGH
Dog,Medium,1,Semi-Urban,303612,10353,4565,366309,HIGH
Dog,Medium,10,Urban,299196,13949,5481,366419,HIGH
Dog,Extra Large,11,Semi-Urban,497769,11106,9046,595609,HIGH
Cat,Small,9,Urban,216518,12942,3557,267969,HIGH
Dog,Medium,10,Semi-Urban,303352,11557,5404,368359,HIGH
Dog,Extra Large,4,Semi-Urban,495202,7901,8995,588912,HIGH
Dog,Large,6,Semi-Urban,409428,7436,5741,485995,HIGH
Cat,Medium,8,Semi-Urban,299306,8397,4264,358762,HIGH
Dog,Medium,6,Urban,300986,9186,4825,362246,HIGH
Dog,Large,13,Semi-Urban,405804,11584,7268,488354,HIGH
Dog,Large,10,Urban,410361,12845,7392,495187,HIGH
Dog,Medium,9,Semi-Urban,302294,11098,4867,365997,HIGH
Dog,Large,10,Urban,408599,12961,7987,493979,HIGH
Dog,Medium,13,Urban,305550,12422,5412,371891,HIGH
Dog,Small,3,Urban,217053,11020,3393,266185,HIGH
Dog,Medium,7,Semi-Urban,302041,7542,5092,361876,HIGH
Dog,Large,12,Semi-Urban,404966,10236,6638,485116,HIGH
Dog,Large,5,Semi-Urban,408565,9872,6950,489195,HIGH
Dog,Small,10,Urban,216113,12488,3250,266628,HIGH
Cat,Small,10,Urban,213166,13885,3385,265001,HIGH
Cat,Medium,6,Urban,301917,9139,4458,362841,HIGH
Dog,Large,5,Semi-Urban,410553,6816,6741,487726,HIGH
Dog,Medium,10,Urban,304715,11992,5488,370524,HIGH
Dog,Extra Large,1,Semi-Urban,497536,8739,9157,592746,HIGH
Dog,Medium,13,Urban,296062,12920,4738,360778,HIGH
Dog,Medium,1,Urban,302906,11768,5801,368546,HIGH
Dog,Medium,7,Urban,303974,10633,4417,366877,HIGH
Dog,Small,4,Urban,214412,9867,4099,262634,HIGH
Dog,Medium,13,Urban,304158,12485,5022,369914,HIGH
Dog,Large,3,Urban,408807,9886,6749,489258,HIGH
Dog,Small,12,Urban,213325,12277,3693,263689,HIGH
Dog,Medium,9,Urban,301365,13079,5263,367663,HIGH
Dog,Medium,5,Urban,303427,8059,4348,363209,HIGH
Dog,Medium,6,Urban,298460,9988,4600,360005,HIGH
Dog,Medium,13,Urban,301863,12699,5710,368312,HIGH
Dog,Small,6,Urban,213368,10068,4387,261996,HIGH
Dog,Medium,13,Urban,298795,11840,5496,363550,HIGH
Dog,Small,5,Urban,212576,10122,3310,259909,HIGH
Cat,Small,4,Urban,218561,10535,4307,268413,HIGH
Dog,Medium,11,Urban,302389,13239,5108,368846,HIGH
Dog,Large,3,Urban,408910,9195,7044,488921,HIGH
Dog,Large,5,Urban,408163,10479,7410,489959,HIGH
Dog,Medium,9,Semi-Urban,299690,10871,4891,362769,HIGH
Cat,Large,1,Semi-Urban,408074,8095,7032,486681,HIGH
Dog,Medium,10,Semi-Urban,303976,9232,5249,366225,HIGH
Dog,Medium,6,Urban,304422,9094,4897,366174,HIGH
Dog,Large,10,Urban,409225,12781,7486,493915,HIGH
Cat,Medium,6,Urban,302595,9347,5274,364798,HIGH
Dog,Large,5,Urban,409703,9417,7508,490622,HIGH
Cat,Extra Large,3,Urban,493031,9458,7750,586774,HIGH
Cat,Extra Large,7,Urban,492558,10838,8370,588530,HIGH
Cat,Large,6,Semi-Urban,410383,8536,7012,489820,HIGH
Dog,Large,7,Urban,404905,9703,6785,484601,HIGH
Dog,Medium,9,Urban,300754,14979,5266,369148,HIGH
Dog,Extra Large,11,Semi-Urban,496178,10521,7741,591606,HIGH
Dog,Large,9,Urban,409657,12448,7906,494512,HIGH
Cat,Small,1,Semi-Urban,212014,10288,4016,260265,HIGH
Dog,Extra Large,11,Semi-Urban,494461,9015,8918,589253,HIGH
Dog,Medium,4,Urban,303748,10188,4330,366005,HIGH
Dog,Medium,2,Urban,303559,9637,5501,366501,HIGH
Dog,Medium,13,Semi-Urban,296660,10128,4935,358481,HIGH
Dog,Medium,1,Urban,301763,13413,4673,367826,HIGH
Dog,Medium,1,Urban,298525,12020,5979,364002,HIGH
Cat,Medium,2,Urban,304772,9852,4987,367552,HIGH
Dog,Large,2,Urban,408833,9499,6799,488900,HIGH
Dog,Large,4,Urban,407443,10519,6941,488638,HIGH
Dog,Large,10,Semi-Urban,409464,10279,7159,490937,HIGH
Cat,Large,13,Urban,410240,12640,5987,493197,HIGH
Dog,Large,13,Urban,412191,12323,6866,496087,HIGH
Cat,Large,5,Urban,407428,10288,7119,488560,HIGH
Cat,Medium,6,Urban,300502,10570,5531,364093,HIGH
Dog,Extra Large,9,Urban,495576,12170,7981,593086,HIGH
Dog,Large,5,Urban,409209,11266,6731,491286,HIGH
Dog,Small,10,Semi-Urban,214058,10184,3113,261458,HIGH
Dog,Large,9,Urban,411607,14365,6738,497616,HIGH
Dog,Medium,4,Urban,305154,10387,4755,368340,HIGH
Dog,Medium,8,Urban,301450,10342,4988,364297,HIGH
Dog,Small,3,Urban,211305,10279,3604,258966,HIGH
Dog,Small,9,Urban,215465,12754,3964,267010,HIGH
Dog,Large,7,Urban,404436,10574,6633,484889,HIGH
Dog,Small,2,Urban,215549,10900,4205,265252,HIGH
Dog,Medium,7,Urban,303596,9367,5475,366203,HIGH
Cat,Medium,8,Urban,298515,12252,6105,364402,HIGH
Dog,Small,8,Urban,214891,10260,3154,262550,HIGH
Cat,Large,6,Semi-Urban,407540,8131,6894,485949,HIGH
Cat,Large,11,Urban,409015,13633,6140,493106,HIGH
Dog,Medium,6,Urban,303093,10965,5282,367241,HIGH
Dog,Extra Large,8,Semi-Urban,497066,7274,9524,590943,HIGH
Dog,Medium,7,Semi-Urban,300440,6485,5350,359116,HIGH
Dog,Large,10,Urban,406850,13484,7242,491712,HIGH
Cat,Medium,13,Urban,302360,13027,5050,368502,HIGH
Dog,Small,3,Urban,213197,10131,3818,261217,HIGH
Dog,Large,8,Urban,408261,10370,7490,490039,HIGH
Dog,Large,1,Urban,409165,12459,6586,492441,HIGH
Dog,Extra Large,3,Semi-Urban,499524,8043,7793,592664,HIGH
Dog,Medium,7,Urban,300505,9572,5545,362965,HIGH
Dog,Large,11,Urban,406920,13623,7718,492500,HIGH
Cat,Medium,9,Semi-Urban,303269,10430,5015,366521,HIGH
Cat,Large,10,Urban,411709,13782,6633,496942,HIGH
Dog,Small,11,Urban,214197,12715,2765,264128,HIGH
Dog,Large,6,Semi-Urban,412183,9276,7141,492890,HIGH
Cat,Small,10,Urban,213751,11344,4172,263657,HIGH
Dog,Small,3,Semi-Urban,211205,9360,3990,258238,HIGH
Dog,Small,7,Semi-Urban,213292,8709,3297,259092,HIGH
Dog,Small,6,Urban,215924,9364,3484,263087,HIGH
Cat,Medium,9,Urban,301313,11615,4367,364889,HIGH
Cat,Medium,3,Semi-Urban,302748,7136,3920,360874,HIGH
Dog,Medium,1,Urban,300576,13400,5120,366960,HIGH
Cat,Medium,4,Urban,304727,9522,4217,366235,HIGH
Cat,Medium,4,Urban,305529,9049,6135,368819,HIGH
Cat,Small,3,Semi-Urban,210281,8203,3514,255297,HIGH
Dog,Small,1,Urban,216901,12668,4033,268642,HIGH
Dog,Small,9,Urban,215921,12117,3453,266214,HIGH
